WkrNr;Wahlkreis;Wahlb. insges.;Wählerinnen /Wähler;Gültige Stimmen;Dr. Weyland,Bernadette;Feldmann,Peter;Dr. Eskandari-Grünberg,Nargess;Wißler,Janine;Wehnemann,Nico;Weingärtner,Michael;Yang,Ming;Stein,Volker;Dr. Herrschaft,Felicia;Schloberg,Karsten;Wünsch,Juli;Fischer,Hein;
;;;;;;;;;;;;;;;;;
;Stadtteil Altstadt;;;;;;;;;;;;;;;;
01001;Stadthaus;1.450;443;440;108;178;33;61;10;6;2;36;0;4;2;0;
 ; in %; ;34,8;99,3;24,5;40,5;7,5;13,9;2,3;1,4;0,5;8,2;0,0;0,9;0,5;0,0;
01002;Stadthaus;1.322;312;312;74;137;23;21;4;8;5;33;0;7;0;0;
 ; in %; ;26,2;100;23,7;43,9;7,4;6,7;1,3;2,6;1,6;10,6;0,0;2,2;0,0;0,0;
90100;Briefwahl Altstadt;0;280;278;87;112;31;22;3;2;1;16;1;2;0;1;
 ; in %; ;0,0;99,3;31,3;40,3;11,2;7,9;1,1;0,7;0,4;5,8;0,4;0,7;0,0;0,4;
;Stadtteil Altstadt ges.;2.772;1.035;1.030;269;427;87;104;17;16;8;85;1;13;2;1;
 ; in %; ;37,3;99,5;26,1;41,5;8,4;10,1;1,7;1,6;0,8;8,3;0,1;1,3;0,2;0,1;
;;;;;;;;;;;;;;;;;
;Stadtteil Bergen-Enkheim;;;;;;;;;;;;;;;;
68001;Schule am Landgraben;1.379;489;486;125;212;49;35;5;8;1;46;0;4;0;1;
 ; in %; ;39,9;99,4;25,7;43,6;10,1;7,2;1,0;1,6;0,2;9,5;0,0;0,8;0,0;0,2;
68002;Schule am Landgraben;1.320;367;367;124;130;28;35;3;5;1;36;0;3;2;0;
 ; in %; ;33,5;100;33,8;35,4;7,6;9,5;0,8;1,4;0,3;9,8;0,0;0,8;0,5;0,0;
68003;Saalbau Stadthalle Bergen;1.477;516;514;120;254;44;27;4;11;0;47;1;6;0;0;
 ; in %; ;39,4;99,6;23,3;49,4;8,6;5,3;0,8;2,1;0,0;9,1;0,2;1,2;0,0;0,0;
68004;Saalbau Stadthalle Bergen;1.357;468;465;146;205;35;30;5;5;2;30;1;4;0;2;
 ; in %; ;39,1;99,4;31,4;44,1;7,5;6,5;1,1;1,1;0,4;6,5;0,2;0,9;0,0;0,4;
68005;Ev. Kirche Bergen-Enkheim;1.356;480;476;198;158;33;23;8;6;1;44;0;2;1;2;
 ; in %; ;41,6;99,2;41,6;33,2;6,9;4,8;1,7;1,3;0,2;9,2;0,0;0,4;0,2;0,4;
68006;Schule am Ried;1.216;413;412;112;197;28;30;0;8;0;35;0;2;0;0;
 ; in %; ;39,0;99,8;27,2;47,8;6,8;7,3;0,0;1,9;0,0;8,5;0,0;0,5;0,0;0,0;
68007;Schule am Ried;1.281;363;359;85;179;30;23;0;4;2;30;3;1;2;0;
 ; in %; ;32,4;98,9;23,7;49,9;8,4;6,4;0,0;1,1;0,6;8,4;0,8;0,3;0,6;0,0;
68008;Saalbau Volkshaus Enkheim;1.491;417;413;79;230;22;32;7;7;3;27;1;5;0;0;
 ; in %; ;30,6;99,0;19,1;55,7;5,3;7,7;1,7;1,7;0,7;6,5;0,2;1,2;0,0;0,0;
68009;Saalbau Volkshaus Enkheim;1.231;321;321;84;144;11;16;2;14;1;44;1;2;2;0;
 ; in %; ;29,1;100;26,2;44,9;3,4;5,0;0,6;4,4;0,3;13,7;0,3;0,6;0,6;0,0;
68010;Frankfurter Volksbank;1.323;437;433;129;210;28;25;4;5;1;25;0;6;0;0;
 ; in %; ;37,0;99,1;29,8;48,5;6,5;5,8;0,9;1,2;0,2;5,8;0,0;1,4;0,0;0,0;
94601;Briefwahl Bergen-Enkheim;0;498;497;173;232;32;15;6;5;0;31;0;3;0;0;
 ; in %; ;0,0;99,8;34,8;46,7;6,4;3,0;1,2;1,0;0,0;6,2;0,0;0,6;0,0;0,0;
94602;Briefwahl Bergen-Enkheim;0;484;481;193;164;41;10;6;10;4;51;2;0;0;0;
 ; in %; ;0,0;99,4;40,1;34,1;8,5;2,1;1,2;2,1;0,8;10,6;0,4;0,0;0,0;0,0;
94603;Briefwahl Bergen-Enkheim;0;521;518;133;268;25;33;6;15;6;29;0;0;3;0;
 ; in %; ;0,0;99,4;25,7;51,7;4,8;6,4;1,2;2,9;1,2;5,6;0,0;0,0;0,6;0,0;
;Stadtteil Bergen-Enkheim ges.;13.431;5.774;5.742;1.701;2.583;406;334;56;103;22;475;9;38;10;5;
 ; in %; ;43,0;99,4;29,6;45,0;7,1;5,8;1,0;1,8;0,4;8,3;0,2;0,7;0,2;0,1;
;;;;;;;;;;;;;;;;;
;Stadtteil Berkersheim;;;;;;;;;;;;;;;;
50001;Berkersheimer Schule;1.202;445;441;107;228;26;32;6;7;1;33;1;0;0;0;
 ; in %; ;43,4;99,1;24,3;51,7;5,9;7,3;1,4;1,6;0,2;7,5;0,2;0,0;0,0;0,0;
50002;Berkersheimer Schule;1.405;395;393;86;187;40;38;2;8;0;28;1;2;0;1;
 ; in %; ;31,7;99,5;21,9;47,6;10,2;9,7;0,5;2,0;0,0;7,1;0,3;0,5;0,0;0,3;
93200;Briefwahl Berkersheim;0;297;295;111;100;21;28;2;10;1;18;0;3;1;0;
 ; in %; ;0,0;99,3;37,6;33,9;7,1;9,5;0,7;3,4;0,3;6,1;0,0;1,0;0,3;0,0;
;Stadtteil Berkersheim ges.;2.607;1.137;1.129;304;515;87;98;10;25;2;79;2;5;1;1;
 ; in %; ;43,6;99,3;26,9;45,6;7,7;8,7;0,9;2,2;0,2;7,0;0,2;0,4;0,1;0,1;
;;;;;;;;;;;;;;;;;
;Stadtteil Bockenheim;;;;;;;;;;;;;;;;
16301;Haus Kuhwald;1.715;399;396;50;228;39;26;5;6;1;32;1;3;5;0;
 ; in %; ;24,9;99,2;12,6;57,6;9,8;6,6;1,3;1,5;0,3;8,1;0,3;0,8;1,3;0,0;
16302;Residenz Rebstockpark;1.162;384;384;123;161;41;18;2;5;5;25;0;3;1;0;
 ; in %; ;36,9;100;32,0;41,9;10,7;4,7;0,5;1,3;1,3;6,5;0,0;0,8;0,3;0,0;
16303;Viktoria-Luise-Schule;1.093;319;319;99;134;27;15;4;3;3;25;0;7;1;1;
 ; in %; ;32,0;100;31,0;42,0;8,5;4,7;1,3;0,9;0,9;7,8;0,0;2,2;0,3;0,3;
34101;Bonifatiusschule;1.256;337;336;62;138;58;46;6;5;3;14;2;0;2;0;
 ; in %; ;29,7;99,7;18,5;41,1;17,3;13,7;1,8;1,5;0,9;4,2;0,6;0,0;0,6;0,0;
34102;Bonifatiusschule;1.296;416;414;57;186;50;96;9;2;1;6;1;5;1;0;
 ; in %; ;35,9;99,5;13,8;44,9;12,1;23,2;2,2;0,5;0,2;1,4;0,2;1,2;0,2;0,0;
34103;Bonifatiusschule;1.059;312;310;52;129;41;59;8;4;1;14;0;1;1;0;
 ; in %; ;33,3;99,4;16,8;41,6;13,2;19,0;2,6;1,3;0,3;4,5;0,0;0,3;0,3;0,0;
34201;Hessenkolleg;670;150;147;24;87;4;10;1;3;0;15;0;1;1;1;
 ; in %; ;23,2;98,0;16,3;59,2;2,7;6,8;0,7;2,0;0,0;10,2;0,0;0,7;0,7;0,7;
34202;Georg-Büchner-Schule;1.157;249;249;55;101;40;15;2;5;4;20;0;6;0;1;
 ; in %; ;24,7;100;22,1;40,6;16,1;6,0;0,8;2,0;1,6;8,0;0,0;2,4;0,0;0,4;
34203;Georg-Büchner-Schule;1.654;320;315;65;132;40;41;5;7;2;17;3;3;0;0;
 ; in %; ;21,2;98,4;20,6;41,9;12,7;13,0;1,6;2,2;0,6;5,4;1,0;1,0;0,0;0,0;
34301;Chemetall Kantine;1.647;404;402;77;188;34;66;0;9;2;19;2;4;0;1;
 ; in %; ;26,8;99,5;19,2;46,8;8,5;16,4;0,0;2,2;0,5;4,7;0,5;1,0;0,0;0,2;
35001;Saalbau Bürgerhaus Bockenheim;1.386;297;297;39;145;37;52;6;3;1;11;3;0;0;0;
 ; in %; ;23,7;100;13,1;48,8;12,5;17,5;2,0;1,0;0,3;3,7;1,0;0,0;0,0;0,0;
35002;Saalbau Bürgerhaus Bockenheim;1.256;430;428;46;241;48;54;2;9;1;17;0;9;1;0;
 ; in %; ;38,3;99,5;10,7;56,3;11,2;12,6;0,5;2,1;0,2;4,0;0,0;2,1;0,2;0,0;
35003;Pflegeheim Bockenheim;1.148;324;323;46;141;44;68;3;4;0;10;1;5;0;1;
 ; in %; ;30,7;99,7;14,2;43,7;13,6;21,1;0,9;1,2;0,0;3,1;0,3;1,5;0,0;0,3;
35004;Diakonie Hessen;1.466;371;368;58;171;50;65;9;6;0;6;0;1;1;1;
 ; in %; ;26,8;99,2;15,8;46,5;13,6;17,7;2,4;1,6;0,0;1,6;0,0;0,3;0,3;0,3;
36101;Titania;1.274;515;514;67;232;94;90;3;10;1;14;0;1;1;1;
 ; in %; ;45,4;99,8;13,0;45,1;18,3;17,5;0,6;1,9;0,2;2,7;0,0;0,2;0,2;0,2;
36102;Titania;1.422;549;546;67;244;84;111;14;4;1;13;1;6;1;0;
 ; in %; ;43,5;99,5;12,3;44,7;15,4;20,3;2,6;0,7;0,2;2,4;0,2;1,1;0,2;0,0;
36103;Max-Beckmann-Schule;1.643;553;550;95;259;92;73;8;7;1;9;0;6;0;0;
 ; in %; ;38,7;99,5;17,3;47,1;16,7;13,3;1,5;1,3;0,2;1,6;0,0;1,1;0,0;0,0;
36201;Max-Beckmann-Schule;1.255;331;329;140;82;40;34;6;4;2;21;0;0;0;0;
 ; in %; ;31,5;99,4;42,6;24,9;12,2;10,3;1,8;1,2;0,6;6,4;0,0;0,0;0,0;0,0;
36202;Max-Beckmann-Schule;1.371;586;582;177;245;64;45;5;11;2;32;0;1;0;0;
 ; in %; ;50,1;99,3;30,4;42,1;11,0;7,7;0,9;1,9;0,3;5,5;0,0;0,2;0,0;0,0;
36203;Max-Beckmann-Schule;1.030;357;356;63;169;49;58;5;6;1;5;0;0;0;0;
 ; in %; ;41,5;99,7;17,7;47,5;13,8;16,3;1,4;1,7;0,3;1,4;0,0;0,0;0,0;0,0;
36204;Ev. Gemeinde Bockenheim;1.130;357;356;47;195;40;59;3;2;1;8;0;1;0;0;
 ; in %; ;34,4;99,7;13,2;54,8;11,2;16,6;0,8;0,6;0,3;2,2;0,0;0,3;0,0;0,0;
91201;Briefwahl Bockenheim;0;293;293;102;114;28;15;2;9;7;13;0;3;0;0;
 ; in %; ;0,0;100;34,8;38,9;9,6;5,1;0,7;3,1;2,4;4,4;0,0;1,0;0,0;0,0;
91202;Briefwahl Bockenheim;0;342;342;65;134;66;49;2;8;3;8;1;6;0;0;
 ; in %; ;0,0;100;19,0;39,2;19,3;14,3;0,6;2,3;0,9;2,3;0,3;1,8;0,0;0,0;
91203;Briefwahl Bockenheim;0;276;273;95;92;35;13;5;7;4;15;0;4;2;1;
 ; in %; ;0,0;98,9;34,8;33,7;12,8;4,8;1,8;2,6;1,5;5,5;0,0;1,5;0,7;0,4;
91204;Briefwahl Bockenheim;0;416;416;68;201;61;53;4;5;4;17;0;3;0;0;
 ; in %; ;0,0;100;16,3;48,3;14,7;12,7;1,0;1,2;1,0;4,1;0,0;0,7;0,0;0,0;
91205;Briefwahl Bockenheim;0;469;469;101;201;74;60;12;6;3;9;1;2;0;0;
 ; in %; ;0,0;100;21,5;42,9;15,8;12,8;2,6;1,3;0,6;1,9;0,2;0,4;0,0;0,0;
91206;Briefwahl Bockenheim;0;369;369;206;97;29;13;1;3;1;16;0;3;0;0;
 ; in %; ;0,0;100;55,8;26,3;7,9;3,5;0,3;0,8;0,3;4,3;0,0;0,8;0,0;0,0;
91207;Briefwahl Bockenheim;0;252;249;58;99;40;35;0;8;1;6;0;0;2;0;
 ; in %; ;0,0;98,8;23,3;39,8;16,1;14,1;0,0;3,2;0,4;2,4;0,0;0,0;0,8;0,0;
;Stadtteil Bockenheim ges.;27.090;10.377;10.332;2.204;4.546;1.349;1.339;132;161;56;417;16;84;20;8;
 ; in %; ;38,3;99,6;21,3;44,0;13,1;13,0;1,3;1,6;0,5;4,0;0,2;0,8;0,2;0,1;
;;;;;;;;;;;;;;;;;
;Stadtteil Bonames;;;;;;;;;;;;;;;;
49101;August-Jaspert-Schule;1.476;528;520;87;290;36;43;3;11;3;34;3;6;4;0;
 ; in %; ;39,4;98,5;16,7;55,8;6,9;8,3;0,6;2,1;0,6;6,5;0,6;1,2;0,8;0,0;
49102;August-Jaspert-Schule;1.607;499;492;114;263;29;30;0;15;0;34;1;1;5;0;
 ; in %; ;33,4;98,6;23,2;53,5;5,9;6,1;0,0;3,0;0,0;6,9;0,2;0,2;1,0;0,0;
49103;August-Jaspert-Schule;1.384;253;252;42;161;11;14;2;3;0;16;0;2;1;0;
 ; in %; ;19,4;99,6;16,7;63,9;4,4;5,6;0,8;1,2;0,0;6,3;0,0;0,8;0,4;0,0;
93100;Briefwahl Bonames;0;286;285;68;148;16;22;2;7;5;14;0;2;0;1;
 ; in %; ;0,0;99,7;23,9;51,9;5,6;7,7;0,7;2,5;1,8;4,9;0,0;0,7;0,0;0,4;
;Stadtteil Bonames ges.;4.467;1.566;1.549;311;862;92;109;7;36;8;98;4;11;10;1;
 ; in %; ;35,1;98,9;20,1;55,6;5,9;7,0;0,5;2,3;0,5;6,3;0,3;0,7;0,6;0,1;
;;;;;;;;;;;;;;;;;
;Stadtteil Bornheim;;;;;;;;;;;;;;;;
24001;Altentagesstätte der AWO;1.096;370;369;58;170;62;57;7;2;0;11;1;1;0;0;
 ; in %; ;37,2;99,7;15,7;46,1;16,8;15,4;1,9;0,5;0,0;3,0;0,3;0,3;0,0;0,0;
24002;Altentagesstätte der AWO;1.178;417;415;95;186;53;51;6;4;2;16;0;1;1;0;
 ; in %; ;39,7;99,5;22,9;44,8;12,8;12,3;1,4;1,0;0,5;3,9;0,0;0,2;0,2;0,0;
27101;Louise-von-Rothschild-Schule;1.603;625;623;77;305;104;89;15;4;0;13;3;8;5;0;
 ; in %; ;43,7;99,7;12,4;49,0;16,7;14,3;2,4;0,6;0,0;2,1;0,5;1,3;0,8;0,0;
27102;Louise-von-Rothschild-Schule;1.392;474;473;73;229;69;66;5;2;2;13;1;11;2;0;
 ; in %; ;40,0;99,8;15,4;48,4;14,6;14,0;1,1;0,4;0,4;2,7;0,2;2,3;0,4;0,0;
27201;Ev. Kirchengemeinde Bornheim;1.406;388;385;47;236;27;46;1;3;1;18;1;5;0;0;
 ; in %; ;30,3;99,2;12,2;61,3;7,0;11,9;0,3;0,8;0,3;4,7;0,3;1,3;0,0;0,0;
27202;Ev. Kirchengemeinde Bornheim;1.551;509;505;61;276;61;67;7;7;0;17;2;4;3;0;
 ; in %; ;36,3;99,2;12,1;54,7;12,1;13,3;1,4;1,4;0,0;3,4;0,4;0,8;0,6;0,0;
27203;Kirchnerschule;1.226;467;463;83;238;66;52;11;5;1;5;0;2;0;0;
 ; in %; ;42,8;99,1;17,9;51,4;14,3;11,2;2,4;1,1;0,2;1,1;0,0;0,4;0,0;0,0;
27204;Luisenhof Kantine der FES;1.752;461;456;60;255;62;42;7;2;1;19;2;2;3;1;
 ; in %; ;29,2;98,9;13,2;55,9;13,6;9,2;1,5;0,4;0,2;4,2;0,4;0,4;0,7;0,2;
27205;Valentin-Senger-Schule;998;396;393;78;208;38;32;6;5;1;18;1;2;4;0;
 ; in %; ;43,4;99,2;19,8;52,9;9,7;8,1;1,5;1,3;0,3;4,6;0,3;0,5;1,0;0,0;
28101;Haus Saalburg;1.449;483;480;76;260;48;61;5;5;3;19;0;2;1;0;
 ; in %; ;37,1;99,4;15,8;54,2;10,0;12,7;1,0;1,0;0,6;4,0;0,0;0,4;0,2;0,0;
28102;St. Josef-Gemeinde;1.309;439;438;83;251;29;34;5;4;4;22;1;3;0;2;
 ; in %; ;36,7;99,8;18,9;57,3;6,6;7,8;1,1;0,9;0,9;5,0;0,2;0,7;0,0;0,5;
28103;Theater Grüne Sosse;1.561;522;519;81;299;33;61;4;4;1;23;1;7;5;0;
 ; in %; ;37,1;99,4;15,6;57,6;6,4;11,8;0,8;0,8;0,2;4,4;0,2;1,3;1,0;0,0;
28201;Brüder-Grimm-Schule;1.171;356;354;48;209;32;33;5;3;0;21;0;3;0;0;
 ; in %; ;33,4;99,4;13,6;59,0;9,0;9,3;1,4;0,8;0,0;5,9;0,0;0,8;0,0;0,0;
28202;Stauffenbergschule;1.301;467;464;78;208;76;67;9;1;0;18;1;4;2;0;
 ; in %; ;41,4;99,4;16,8;44,8;16,4;14,4;1,9;0,2;0,0;3,9;0,2;0,9;0,4;0,0;
28203;Stauffenbergschule;1.378;510;507;85;230;65;85;10;4;1;21;1;4;0;1;
 ; in %; ;42,2;99,4;16,8;45,4;12,8;16,8;2,0;0,8;0,2;4,1;0,2;0,8;0,0;0,2;
29001;Kirchnerschule;1.023;360;358;68;191;17;35;4;10;2;28;0;2;1;0;
 ; in %; ;40,1;99,4;19,0;53,4;4,7;9,8;1,1;2,8;0,6;7,8;0,0;0,6;0,3;0,0;
29002;AWO Altentagesstätte;838;268;268;46;156;23;16;2;2;2;14;1;6;0;0;
 ; in %; ;35,7;100;17,2;58,2;8,6;6,0;0,7;0,7;0,7;5,2;0,4;2,2;0,0;0,0;
90901;Briefwahl Bornheim;0;213;212;61;89;26;11;5;5;1;14;0;0;0;0;
 ; in %; ;0,0;99,5;28,8;42,0;12,3;5,2;2,4;2,4;0,5;6,6;0,0;0,0;0,0;0,0;
90902;Briefwahl Bornheim;0;346;346;72;162;45;39;5;5;0;9;1;8;0;0;
 ; in %; ;0,0;100;20,8;46,8;13,0;11,3;1,4;1,4;0,0;2,6;0,3;2,3;0,0;0,0;
90903;Briefwahl Bornheim;0;368;368;54;204;35;31;6;8;4;21;0;3;0;2;
 ; in %; ;0,0;100;14,7;55,4;9,5;8,4;1,6;2,2;1,1;5,7;0,0;0,8;0,0;0,5;
90904;Briefwahl Bornheim;0;444;443;95;196;69;39;8;5;2;23;1;4;1;0;
 ; in %; ;0,0;99,8;21,4;44,2;15,6;8,8;1,8;1,1;0,5;5,2;0,2;0,9;0,2;0,0;
90905;Briefwahl Bornheim;0;380;378;84;190;34;34;3;6;1;22;0;4;0;0;
 ; in %; ;0,0;99,5;22,2;50,3;9,0;9,0;0,8;1,6;0,3;5,8;0,0;1,1;0,0;0,0;
90906;Briefwahl Bornheim;0;419;416;95;206;43;36;10;5;2;13;3;2;1;0;
 ; in %; ;0,0;99,3;22,8;49,5;10,3;8,7;2,4;1,2;0,5;3,1;0,7;0,5;0,2;0,0;
;Stadtteil Bornheim ges.;22.232;9.682;9.633;1.658;4.954;1.117;1.084;146;101;31;398;21;88;29;6;
 ; in %; ;43,5;99,5;17,2;51,4;11,6;11,3;1,5;1,0;0,3;4,1;0,2;0,9;0,3;0,1;
;;;;;;;;;;;;;;;;;
;Stadtteil Dornbusch;;;;;;;;;;;;;;;;
44201;Astrid-Lindgren-Schule;959;309;306;57;165;18;33;2;3;4;17;0;7;0;0;
 ; in %; ;35,3;99,0;18,6;53,9;5,9;10,8;0,7;1,0;1,3;5,6;0,0;2,3;0,0;0,0;
44202;Franz-Böhm-Schule;1.422;528;525;234;181;46;26;4;7;5;18;0;4;0;0;
 ; in %; ;44,5;99,4;44,6;34,5;8,8;5,0;0,8;1,3;1,0;3,4;0,0;0,8;0,0;0,0;
44203;Franz-Böhm-Schule;1.531;544;542;181;212;59;39;6;4;7;23;1;10;0;0;
 ; in %; ;43,8;99,6;33,4;39,1;10,9;7,2;1,1;0,7;1,3;4,2;0,2;1,8;0,0;0,0;
44204;Franz-Böhm-Schule;865;285;284;75;119;33;36;1;3;0;14;0;2;1;0;
 ; in %; ;39,0;99,6;26,4;41,9;11,6;12,7;0,4;1,1;0,0;4,9;0,0;0,7;0,4;0,0;
46201;Wöhlerschule;1.265;469;464;112;208;52;43;5;10;1;32;0;1;0;0;
 ; in %; ;43,6;98,9;24,1;44,8;11,2;9,3;1,1;2,2;0,2;6,9;0,0;0,2;0,0;0,0;
46202;Wöhlerschule;1.010;376;374;67;192;41;47;3;4;1;11;2;4;2;0;
 ; in %; ;41,2;99,5;17,9;51,3;11,0;12,6;0,8;1,1;0,3;2,9;0,5;1,1;0,5;0,0;
46203;Rudolf Steiner Haus;1.140;376;374;66;196;44;38;3;4;1;20;0;0;2;0;
 ; in %; ;36,8;99,5;17,6;52,4;11,8;10,2;0,8;1,1;0,3;5,3;0,0;0,0;0,5;0,0;
46204;Ev. Andreasgemeinde;1.023;365;361;95;175;24;27;3;6;0;25;0;4;2;0;
 ; in %; ;38,2;98,9;26,3;48,5;6,6;7,5;0,8;1,7;0,0;6,9;0,0;1,1;0,6;0,0;
46205;Ev. Andreasgemeinde;1.222;309;306;82;137;29;33;4;3;1;16;0;1;0;0;
 ; in %; ;27,7;99,0;26,8;44,8;9,5;10,8;1,3;1,0;0,3;5,2;0,0;0,3;0,0;0,0;
46206;Rudolf Steiner Haus;1.213;374;371;66;207;27;40;3;4;0;20;0;4;0;0;
 ; in %; ;34,0;99,2;17,8;55,8;7,3;10,8;0,8;1,1;0,0;5,4;0,0;1,1;0,0;0,0;
46301;Heinrich-Kleyer-Schule;1.021;374;368;104;147;47;35;5;3;2;21;0;3;1;0;
 ; in %; ;41,4;98,4;28,3;39,9;12,8;9,5;1,4;0,8;0,5;5,7;0,0;0,8;0,3;0,0;
46302;Wöhlerschule;856;327;324;76;153;40;32;2;2;2;15;1;0;1;0;
 ; in %; ;44,0;99,1;23,5;47,2;12,3;9,9;0,6;0,6;0,6;4,6;0,3;0,0;0,3;0,0;
92701;Briefwahl Dornbusch;0;291;291;138;94;21;18;1;4;1;12;0;2;0;0;
 ; in %; ;0,0;100;47,4;32,3;7,2;6,2;0,3;1,4;0,3;4,1;0,0;0,7;0,0;0,0;
92702;Briefwahl Dornbusch;0;380;380;161;139;28;17;4;5;2;17;1;6;0;0;
 ; in %; ;0,0;100;42,4;36,6;7,4;4,5;1,1;1,3;0,5;4,5;0,3;1,6;0,0;0,0;
92703;Briefwahl Dornbusch;0;451;450;141;182;51;31;5;11;3;24;0;0;1;1;
 ; in %; ;0,0;99,8;31,3;40,4;11,3;6,9;1,1;2,4;0,7;5,3;0,0;0,0;0,2;0,2;
92704;Briefwahl Dornbusch;0;382;382;110;164;32;31;2;8;7;23;0;3;2;0;
 ; in %; ;0,0;100;28,8;42,9;8,4;8,1;0,5;2,1;1,8;6,0;0,0;0,8;0,5;0,0;
;Stadtteil Dornbusch ges.;13.527;6.140;6.102;1.765;2.671;592;526;53;81;37;308;5;51;12;1;
 ; in %; ;45,4;99,4;28,9;43,8;9,7;8,6;0,9;1,3;0,6;5,0;0,1;0,8;0,2;0,0;
;;;;;;;;;;;;;;;;;
;Stadtteil Eckenheim;;;;;;;;;;;;;;;;
46101;Münzenbergerschule;1.337;385;383;79;195;35;36;7;3;1;24;2;1;0;0;
 ; in %; ;31,6;99,5;20,6;50,9;9,1;9,4;1,8;0,8;0,3;6,3;0,5;0,3;0,0;0,0;
46102;KiZ 117;1.314;269;267;52;156;15;20;2;4;0;17;0;1;0;0;
 ; in %; ;21,5;99,3;19,5;58,4;5,6;7,5;0,7;1,5;0,0;6,4;0,0;0,4;0,0;0,0;
46103;Münzenbergerschule;1.156;357;351;57;199;22;26;6;6;0;26;3;5;0;1;
 ; in %; ;33,8;98,3;16,2;56,7;6,3;7,4;1,7;1,7;0,0;7,4;0,9;1,4;0,0;0,3;
46104;Saalbau Haus Ronneburg;1.448;389;383;71;196;26;33;5;11;0;35;1;4;0;1;
 ; in %; ;29,6;98,5;18,5;51,2;6,8;8,6;1,3;2,9;0,0;9,1;0,3;1,0;0,0;0,3;
46105;Münzenbergerschule;1.454;570;566;110;272;57;65;10;7;0;42;1;1;1;0;
 ; in %; ;44,2;99,3;19,4;48,1;10,1;11,5;1,8;1,2;0,0;7,4;0,2;0,2;0,2;0,0;
46106;Sozialzentrum Marbachweg;1.447;414;412;88;229;26;29;4;9;0;24;2;0;1;0;
 ; in %; ;30,3;99,5;21,4;55,6;6,3;7,0;1,0;2,2;0,0;5,8;0,5;0,0;0,2;0,0;
46107;KiZ 56;1.482;353;351;54;195;16;42;3;9;1;26;3;2;0;0;
 ; in %; ;25,8;99,4;15,4;55,6;4,6;12,0;0,9;2,6;0,3;7,4;0,9;0,6;0,0;0,0;
92901;Briefwahl Eckenheim;0;381;376;91;173;32;29;1;14;4;24;3;5;0;0;
 ; in %; ;0,0;98,7;24,2;46,0;8,5;7,7;0,3;3,7;1,1;6,4;0,8;1,3;0,0;0,0;
92902;Briefwahl Eckenheim;0;339;336;76;149;31;30;3;12;1;30;2;2;0;0;
 ; in %; ;0,0;99,1;22,6;44,3;9,2;8,9;0,9;3,6;0,3;8,9;0,6;0,6;0,0;0,0;
;Stadtteil Eckenheim ges.;9.638;3.457;3.425;678;1.764;260;310;41;75;7;248;17;21;2;2;
 ; in %; ;35,9;99,1;19,8;51,5;7,6;9,1;1,2;2,2;0,2;7,2;0,5;0,6;0,1;0,1;
;;;;;;;;;;;;;;;;;
;Stadtteil Eschersheim;;;;;;;;;;;;;;;;
45101;IGS-Eschersheim;1.494;555;555;151;244;58;49;6;11;2;28;0;6;0;0;
 ; in %; ;42,6;100;27,2;44,0;10,5;8,8;1,1;2,0;0,4;5,0;0,0;1,1;0,0;0,0;
45102;Johann-Hinrich-Wichern-Schule;1.435;414;411;113;193;35;21;6;6;2;25;0;8;2;0;
 ; in %; ;32,5;99,3;27,5;47,0;8,5;5,1;1,5;1,5;0,5;6,1;0,0;1,9;0,5;0,0;
45103;Fried-Lübbecke-Schule;1.058;452;452;123;164;65;41;4;13;1;37;0;2;2;0;
 ; in %; ;48,3;100;27,2;36,3;14,4;9,1;0,9;2,9;0,2;8,2;0,0;0,4;0,4;0,0;
45104;Fried-Lübbecke-Schule;1.215;313;311;72;168;16;31;3;0;1;17;1;0;2;0;
 ; in %; ;27,3;99,4;23,2;54,0;5,1;10,0;1,0;0,0;0,3;5,5;0,3;0,0;0,6;0,0;
45201;Ziehenschule;1.534;441;436;92;219;57;39;2;8;0;15;0;1;1;2;
 ; in %; ;33,0;98,9;21,1;50,2;13,1;8,9;0,5;1,8;0,0;3,4;0,0;0,2;0,2;0,5;
45202;Ludwig-Richter-Schule;1.400;515;513;163;199;56;41;1;4;4;39;1;3;2;0;
 ; in %; ;45,2;99,6;31,8;38,8;10,9;8,0;0,2;0,8;0,8;7,6;0,2;0,6;0,4;0,0;
45203;Ludwig-Richter-Schule;1.490;557;554;153;238;68;40;5;6;1;36;0;6;1;0;
 ; in %; ;44,5;99,5;27,6;43,0;12,3;7,2;0,9;1,1;0,2;6,5;0,0;1,1;0,2;0,0;
45204;Ziehenschule;1.540;470;467;105;245;34;44;5;8;1;22;1;1;1;0;
 ; in %; ;34,3;99,4;22,5;52,5;7,3;9,4;1,1;1,7;0,2;4,7;0,2;0,2;0,2;0,0;
92801;Briefwahl Eschersheim;0;505;504;159;202;47;41;8;10;1;27;0;4;3;2;
 ; in %; ;0,0;99,8;31,5;40,1;9,3;8,1;1,6;2,0;0,2;5,4;0,0;0,8;0,6;0,4;
92802;Briefwahl Eschersheim;0;413;410;157;146;43;41;0;8;0;11;1;3;0;0;
 ; in %; ;0,0;99,3;38,3;35,6;10,5;10,0;0,0;2,0;0,0;2,7;0,2;0,7;0,0;0,0;
92803;Briefwahl Eschersheim;0;370;369;120;141;43;20;7;5;3;26;2;0;1;1;
 ; in %; ;0,0;99,7;32,5;38,2;11,7;5,4;1,9;1,4;0,8;7,0;0,5;0,0;0,3;0,3;
;Stadtteil Eschersheim ges.;11.166;5.005;4.982;1.408;2.159;522;408;47;79;16;283;6;34;15;5;
 ; in %; ;44,8;99,5;28,3;43,3;10,5;8,2;0,9;1,6;0,3;5,7;0,1;0,7;0,3;0,1;
;;;;;;;;;;;;;;;;;
;Stadtteil Fechenheim;;;;;;;;;;;;;;;;
51001;Freie Christliche Schule;1.230;214;212;36;151;9;9;1;2;1;2;0;0;1;0;
 ; in %; ;18,3;99,1;17,0;71,2;4,2;4,2;0,5;0,9;0,5;0,9;0,0;0,0;0,5;0,0;
51002;Freie Christliche Schule;1.447;370;368;68;208;24;25;6;8;2;24;0;2;1;0;
 ; in %; ;26,8;99,5;18,5;56,5;6,5;6,8;1,6;2,2;0,5;6,5;0,0;0,5;0,3;0,0;
51003;Konrad-Haenisch-Schule;1.666;169;167;26;103;12;9;2;2;5;7;0;0;1;0;
 ; in %; ;10,4;98,8;15,6;61,7;7,2;5,4;1,2;1,2;3,0;4,2;0,0;0,0;0,6;0,0;
51004;Konrad-Haenisch-Schule;1.483;375;374;110;193;16;34;1;2;1;12;1;2;1;1;
 ; in %; ;28,3;99,7;29,4;51,6;4,3;9,1;0,3;0,5;0,3;3,2;0,3;0,5;0,3;0,3;
52001;Schule am Mainbogen;1.816;255;254;36;157;11;18;1;5;2;16;0;7;1;0;
 ; in %; ;14,9;99,6;14,2;61,8;4,3;7,1;0,4;2,0;0,8;6,3;0,0;2,8;0,4;0,0;
52002;Schule am Mainbogen;1.368;310;305;55;187;21;15;0;5;0;15;2;3;1;1;
 ; in %; ;24,8;98,4;18,0;61,3;6,9;4,9;0,0;1,6;0,0;4,9;0,7;1,0;0,3;0,3;
52003;Schule am Mainbogen;1.371;266;265;43;159;15;27;4;3;1;12;0;0;0;1;
 ; in %; ;20,9;99,6;16,2;60,0;5,7;10,2;1,5;1,1;0,4;4,5;0,0;0,0;0,0;0,4;
93501;Briefwahl Fechenheim;0;319;318;89;171;9;12;4;11;1;19;0;2;0;0;
 ; in %; ;0,0;99,7;28,0;53,8;2,8;3,8;1,3;3,5;0,3;6,0;0,0;0,6;0,0;0,0;
93502;Briefwahl Fechenheim;0;293;288;71;146;15;13;9;4;4;23;0;1;0;2;
 ; in %; ;0,0;98,3;24,7;50,7;5,2;4,5;3,1;1,4;1,4;8,0;0,0;0,3;0,0;0,7;
;Stadtteil Fechenheim ges.;10.381;2.571;2.551;534;1.475;132;162;28;42;17;130;3;17;6;5;
 ; in %; ;24,8;99,2;20,9;57,8;5,2;6,4;1,1;1,6;0,7;5,1;0,1;0,7;0,2;0,2;
;;;;;;;;;;;;;;;;;
;Stadtteil Frankfurter Berg;;;;;;;;;;;;;;;;
49201;Kita Eddy´s Burg;1.412;443;439;85;234;34;35;8;12;3;24;0;1;0;3;
 ; in %; ;33,9;99,1;19,4;53,3;7,7;8,0;1,8;2,7;0,7;5,5;0,0;0,2;0,0;0,7;
49202;Albert-Schweitzer-Schule;1.242;401;399;119;179;21;34;4;8;1;27;1;2;3;0;
 ; in %; ;35,9;99,5;29,8;44,9;5,3;8,5;1,0;2,0;0,3;6,8;0,3;0,5;0,8;0,0;
49203;Albert-Schweitzer-Schule;1.270;180;174;24;116;6;10;4;7;2;2;1;2;0;0;
 ; in %; ;14,9;96,7;13,8;66,7;3,4;5,7;2,3;4,0;1,1;1,1;0,6;1,1;0,0;0,0;
49204;Albert-Schweitzer-Schule;1.485;618;617;174;283;46;48;9;13;1;40;1;2;0;0;
 ; in %; ;46,8;99,8;28,2;45,9;7,5;7,8;1,5;2,1;0,2;6,5;0,2;0,3;0,0;0,0;
94700;Briefwahl Frankfurter Berg;0;407;401;120;166;28;32;9;4;3;29;0;4;5;1;
 ; in %; ;0,0;98,5;29,9;41,4;7,0;8,0;2,2;1,0;0,7;7,2;0,0;1,0;1,2;0,2;
;Stadtteil Frankfurter Berg ges.;5.409;2.049;2.030;522;978;135;159;34;44;10;122;3;11;8;4;
 ; in %; ;37,9;99,1;25,7;48,2;6,7;7,8;1,7;2,2;0,5;6,0;0,1;0,5;0,4;0,2;
;;;;;;;;;;;;;;;;;
;Stadtteil Gallus;;;;;;;;;;;;;;;;
15301;Pfarramt St. Gallus;1.378;192;191;25;68;35;42;4;1;3;9;0;4;0;0;
 ; in %; ;14,7;99,5;13,1;35,6;18,3;22,0;2,1;0,5;1,6;4,7;0,0;2,1;0,0;0,0;
15302;AWO Kita Lahnische Höfe;1.737;378;376;77;183;49;21;5;6;2;28;0;5;0;0;
 ; in %; ;23,7;99,5;20,5;48,7;13,0;5,6;1,3;1,6;0,5;7,4;0,0;1,3;0,0;0,0;
15401;Internationale Kita Ackermannstraße;1.263;266;264;46;151;9;22;0;4;0;28;3;0;1;0;
 ; in %; ;22,2;99,2;17,4;57,2;3,4;8,3;0,0;1,5;0,0;10,6;1,1;0,0;0,4;0,0;
15402;Internationale Kita Ackermannstraße;1.067;185;183;31;116;4;11;3;1;0;17;0;0;0;0;
 ; in %; ;18,0;98,9;16,9;63,4;2,2;6,0;1,6;0,5;0,0;9,3;0,0;0,0;0,0;0,0;
16101;Falkschule;1.246;201;200;37;79;26;29;5;5;0;18;0;1;0;0;
 ; in %; ;17,2;99,5;18,5;39,5;13,0;14,5;2,5;2,5;0,0;9,0;0,0;0,5;0,0;0,0;
16102;Saalbau Haus Gallus;1.409;233;229;31;102;17;44;6;1;4;16;6;0;1;1;
 ; in %; ;17,8;98,3;13,5;44,5;7,4;19,2;2,6;0,4;1,7;7,0;2,6;0,0;0,4;0,4;
16103;Saalbau Haus Gallus;998;186;184;61;66;24;6;2;2;0;20;0;3;0;0;
 ; in %; ;23,0;98,9;33,2;35,9;13,0;3,3;1,1;1,1;0,0;10,9;0,0;1,6;0,0;0,0;
16104;Saalbau Haus Gallus;1.201;222;222;48;102;20;22;5;3;2;16;1;3;0;0;
 ; in %; ;20,1;100;21,6;45,9;9,0;9,9;2,3;1,4;0,9;7,2;0,5;1,4;0,0;0,0;
16201;Begegnungszentrum;1.411;347;345;56;172;31;50;6;5;1;21;1;1;1;0;
 ; in %; ;26,7;99,4;16,2;49,9;9,0;14,5;1,7;1,4;0,3;6,1;0,3;0,3;0,3;0,0;
16202;Paul-Hindemith-Schule;1.525;348;346;56;149;52;54;6;3;0;23;1;1;0;1;
 ; in %; ;24,7;99,4;16,2;43,1;15,0;15,6;1,7;0,9;0,0;6,6;0,3;0,3;0,0;0,3;
16203;Begegnungszentrum;1.663;345;342;71;157;41;41;7;4;3;14;0;4;0;0;
 ; in %; ;22,5;99,1;20,8;45,9;12,0;12,0;2,0;1,2;0,9;4,1;0,0;1,2;0,0;0,0;
16204;Paul-Hindemith-Schule;1.289;419;412;128;159;56;22;1;8;4;28;3;0;3;0;
 ; in %; ;37,5;98,3;31,1;38,6;13,6;5,3;0,2;1,9;1,0;6,8;0,7;0,0;0,7;0,0;
16205;Ökumenisches Zentrum Europaviertel;1.084;252;252;81;82;28;10;7;8;3;27;0;6;0;0;
 ; in %; ;25,4;100;32,1;32,5;11,1;4,0;2,8;3,2;1,2;10,7;0,0;2,4;0,0;0,0;
16401;Bürgermeister-Grimm-Schule;1.003;162;162;32;70;13;18;2;4;0;22;0;1;0;0;
 ; in %; ;17,8;100;19,8;43,2;8,0;11,1;1,2;2,5;0,0;13,6;0,0;0,6;0,0;0,0;
16501;Begegnungsstätte Frankenallee;1.289;227;226;30;123;24;29;4;3;0;12;0;1;0;0;
 ; in %; ;18,4;99,6;13,3;54,4;10,6;12,8;1,8;1,3;0,0;5,3;0,0;0,4;0,0;0,0;
16502;Ev. Gemeinde Frieden und Versöhnung;1.229;238;236;33;156;14;25;1;2;0;5;0;0;0;0;
 ; in %; ;20,3;99,2;14,0;66,1;5,9;10,6;0,4;0,8;0,0;2,1;0,0;0,0;0,0;0,0;
16503;Begegnungsstätte Frankenallee;1.349;234;232;29;130;17;25;2;4;3;16;1;4;0;1;
 ; in %; ;18,1;99,1;12,5;56,0;7,3;10,8;0,9;1,7;1,3;6,9;0,4;1,7;0,0;0,4;
16504;Ev. Gemeinde Frieden und Versöhnung;1.817;342;339;97;143;28;16;3;5;11;30;2;4;0;0;
 ; in %; ;21,3;99,1;28,6;42,2;8,3;4,7;0,9;1,5;3,2;8,8;0,6;1,2;0,0;0,0;
91101;Briefwahl Gallus;0;739;735;177;347;55;58;10;17;6;55;4;5;0;1;
 ; in %; ;0,0;99,5;24,1;47,2;7,5;7,9;1,4;2,3;0,8;7,5;0,5;0,7;0,0;0,1;
91102;Briefwahl Gallus;0;436;435;115;177;44;38;8;16;10;21;0;5;1;0;
 ; in %; ;0,0;99,8;26,4;40,7;10,1;8,7;1,8;3,7;2,3;4,8;0,0;1,1;0,2;0,0;
91103;Briefwahl Gallus;0;577;577;182;194;67;57;6;10;12;43;1;5;0;0;
 ; in %; ;0,0;100;31,5;33,6;11,6;9,9;1,0;1,7;2,1;7,5;0,2;0,9;0,0;0,0;
;Stadtteil Gallus ges.;23.958;6.529;6.488;1.443;2.926;654;640;93;112;64;469;23;53;7;4;
 ; in %; ;27,3;99,4;22,2;45,1;10,1;9,9;1,4;1,7;1,0;7,2;0,4;0,8;0,1;0,1;
;;;;;;;;;;;;;;;;;
;Stadtteil Ginnheim;;;;;;;;;;;;;;;;
44101;Bethlehemgemeinde;1.322;509;508;143;220;57;36;6;4;1;34;1;4;2;0;
 ; in %; ;45,4;99,8;28,1;43,3;11,2;7,1;1,2;0,8;0,2;6,7;0,2;0,8;0,4;0,0;
44102;Kita Zauberwürfel;1.461;417;412;60;222;28;62;1;7;1;25;1;3;2;0;
 ; in %; ;30,6;98,8;14,6;53,9;6,8;15,0;0,2;1,7;0,2;6,1;0,2;0,7;0,5;0,0;
44103;Jugendclub Stefan Zweig;1.370;386;382;72;190;33;46;6;5;0;24;0;5;1;0;
 ; in %; ;31,2;99,0;18,8;49,7;8,6;12,0;1,6;1,3;0,0;6,3;0,0;1,3;0,3;0,0;
44104;Diesterwegschule;1.422;365;362;56;193;36;38;2;4;4;25;0;3;0;1;
 ; in %; ;28,2;99,2;15,5;53,3;9,9;10,5;0,6;1,1;1,1;6,9;0,0;0,8;0,0;0,3;
44105;Altenwohnanlage Ginnheim;1.537;444;444;78;231;34;39;6;5;5;41;2;3;0;0;
 ; in %; ;33,6;100;17,6;52,0;7,7;8,8;1,4;1,1;1,1;9,2;0,5;0,7;0,0;0,0;
44106;Altenwohnanlage Ginnheim;1.548;476;472;63;286;29;45;4;11;3;21;2;6;2;0;
 ; in %; ;33,6;99,2;13,3;60,6;6,1;9,5;0,8;2,3;0,6;4,4;0,4;1,3;0,4;0,0;
44107;Bethlehemgemeinde;1.265;506;504;129;206;65;56;4;10;0;29;0;5;0;0;
 ; in %; ;46,0;99,6;25,6;40,9;12,9;11,1;0,8;2,0;0,0;5,8;0,0;1,0;0,0;0,0;
44108;Astrid-Lindgren-Schule;1.260;212;210;28;138;11;23;2;2;0;5;0;1;0;0;
 ; in %; ;17,1;99,1;13,3;65,7;5,2;11,0;1,0;1,0;0,0;2,4;0,0;0,5;0,0;0,0;
92601;Briefwahl Ginnheim;0;512;509;172;193;42;49;7;13;4;23;0;4;2;0;
 ; in %; ;0,0;99,4;33,8;37,9;8,3;9,6;1,4;2,6;0,8;4,5;0,0;0,8;0,4;0,0;
92602;Briefwahl Ginnheim;0;483;482;138;222;41;35;8;12;4;18;0;4;0;0;
 ; in %; ;0,0;99,8;28,6;46,1;8,5;7,3;1,7;2,5;0,8;3,7;0,0;0,8;0,0;0,0;
;Stadtteil Ginnheim ges.;11.185;4.310;4.285;939;2.101;376;429;46;73;22;245;6;38;9;1;
 ; in %; ;38,5;99,4;21,9;49,0;8,8;10,0;1,1;1,7;0,5;5,7;0,1;0,9;0,2;0,0;
;;;;;;;;;;;;;;;;;
;Stadtteil Griesheim;;;;;;;;;;;;;;;;
54101;Griechische Schule;2.161;256;252;41;139;17;17;4;6;0;26;0;1;1;0;
 ; in %; ;12,2;98,4;16,3;55,2;6,7;6,7;1,6;2,4;0,0;10,3;0,0;0,4;0,4;0,0;
54102;Griechische Schule;1.579;442;436;107;207;51;24;4;6;3;27;2;5;0;0;
 ; in %; ;30,2;98,6;24,5;47,5;11,7;5,5;0,9;1,4;0,7;6,2;0,5;1,1;0,0;0,0;
54201;Eichendorffschule;889;287;287;79;144;8;22;2;5;0;25;0;1;1;0;
 ; in %; ;34,5;100;27,5;50,2;2,8;7,7;0,7;1,7;0,0;8,7;0,0;0,3;0,3;0,0;
54202;Eichendorffschule;1.517;218;211;35;141;7;8;3;4;0;13;0;0;0;0;
 ; in %; ;14,8;96,8;16,6;66,8;3,3;3,8;1,4;1,9;0,0;6,2;0,0;0,0;0,0;0,0;
54203;Georg-August-Zinn-Schule;1.710;240;240;41;163;5;12;1;1;3;13;1;0;0;0;
 ; in %; ;14,6;100;17,1;67,9;2,1;5,0;0,4;0,4;1,3;5,4;0,4;0,0;0,0;0,0;
55101;Boehleschule;1.333;336;334;83;159;32;24;3;7;2;20;0;2;0;2;
 ; in %; ;27,3;99,4;24,9;47,6;9,6;7,2;0,9;2,1;0,6;6,0;0,0;0,6;0,0;0,6;
55102;Sporthalle Athletikverein;1.123;234;232;40;144;11;12;3;5;0;14;1;2;0;0;
 ; in %; ;22,0;99,1;17,2;62,1;4,7;5,2;1,3;2,2;0,0;6,0;0,4;0,9;0,0;0,0;
55201;Georg-August-Zinn-Schule;1.563;281;279;64;133;20;23;3;7;0;26;0;3;0;0;
 ; in %; ;19,9;99,3;22,9;47,7;7,2;8,2;1,1;2,5;0,0;9,3;0,0;1,1;0,0;0,0;
55202;Gemeindezentrum St. Hedwig;1.638;245;242;52;131;10;15;3;7;0;21;1;1;0;1;
 ; in %; ;15,8;98,8;21,5;54,1;4,1;6,2;1,2;2,9;0,0;8,7;0,4;0,4;0,0;0,4;
55203;KiZ 120;1.397;344;340;45;217;11;23;3;9;2;28;0;1;0;1;
 ; in %; ;26,2;98,8;13,2;63,8;3,2;6,8;0,9;2,6;0,6;8,2;0,0;0,3;0,0;0,3;
91901;Briefwahl Griesheim;0;350;347;94;167;19;16;1;6;12;28;0;4;0;0;
 ; in %; ;0,0;99,1;27,1;48,1;5,5;4,6;0,3;1,7;3,5;8,1;0,0;1,2;0,0;0,0;
91902;Briefwahl Griesheim;0;437;432;114;176;36;28;8;23;19;20;1;2;2;3;
 ; in %; ;0,0;98,9;26,4;40,7;8,3;6,5;1,9;5,3;4,4;4,6;0,2;0,5;0,5;0,7;
;Stadtteil Griesheim ges.;14.910;3.670;3.632;795;1.921;227;224;38;86;41;261;6;22;4;7;
 ; in %; ;24,6;99,0;21,9;52,9;6,3;6,2;1,0;2,4;1,1;7,2;0,2;0,6;0,1;0,2;
;;;;;;;;;;;;;;;;;
;Stadtteil Gutleut-/Bahnhofsviertel;;;;;;;;;;;;;;;;
09001;Weißfrauenschule;2.273;480;480;109;162;54;95;16;5;2;31;2;3;0;1;
 ; in %; ;22,9;100;22,7;33,8;11,3;19,8;3,3;1,0;0,4;6,5;0,4;0,6;0,0;0,2;
15101;Johanna-Kirchner-Altenhilfezentrum;590;144;140;19;98;2;9;2;2;0;7;1;0;0;0;
 ; in %; ;25,9;97,2;13,6;70,0;1,4;6,4;1,4;1,4;0,0;5,0;0,7;0,0;0,0;0,0;
15102;Berufsbildungszentrum;1.440;284;282;30;138;25;64;10;3;0;8;1;1;1;1;
 ; in %; ;20,8;99,3;10,6;48,9;8,9;22,7;3,5;1,1;0,0;2,8;0,4;0,4;0,4;0,4;
15103;Saalbau Haus Gutleut;1.639;427;424;66;182;66;67;2;0;4;29;4;3;1;0;
 ; in %; ;28,8;99,3;15,6;42,9;15,6;15,8;0,5;0,0;0,9;6,8;0,9;0,7;0,2;0,0;
15104;Cronstetten-Haus;860;306;306;134;95;30;9;0;2;2;28;1;4;1;0;
 ; in %; ;40,5;100;43,8;31,0;9,8;2,9;0,0;0,7;0,7;9,2;0,3;1,3;0,3;0,0;
91000;Briefwahl Gutleut-/Bahnhofsviertel;0;472;471;132;156;63;48;14;4;6;35;3;9;0;1;
 ; in %; ;0,0;99,8;28,0;33,1;13,4;10,2;3,0;0,8;1,3;7,4;0,6;1,9;0,0;0,2;
;Stadtteil Gutleut-/Bahnhofsviertel ges.;6.802;2.113;2.103;490;831;240;292;44;16;14;138;12;20;3;3;
 ; in %; ;31,1;99,5;23,3;39,5;11,4;13,9;2,1;0,8;0,7;6,6;0,6;1,0;0,1;0,1;
;;;;;;;;;;;;;;;;;
;Stadtteil Harheim;;;;;;;;;;;;;;;;
66001;Bürgerhaus Harheim;1.322;552;551;197;199;48;40;4;11;2;42;2;3;3;0;
 ; in %; ;47,3;99,8;35,8;36,1;8,7;7,3;0,7;2,0;0,4;7,6;0,4;0,5;0,5;0,0;
66002;Bürgerhaus Harheim;1.100;381;379;151;129;29;20;4;7;0;34;1;3;1;0;
 ; in %; ;39,5;99,5;39,8;34,0;7,7;5,3;1,1;1,8;0,0;9,0;0,3;0,8;0,3;0,0;
66003;Bürgerhaus Harheim;1.126;511;507;251;141;29;20;2;11;2;44;1;4;2;0;
 ; in %; ;51,6;99,2;49,5;27,8;5,7;3,9;0,4;2,2;0,4;8,7;0,2;0,8;0,4;0,0;
94400;Briefwahl Harheim;0;402;399;165;132;26;16;4;14;4;30;2;2;0;4;
 ; in %; ;0,0;99,3;41,4;33,1;6,5;4,0;1,0;3,5;1,0;7,5;0,5;0,5;0,0;1,0;
;Stadtteil Harheim ges.;3.548;1.846;1.836;764;601;132;96;14;43;8;150;6;12;6;4;
 ; in %; ;52,0;99,5;41,6;32,7;7,2;5,2;0,8;2,3;0,4;8,2;0,3;0,7;0,3;0,2;
;;;;;;;;;;;;;;;;;
;Stadtteil Hausen;;;;;;;;;;;;;;;;
41001;Kerschensteinerschule;1.572;565;558;156;276;38;34;8;6;3;33;0;2;2;0;
 ; in %; ;40,8;98,8;28,0;49,5;6,8;6,1;1,4;1,1;0,5;5,9;0,0;0,4;0,4;0,0;
41002;Kerschensteinerschule;1.413;341;336;58;177;25;42;1;2;1;22;0;6;0;2;
 ; in %; ;25,8;98,5;17,3;52,7;7,4;12,5;0,3;0,6;0,3;6,5;0,0;1,8;0,0;0,6;
41003;Kerschensteinerschule;1.533;401;398;89;197;33;45;6;10;2;10;0;5;1;0;
 ; in %; ;28,9;99,3;22,4;49,5;8,3;11,3;1,5;2,5;0,5;2,5;0,0;1,3;0,3;0,0;
92100;Briefwahl Hausen/Bockenheim;0;507;504;145;239;45;30;1;12;3;23;1;3;0;2;
 ; in %; ;0,0;99,4;28,8;47,4;8,9;6,0;0,2;2,4;0,6;4,6;0,2;0,6;0,0;0,4;
;Stadtteil Hausen ges.;4.518;1.814;1.796;448;889;141;151;16;30;9;88;1;16;3;4;
 ; in %; ;40,2;99,0;24,9;49,5;7,9;8,4;0,9;1,7;0,5;4,9;0,1;0,9;0,2;0,2;
;;;;;;;;;;;;;;;;;
;Stadtteil Heddernheim;;;;;;;;;;;;;;;;
43101;Ökumenische Kita Kaleidoskop;1.175;395;395;103;180;34;28;9;8;5;24;3;0;0;1;
 ; in %; ;36,5;100;26,1;45,6;8,6;7,1;2,3;2,0;1,3;6,1;0,8;0,0;0,0;0,3;
43102;KiZ 129;1.354;472;469;92;234;30;53;9;7;2;35;1;3;1;2;
 ; in %; ;38,8;99,4;19,6;49,9;6,4;11,3;1,9;1,5;0,4;7,5;0,2;0,6;0,2;0,4;
43103;Gemeinde St. Peter und Paul;1.481;583;580;95;307;55;62;10;7;2;35;2;3;2;0;
 ; in %; ;43,9;99,5;16,4;52,9;9,5;10,7;1,7;1,2;0,3;6,0;0,3;0,5;0,3;0,0;
43104;Begegnungsstätte Aßlarer Straße;1.147;306;301;69;157;16;19;3;11;1;22;1;1;1;0;
 ; in %; ;28,0;98,4;22,9;52,2;5,3;6,3;1,0;3,7;0,3;7,3;0,3;0,3;0,3;0,0;
43105;Sozialwerk Main Taunus;819;288;286;66;126;34;30;0;4;2;22;0;2;0;0;
 ; in %; ;41,3;99,3;23,1;44,1;11,9;10,5;0,0;1,4;0,7;7,7;0,0;0,7;0,0;0,0;
43201;St. Thomas Gemeinde;1.418;388;381;87;203;29;23;4;5;1;25;1;1;2;0;
 ; in %; ;30,5;98,2;22,8;53,3;7,6;6,0;1,0;1,3;0,3;6,6;0,3;0,3;0,5;0,0;
43202;Römerstadtschule;1.549;266;265;33;175;7;17;3;4;1;25;0;0;0;0;
 ; in %; ;18,2;99,6;12,5;66,0;2,6;6,4;1,1;1,5;0,4;9,4;0,0;0,0;0,0;0,0;
43203;Geschwister-Scholl-Schule;1.479;541;538;96;303;17;48;7;14;0;48;0;2;3;0;
 ; in %; ;39,8;99,4;17,8;56,3;3,2;8,9;1,3;2,6;0,0;8,9;0,0;0,4;0,6;0,0;
43204;Römerstadtschule;1.445;394;391;61;244;7;35;3;7;1;26;2;1;2;2;
 ; in %; ;29,7;99,2;15,6;62,4;1,8;9,0;0,8;1,8;0,3;6,6;0,5;0,3;0,5;0,5;
92401;Briefwahl Heddernheim;0;508;505;119;218;52;46;14;11;3;42;0;0;0;0;
 ; in %; ;0,0;99,4;23,6;43,2;10,3;9,1;2,8;2,2;0,6;8,3;0,0;0,0;0,0;0,0;
92402;Briefwahl Heddernheim;0;438;435;107;238;12;23;3;8;2;40;0;2;0;0;
 ; in %; ;0,0;99,3;24,6;54,7;2,8;5,3;0,7;1,8;0,5;9,2;0,0;0,5;0,0;0,0;
;Stadtteil Heddernheim ges.;11.867;4.579;4.546;928;2.385;293;384;65;86;20;344;10;15;11;5;
 ; in %; ;38,6;99,3;20,4;52,5;6,4;8,4;1,4;1,9;0,4;7,6;0,2;0,3;0,2;0,1;
;;;;;;;;;;;;;;;;;
;Stadtteil Höchst;;;;;;;;;;;;;;;;
57001;Leibnizschule;1.349;315;313;77;128;31;35;5;5;0;16;0;15;1;0;
 ; in %; ;25,1;99,4;24,6;40,9;9,9;11,2;1,6;1,6;0,0;5,1;0,0;4,8;0,3;0,0;
57002;Robert-Blum-Schule;1.348;259;254;43;152;13;20;3;4;0;18;0;1;0;0;
 ; in %; ;20,3;98,1;16,9;59,8;5,1;7,9;1,2;1,6;0,0;7,1;0,0;0,4;0,0;0,0;
57003;Robert-Blum-Schule;1.289;223;219;30;138;10;16;5;2;2;11;1;2;0;2;
 ; in %; ;18,2;98,2;13,7;63,0;4,6;7,3;2,3;0,9;0,9;5,0;0,5;0,9;0,0;0,9;
58001;Helene-Lange-Schule;1.317;255;252;61;117;22;22;3;3;0;18;0;5;1;0;
 ; in %; ;21,8;98,8;24,2;46,4;8,7;8,7;1,2;1,2;0,0;7,1;0,0;2,0;0,4;0,0;
58002;Kasinoschule;1.748;363;363;71;180;35;39;10;3;2;18;0;5;0;0;
 ; in %; ;22,1;100;19,6;49,6;9,6;10,7;2,8;0,8;0,6;5,0;0,0;1,4;0,0;0,0;
59101;Paul-Ehrlich-Schule;1.411;253;251;45;135;23;26;5;2;0;10;1;4;0;0;
 ; in %; ;18,9;99,2;17,9;53,8;9,2;10,4;2,0;0,8;0,0;4,0;0,4;1,6;0,0;0,0;
59102;Paul-Ehrlich-Schule;1.397;304;303;44;145;31;37;9;6;0;18;0;13;0;0;
 ; in %; ;23,3;99,7;14,5;47,9;10,2;12,2;3,0;2,0;0,0;5,9;0,0;4,3;0,0;0,0;
93600;Briefwahl Höchst;0;555;551;127;256;45;58;8;14;10;20;4;7;2;0;
 ; in %; ;0,0;99,3;23,0;46,5;8,2;10,5;1,5;2,5;1,8;3,6;0,7;1,3;0,4;0,0;
;Stadtteil Höchst ges.;9.859;2.527;2.506;498;1.251;210;253;48;39;14;129;6;52;4;2;
 ; in %; ;25,6;99,2;19,9;49,9;8,4;10,1;1,9;1,6;0,6;5,1;0,2;2,1;0,2;0,1;
;;;;;;;;;;;;;;;;;
;Stadtteil Innenstadt;;;;;;;;;;;;;;;;
04001;Liebfrauenschule;1.651;269;265;60;102;32;26;2;3;4;31;0;3;2;0;
 ; in %; ;17,9;98,5;22,6;38,5;12,1;9,8;0,8;1,1;1,5;11,7;0,0;1,1;0,8;0,0;
07001;Julius-Leber-Schule;1.139;143;143;30;52;13;27;5;4;1;6;1;3;0;1;
 ; in %; ;13,4;100;21,0;36,4;9,1;18,9;3,5;2,8;0,7;4,2;0,7;2,1;0,0;0,7;
08001;Ludwig-Börne-Schule;1.553;290;287;39;137;38;37;3;6;1;19;3;4;0;0;
 ; in %; ;21,4;99,0;13,6;47,7;13,2;12,9;1,0;2,1;0,3;6,6;1,0;1,4;0,0;0,0;
90200;Briefwahl Innenstadt;0;372;371;126;144;35;28;4;5;1;19;0;8;1;0;
 ; in %; ;0,0;99,7;34,0;38,8;9,4;7,5;1,1;1,3;0,3;5,1;0,0;2,2;0,3;0,0;
;Stadtteil Innenstadt ges.;4.343;1.074;1.066;255;435;118;118;14;18;7;75;4;18;3;1;
 ; in %; ;24,7;99,3;23,9;40,8;11,1;11,1;1,3;1,7;0,7;7,0;0,4;1,7;0,3;0,1;
;;;;;;;;;;;;;;;;;
;Stadtteil Kalbach-Riedberg;;;;;;;;;;;;;;;;
65001;Grundschule Kalbach;1.552;516;513;166;239;37;28;5;9;3;22;1;0;1;2;
 ; in %; ;36,7;99,4;32,4;46,6;7,2;5,5;1,0;1,8;0,6;4,3;0,2;0,0;0,2;0,4;
65002;Grundschule Kalbach;1.351;458;455;139;218;32;29;1;8;1;22;0;3;1;1;
 ; in %; ;37,6;99,3;30,5;47,9;7,0;6,4;0,2;1,8;0,2;4,8;0,0;0,7;0,2;0,2;
65003;Ev. Kita Krambambuli;1.246;538;536;163;262;38;31;4;7;2;27;0;1;1;0;
 ; in %; ;48,2;99,6;30,4;48,9;7,1;5,8;0,7;1,3;0,4;5,0;0,0;0,2;0,2;0,0;
65101;Grundschule Riedberg;1.469;553;549;175;223;64;31;10;3;0;32;0;8;2;1;
 ; in %; ;41,2;99,3;31,9;40,6;11,7;5,6;1,8;0,5;0,0;5,8;0,0;1,5;0,4;0,2;
65102;Grundschule Riedberg;1.800;674;672;232;267;85;20;3;9;4;47;0;5;0;0;
 ; in %; ;41,2;99,7;34,5;39,7;12,6;3,0;0,4;1,3;0,6;7,0;0,0;0,7;0,0;0,0;
65103;Gymnasium Riedberg;1.441;497;493;179;215;36;21;4;6;3;25;0;4;0;0;
 ; in %; ;38,0;99,2;36,3;43,6;7,3;4,3;0,8;1,2;0,6;5,1;0,0;0,8;0,0;0,0;
65104;Gymnasium Riedberg;1.552;481;476;133;201;43;37;6;9;10;32;1;3;1;0;
 ; in %; ;34,0;99,0;27,9;42,2;9,0;7,8;1,3;1,9;2,1;6,7;0,2;0,6;0,2;0,0;
65105;Marie-Curie-Schule;1.095;352;351;105;160;35;21;6;7;3;12;0;2;0;0;
 ; in %; ;34,0;99,7;29,9;45,6;10,0;6,0;1,7;2,0;0,9;3,4;0,0;0,6;0,0;0,0;
65106;Marie-Curie-Schule;903;252;252;77;107;29;11;5;6;1;11;0;3;2;0;
 ; in %; ;29,9;100;30,6;42,5;11,5;4,4;2,0;2,4;0,4;4,4;0,0;1,2;0,8;0,0;
94301;Briefwahl Kalbach-Riedberg;0;385;385;145;185;20;18;2;3;2;7;0;2;1;0;
 ; in %; ;0,0;100;37,7;48,1;5,2;4,7;0,5;0,8;0,5;1,8;0,0;0,5;0,3;0,0;
94302;Briefwahl Kalbach-Riedberg;0;653;651;235;272;57;22;3;20;4;29;1;4;3;1;
 ; in %; ;0,0;99,7;36,1;41,8;8,8;3,4;0,5;3,1;0,6;4,5;0,2;0,6;0,5;0,2;
;Stadtteil Kalbach-Riedberg ges.;12.409;5.359;5.333;1.749;2.349;476;269;49;87;33;266;3;35;12;5;
 ; in %; ;43,2;99,5;32,8;44,0;8,9;5,0;0,9;1,6;0,6;5,0;0,1;0,7;0,2;0,1;
;;;;;;;;;;;;;;;;;
;Stadtteil Nied;;;;;;;;;;;;;;;;
56101;Fridtjof-Nansen-Schule;1.306;299;298;69;179;3;20;0;4;2;19;1;1;0;0;
 ; in %; ;24,1;99,7;23,2;60,1;1,0;6,7;0,0;1,3;0,7;6,4;0,3;0,3;0,0;0,0;
56102;Fridtjof-Nansen-Schule;1.249;249;247;61;128;9;16;1;12;0;17;1;2;0;0;
 ; in %; ;21,3;99,2;24,7;51,8;3,6;6,5;0,4;4,9;0,0;6,9;0,4;0,8;0,0;0,0;
56103;Saalbau Haus Nied;1.460;304;302;59;163;17;26;4;2;0;25;0;5;1;0;
 ; in %; ;21,9;99,3;19,5;54,0;5,6;8,6;1,3;0,7;0,0;8,3;0,0;1,7;0,3;0,0;
56104;Ev. Kirchengemeinde Nied;1.247;244;244;70;117;14;22;3;0;1;15;0;2;0;0;
 ; in %; ;20,7;100;28,7;48,0;5,7;9,0;1,2;0,0;0,4;6,1;0,0;0,8;0,0;0,0;
56105;Ev. Kirchengemeinde Nied;1.183;189;188;39;102;10;15;1;4;0;14;0;2;1;0;
 ; in %; ;16,9;99,5;20,7;54,3;5,3;8,0;0,5;2,1;0,0;7,4;0,0;1,1;0,5;0,0;
56201;Friedrich-List-Schule;1.646;498;494;80;286;19;31;4;14;1;51;0;6;2;0;
 ; in %; ;32,2;99,2;16,2;57,9;3,8;6,3;0,8;2,8;0,2;10,3;0,0;1,2;0,4;0,0;
56202;Altenwohnanlage Begegnungsstätte;1.466;349;348;96;188;12;9;4;3;4;29;0;2;1;0;
 ; in %; ;25,5;99,7;27,6;54,0;3,4;2,6;1,1;0,9;1,1;8,3;0,0;0,6;0,3;0,0;
56203;Altenwohnanlage Begegnungsstätte;1.330;304;302;88;152;11;16;3;6;0;25;0;1;0;0;
 ; in %; ;24,2;99,3;29,1;50,3;3,6;5,3;1,0;2,0;0,0;8,3;0,0;0,3;0,0;0,0;
56204;Friedrich-List-Schule;1.772;572;566;131;307;31;23;4;12;1;53;0;4;0;0;
 ; in %; ;36,0;99,0;23,1;54,2;5,5;4,1;0,7;2,1;0,2;9,4;0,0;0,7;0,0;0,0;
93701;Briefwahl Nied;0;307;305;87;144;20;17;5;8;10;10;0;1;2;1;
 ; in %; ;0,0;99,3;28,5;47,2;6,6;5,6;1,6;2,6;3,3;3,3;0,0;0,3;0,7;0,3;
93702;Briefwahl Nied;0;415;414;98;209;20;29;4;11;7;32;0;4;0;0;
 ; in %; ;0,0;99,8;23,7;50,5;4,8;7,0;1,0;2,7;1,7;7,7;0,0;1,0;0,0;0,0;
;Stadtteil Nied ges.;12.659;3.730;3.708;878;1.975;166;224;33;76;26;290;2;30;7;1;
 ; in %; ;29,5;99,4;23,7;53,3;4,5;6,0;0,9;2,0;0,7;7,8;0,1;0,8;0,2;0,0;
;;;;;;;;;;;;;;;;;
;Stadtteil Nieder-Erlenbach;;;;;;;;;;;;;;;;
64001;Schule am Erlenbach;1.160;493;490;206;159;35;23;1;10;1;50;0;2;3;0;
 ; in %; ;50,3;99,4;42,0;32,4;7,1;4,7;0,2;2,0;0,2;10,2;0,0;0,4;0,6;0,0;
64002;Schule am Erlenbach;1.164;400;397;147;161;31;31;5;5;0;14;0;1;2;0;
 ; in %; ;38,8;99,3;37,0;40,6;7,8;7,8;1,3;1,3;0,0;3,5;0,0;0,3;0,5;0,0;
64003;Schule am Erlenbach;1.220;476;473;186;178;38;16;5;9;1;39;1;0;0;0;
 ; in %; ;44,8;99,4;39,3;37,6;8,0;3,4;1,1;1,9;0,2;8,2;0,2;0,0;0,0;0,0;
94200;Briefwahl Nieder-Erlenbach;0;439;436;177;167;38;12;9;12;0;19;1;1;0;0;
 ; in %; ;0,0;99,3;40,6;38,3;8,7;2,8;2,1;2,8;0,0;4,4;0,2;0,2;0,0;0,0;
;Stadtteil Nieder-Erlenbach ges.;3.544;1.808;1.796;716;665;142;82;20;36;2;122;2;4;5;0;
 ; in %; ;51,0;99,3;39,9;37,0;7,9;4,6;1,1;2,0;0,1;6,8;0,1;0,2;0,3;0,0;
;;;;;;;;;;;;;;;;;
;Stadtteil Nieder-Eschbach;;;;;;;;;;;;;;;;
67001;Otto-Hahn-Schule;1.277;463;462;177;155;33;22;1;11;4;53;1;5;0;0;
 ; in %; ;43,1;99,8;38,3;33,5;7,1;4,8;0,2;2,4;0,9;11,5;0,2;1,1;0,0;0,0;
67002;Otto-Hahn-Schule;1.292;352;348;90;152;34;25;1;6;2;35;1;1;1;0;
 ; in %; ;29,7;98,9;25,9;43,7;9,8;7,2;0,3;1,7;0,6;10,1;0,3;0,3;0,3;0,0;
67003;Michael-Grzimek-Schule;1.223;453;446;179;154;30;38;7;13;1;21;3;0;0;0;
 ; in %; ;42,7;98,5;40,1;34,5;6,7;8,5;1,6;2,9;0,2;4,7;0,7;0,0;0,0;0,0;
67004;Michael-Grzimek-Schule;1.312;436;427;158;153;44;20;1;12;0;34;1;2;0;2;
 ; in %; ;38,0;97,9;37,0;35,8;10,3;4,7;0,2;2,8;0,0;8,0;0,2;0,5;0,0;0,5;
67005;Kinderhaus am Bügel;1.462;271;269;69;134;16;9;3;9;0;22;0;1;5;1;
 ; in %; ;20,4;99,3;25,7;49,8;5,9;3,3;1,1;3,3;0,0;8,2;0,0;0,4;1,9;0,4;
67006;Altentagesstätte;1.475;267;263;30;182;8;19;3;2;0;15;0;2;1;1;
 ; in %; ;18,8;98,5;11,4;69,2;3,0;7,2;1,1;0,8;0,0;5,7;0,0;0,8;0,4;0,4;
94501;Briefwahl Nieder-Eschbach;0;424;422;146;147;38;17;7;24;1;39;0;1;1;1;
 ; in %; ;0,0;99,5;34,6;34,8;9,0;4,0;1,7;5,7;0,2;9,2;0,0;0,2;0,2;0,2;
94502;Briefwahl Nieder-Eschbach;0;313;313;95;127;23;18;5;9;8;24;1;2;1;0;
 ; in %; ;0,0;100;30,4;40,6;7,3;5,8;1,6;2,9;2,6;7,7;0,3;0,6;0,3;0,0;
;Stadtteil Nieder-Eschbach ges.;8.041;2.979;2.950;944;1.204;226;168;28;86;16;243;7;14;9;5;
 ; in %; ;37,0;99,0;32,0;40,8;7,7;5,7;0,9;2,9;0,5;8,2;0,2;0,5;0,3;0,2;
;;;;;;;;;;;;;;;;;
;Stadtteil Niederrad;;;;;;;;;;;;;;;;
37101;Frauenhofschule;1.392;262;260;81;114;15;27;1;1;4;14;1;2;0;0;
 ; in %; ;20,1;99,2;31,2;43,8;5,8;10,4;0,4;0,4;1,5;5,4;0,4;0,8;0,0;0,0;
37102;Salzmannschule;1.718;488;486;105;206;39;58;6;9;3;41;2;12;3;2;
 ; in %; ;32,6;99,6;21,6;42,4;8,0;11,9;1,2;1,9;0,6;8,4;0,4;2,5;0,6;0,4;
37103;Salzmannschule;1.396;394;392;74;230;15;28;3;5;1;34;1;1;0;0;
 ; in %; ;30,7;99,5;18,9;58,7;3,8;7,1;0,8;1,3;0,3;8,7;0,3;0,3;0,0;0,0;
37104;Salzmannschule;1.162;259;255;33;151;16;17;9;4;2;20;0;2;1;0;
 ; in %; ;24,7;98,5;12,9;59,2;6,3;6,7;3,5;1,6;0,8;7,8;0,0;0,8;0,4;0,0;
37105;Raum für Kultur;1.116;204;204;39;123;5;22;0;0;0;15;0;0;0;0;
 ; in %; ;19,7;100;19,1;60,3;2,5;10,8;0,0;0,0;0,0;7,4;0,0;0,0;0,0;0,0;
37106;Raum für Kultur;1.238;282;279;49;156;22;18;3;1;0;26;0;2;2;0;
 ; in %; ;24,6;98,9;17,6;55,9;7,9;6,5;1,1;0,4;0,0;9,3;0,0;0,7;0,7;0,0;
37201;Saalbau Turnhalle NTG;1.576;278;271;38;181;10;15;1;5;0;21;0;0;0;0;
 ; in %; ;18,7;97,5;14,0;66,8;3,7;5,5;0,4;1,8;0,0;7,7;0,0;0,0;0,0;0,0;
37202;Friedrich-Fröbel-Schule;1.288;289;288;55;158;14;21;3;5;2;28;0;1;0;1;
 ; in %; ;23,5;99,7;19,1;54,9;4,9;7,3;1,0;1,7;0,7;9,7;0,0;0,3;0,0;0,3;
37203;Friedrich-Fröbel-Schule;1.203;356;355;81;172;25;24;2;2;3;41;1;3;1;0;
 ; in %; ;35,9;99,7;22,8;48,5;7,0;6,8;0,6;0,6;0,8;11,5;0,3;0,8;0,3;0,0;
37204;Friedrich-Fröbel-Schule;1.571;313;311;55;161;19;31;9;2;1;26;3;2;1;1;
 ; in %; ;22,5;99,4;17,7;51,8;6,1;10,0;2,9;0,6;0,3;8,4;1,0;0,6;0,3;0,3;
37205;Saalbau Turnhalle NTG;1.625;433;427;107;205;32;36;7;4;1;29;1;5;0;0;
 ; in %; ;29,4;98,6;25,1;48,0;7,5;8,4;1,6;0,9;0,2;6,8;0,2;1,2;0,0;0,0;
37206;Friedrich-Fröbel-Schule;1.514;378;376;89;190;25;31;3;3;3;25;1;5;1;0;
 ; in %; ;28,2;99,5;23,7;50,5;6,6;8,2;0,8;0,8;0,8;6,6;0,3;1,3;0,3;0,0;
91701;Briefwahl Niederrad;0;384;378;112;151;37;46;5;3;4;14;1;5;0;0;
 ; in %; ;0,0;98,4;29,6;39,9;9,8;12,2;1,3;0,8;1,1;3,7;0,3;1,3;0,0;0,0;
91702;Briefwahl Niederrad;0;269;266;77;127;12;14;3;3;8;19;0;1;1;1;
 ; in %; ;0,0;98,9;28,9;47,7;4,5;5,3;1,1;1,1;3,0;7,1;0,0;0,4;0,4;0,4;
91703;Briefwahl Niederrad;0;393;389;84;212;27;15;8;5;3;25;2;7;0;1;
 ; in %; ;0,0;99,0;21,6;54,5;6,9;3,9;2,1;1,3;0,8;6,4;0,5;1,8;0,0;0,3;
91704;Briefwahl Niederrad;0;430;429;127;175;39;28;7;9;3;37;0;2;2;0;
 ; in %; ;0,0;99,8;29,6;40,8;9,1;6,5;1,6;2,1;0,7;8,6;0,0;0,5;0,5;0,0;
;Stadtteil Niederrad ges.;16.799;5.412;5.366;1.206;2.712;352;431;70;61;38;415;13;50;12;6;
 ; in %; ;32,2;99,2;22,5;50,5;6,6;8,0;1,3;1,1;0,7;7,7;0,2;0,9;0,2;0,1;
;;;;;;;;;;;;;;;;;
;Stadtteil Niederursel;;;;;;;;;;;;;;;;
48101;Gustav-Adolf-Gemeinde;1.533;523;518;147;180;51;52;6;9;3;50;4;5;11;0;
 ; in %; ;38,5;99,0;28,4;34,7;9,8;10,0;1,2;1,7;0,6;9,7;0,8;1,0;2,1;0,0;
48102;Heinrich-Kromer-Schule;1.556;514;510;128;228;50;40;4;15;2;40;0;2;1;0;
 ; in %; ;36,4;99,2;25,1;44,7;9,8;7,8;0,8;2,9;0,4;7,8;0,0;0,4;0,2;0,0;
48103;Erich-Kästner-Schule;1.556;366;362;79;196;22;27;7;3;2;26;0;0;0;0;
 ; in %; ;26,3;98,9;21,8;54,1;6,1;7,5;1,9;0,8;0,6;7,2;0,0;0,0;0,0;0,0;
48201;Gemeinde St. Matthias;1.444;369;367;90;187;23;20;2;8;5;31;0;0;1;0;
 ; in %; ;27,3;99,5;24,5;51,0;6,3;5,4;0,5;2,2;1,4;8,4;0,0;0,0;0,3;0,0;
48202;Mosaikschule;1.506;379;378;78;200;17;35;4;7;0;33;2;1;1;0;
 ; in %; ;26,9;99,7;20,6;52,9;4,5;9,3;1,1;1,9;0,0;8,7;0,5;0,3;0,3;0,0;
48203;Europäische Schule;1.474;386;386;111;174;22;25;3;8;0;37;0;4;2;0;
 ; in %; ;28,3;100;28,8;45,1;5,7;6,5;0,8;2,1;0,0;9,6;0,0;1,0;0,5;0,0;
48301;relexa hotel;1.389;466;461;99;211;57;45;6;12;1;23;1;6;0;0;
 ; in %; ;36,8;98,9;21,5;45,8;12,4;9,8;1,3;2,6;0,2;5,0;0,2;1,3;0,0;0,0;
92501;Briefwahl Niederursel;0;559;556;146;283;39;30;3;25;2;22;1;2;2;1;
 ; in %; ;0,0;99,5;26,3;50,9;7,0;5,4;0,5;4,5;0,4;4,0;0,2;0,4;0,4;0,2;
92502;Briefwahl Niederursel;0;281;280;76;138;17;12;6;6;2;22;1;0;0;0;
 ; in %; ;0,0;99,6;27,1;49,3;6,1;4,3;2,1;2,1;0,7;7,9;0,4;0,0;0,0;0,0;
;Stadtteil Niederursel ges.;10.458;3.843;3.818;954;1.797;298;286;41;93;17;284;9;20;18;1;
 ; in %; ;36,7;99,3;25,0;47,1;7,8;7,5;1,1;2,4;0,4;7,4;0,2;0,5;0,5;0,0;
;;;;;;;;;;;;;;;;;
;Stadtteil Nordend-Ost;;;;;;;;;;;;;;;;
13001;Klingerschule;1.466;468;468;70;225;73;58;9;4;2;18;0;6;3;0;
 ; in %; ;35,8;100;15,0;48,1;15,6;12,4;1,9;0,9;0,4;3,8;0,0;1,3;0,6;0,0;
13002;Klingerschule;1.378;490;488;88;237;71;53;5;6;0;25;1;2;0;0;
 ; in %; ;39,6;99,6;18,0;48,6;14,5;10,9;1,0;1,2;0,0;5,1;0,2;0,4;0,0;0,0;
13003;Klingerschule;1.498;462;461;67;236;61;69;5;5;2;11;0;5;0;0;
 ; in %; ;35,7;99,8;14,5;51,2;13,2;15,0;1,1;1,1;0,4;2,4;0,0;1,1;0,0;0,0;
22101;Hans-Böckler-Schule;1.127;407;406;69;166;61;82;5;6;1;10;4;2;0;0;
 ; in %; ;40,3;99,8;17,0;40,9;15,0;20,2;1,2;1,5;0,2;2,5;1,0;0,5;0,0;0,0;
22102;Merianschule;1.408;545;545;84;239;104;72;6;5;1;24;1;6;2;1;
 ; in %; ;44,1;100;15,4;43,9;19,1;13,2;1,1;0,9;0,2;4,4;0,2;1,1;0,4;0,2;
22103;Merianschule;1.384;595;593;88;285;80;93;14;3;1;20;2;3;4;0;
 ; in %; ;48,8;99,7;14,8;48,1;13,5;15,7;2,4;0,5;0,2;3,4;0,3;0,5;0,7;0,0;
22201;IGS-Nordend;1.367;486;484;70;225;81;73;3;1;0;17;3;9;1;1;
 ; in %; ;40,0;99,6;14,5;46,5;16,7;15,1;0,6;0,2;0,0;3,5;0,6;1,9;0,2;0,2;
22202;IGS-Nordend;1.243;503;500;83;210;92;86;6;4;0;11;1;4;3;0;
 ; in %; ;46,3;99,4;16,6;42,0;18,4;17,2;1,2;0,8;0,0;2,2;0,2;0,8;0,6;0,0;
22203;Hans-Böckler-Schule;1.266;405;400;47;191;58;61;7;4;0;21;4;3;4;0;
 ; in %; ;35,2;98,8;11,8;47,8;14,5;15,3;1,8;1,0;0,0;5,3;1,0;0,8;1,0;0,0;
22204;Hans-Böckler-Schule;1.343;471;469;60;240;44;72;4;7;2;29;1;3;6;1;
 ; in %; ;39,5;99,6;12,8;51,2;9,4;15,4;0,9;1,5;0,4;6,2;0,2;0,6;1,3;0,2;
23001;Jugendhaus Heideplatz;1.528;441;439;54;213;67;78;4;2;2;17;0;2;0;0;
 ; in %; ;32,6;99,5;12,3;48,5;15,3;17,8;0,9;0,5;0,5;3,9;0,0;0,5;0,0;0,0;
23002;Christuskirche;1.405;479;476;73;226;88;70;5;1;1;9;0;2;1;0;
 ; in %; ;38,2;99,4;15,3;47,5;18,5;14,7;1,1;0,2;0,2;1,9;0,0;0,4;0,2;0,0;
23003;Klingerschule;977;279;275;34;135;46;44;3;2;1;9;0;1;0;0;
 ; in %; ;33,5;98,6;12,4;49,1;16,7;16,0;1,1;0,7;0,4;3,3;0,0;0,4;0,0;0,0;
90701;Briefwahl Nordend-Ost;0;464;462;115;198;74;46;7;3;2;10;1;3;0;3;
 ; in %; ;0,0;99,6;24,9;42,9;16,0;10,0;1,5;0,6;0,4;2,2;0,2;0,6;0,0;0,6;
90702;Briefwahl Nordend-Ost;0;413;411;100;150;83;41;11;7;2;12;0;5;0;0;
 ; in %; ;0,0;99,5;24,3;36,5;20,2;10,0;2,7;1,7;0,5;2,9;0,0;1,2;0,0;0,0;
90703;Briefwahl Nordend-Ost;0;510;508;104;222;78;63;9;7;5;15;1;4;0;0;
 ; in %; ;0,0;99,6;20,5;43,7;15,4;12,4;1,8;1,4;1,0;3,0;0,2;0,8;0,0;0,0;
90704;Briefwahl Nordend-Ost;0;434;432;105;180;63;46;8;8;1;10;0;7;3;1;
 ; in %; ;0,0;99,5;24,3;41,7;14,6;10,6;1,9;1,9;0,2;2,3;0,0;1,6;0,7;0,2;
;Stadtteil Nordend-Ost ges.;17.390;7.852;7.817;1.311;3.578;1.224;1.107;111;75;23;268;19;67;27;7;
 ; in %; ;45,2;99,6;16,8;45,8;15,7;14,2;1,4;1,0;0,3;3,4;0,2;0,9;0,3;0,1;
;;;;;;;;;;;;;;;;;
;Stadtteil Nordend-West;;;;;;;;;;;;;;;;
12001;Musterschule;1.301;516;515;121;212;72;62;10;4;4;21;1;5;2;1;
 ; in %; ;45,7;99,8;23,5;41,2;14,0;12,0;1,9;0,8;0,8;4,1;0,2;1,0;0,4;0,2;
12002;Musterschule;1.418;500;495;104;187;85;71;5;8;2;28;1;2;2;0;
 ; in %; ;40,5;99,0;21,0;37,8;17,2;14,3;1,0;1,6;0,4;5,7;0,2;0,4;0,4;0,0;
12003;Haus der Volksarbeit;1.319;427;426;96;187;53;49;8;4;1;17;1;10;0;0;
 ; in %; ;37,1;99,8;22,5;43,9;12,4;11,5;1,9;0,9;0,2;4,0;0,2;2,3;0,0;0,0;
12004;Musterschule;1.165;358;356;82;148;47;47;6;4;1;19;0;2;0;0;
 ; in %; ;35,6;99,4;23,0;41,6;13,2;13,2;1,7;1,1;0,3;5,3;0,0;0,6;0,0;0,0;
20101;Berufl. Schulen-Berta-Jourdan;1.523;552;550;114;241;88;62;2;6;2;32;1;0;1;1;
 ; in %; ;41,0;99,6;20,7;43,8;16,0;11,3;0,4;1,1;0,4;5,8;0,2;0,0;0,2;0,2;
20102;Berufl. Schulen-Berta-Jourdan;1.598;606;605;166;254;78;65;3;5;4;26;0;2;1;1;
 ; in %; ;44,4;99,8;27,4;42,0;12,9;10,7;0,5;0,8;0,7;4,3;0,0;0,3;0,2;0,2;
20201;Heinrich-Kleyer-Schule;1.663;511;510;112;256;44;40;6;13;1;33;1;2;1;1;
 ; in %; ;35,3;99,8;22,0;50,2;8,6;7,8;1,2;2,5;0,2;6,5;0,2;0,4;0,2;0,2;
20301;Berufl. Schulen-Berta-Jourdan;1.297;473;470;106;188;70;59;8;1;2;30;1;5;0;0;
 ; in %; ;42,4;99,4;22,6;40,0;14,9;12,6;1,7;0,2;0,4;6,4;0,2;1,1;0,0;0,0;
20302;Elisabethenschule Cafeteria;1.217;477;475;201;144;57;31;7;2;2;26;0;5;0;0;
 ; in %; ;47,6;99,6;42,3;30,3;12,0;6,5;1,5;0,4;0,4;5,5;0,0;1,1;0,0;0,0;
20303;Amt für Wohnungswesen;1.049;364;364;142;126;49;18;3;1;3;16;1;3;1;1;
 ; in %; ;42,7;100;39,0;34,6;13,5;4,9;0,8;0,3;0,8;4,4;0,3;0,8;0,3;0,3;
20304;Elisabethenschule Cafeteria;1.171;402;399;147;132;50;24;1;5;1;34;0;3;2;0;
 ; in %; ;41,7;99,3;36,8;33,1;12,5;6,0;0,3;1,3;0,3;8,5;0,0;0,8;0,5;0,0;
21101;AWO Nordendzentrum;1.251;395;393;78;189;52;41;3;2;4;17;2;5;0;0;
 ; in %; ;36,1;99,5;19,8;48,1;13,2;10,4;0,8;0,5;1,0;4,3;0,5;1,3;0,0;0,0;
21102;B. Schulen-Berta-Jourdan Außenst.;1.092;405;405;61;195;55;59;6;3;1;16;3;2;4;0;
 ; in %; ;42,3;100;15,1;48,1;13,6;14,6;1,5;0,7;0,2;4,0;0,7;0,5;1,0;0,0;
21103;B. Schulen-Berta-Jourdan Außenst.;1.190;411;409;68;173;73;62;9;3;1;13;1;6;0;0;
 ; in %; ;37,5;99,5;16,6;42,3;17,8;15,2;2,2;0,7;0,2;3,2;0,2;1,5;0,0;0,0;
21201;Frankfurt Univ. of Applied Sciences;1.176;409;409;44;206;70;65;7;2;1;10;0;4;0;0;
 ; in %; ;38,8;100;10,8;50,4;17,1;15,9;1,7;0,5;0,2;2,4;0,0;1,0;0,0;0,0;
21202;Bürgerhospital Kapelle;1.360;449;448;78;196;69;61;9;4;4;20;2;3;2;0;
 ; in %; ;36,8;99,8;17,4;43,8;15,4;13,6;2,0;0,9;0,9;4,5;0,4;0,7;0,4;0,0;
21203;B. Schulen-Berta-Jourdan Außenst.;1.343;504;503;61;247;90;75;5;4;0;10;4;6;0;1;
 ; in %; ;42,5;99,8;12,1;49,1;17,9;14,9;1,0;0,8;0,0;2,0;0,8;1,2;0,0;0,2;
21301;Valentin-Senger-Schule;855;218;218;43;98;28;19;3;4;1;20;1;0;1;0;
 ; in %; ;30,5;100;19,7;45,0;12,8;8,7;1,4;1,8;0,5;9,2;0,5;0,0;0,5;0,0;
90601;Briefwahl Nordend-West;0;321;320;88;124;52;36;3;4;0;7;1;5;0;0;
 ; in %; ;0,0;99,7;27,5;38,8;16,3;11,3;0,9;1,3;0,0;2,2;0,3;1,6;0,0;0,0;
90602;Briefwahl Nordend-West;0;298;297;102;116;34;22;1;4;1;14;0;2;0;1;
 ; in %; ;0,0;99,7;34,3;39,1;11,4;7,4;0,3;1,3;0,3;4,7;0,0;0,7;0,0;0,3;
90603;Briefwahl Nordend-West;0;373;373;126;130;52;23;1;9;0;27;1;2;2;0;
 ; in %; ;0,0;100;33,8;34,9;13,9;6,2;0,3;2,4;0,0;7,2;0,3;0,5;0,5;0,0;
90604;Briefwahl Nordend-West;0;553;553;219;197;43;47;7;8;3;19;1;5;1;3;
 ; in %; ;0,0;100;39,6;35,6;7,8;8,5;1,3;1,4;0,5;3,4;0,2;0,9;0,2;0,5;
90605;Briefwahl Nordend-West;0;376;374;214;98;29;12;1;6;2;12;0;0;0;0;
 ; in %; ;0,0;99,5;57,2;26,2;7,8;3,2;0,3;1,6;0,5;3,2;0,0;0,0;0,0;0,0;
90606;Briefwahl Nordend-West;0;361;360;72;143;69;53;2;6;0;8;1;3;1;2;
 ; in %; ;0,0;99,7;20,0;39,7;19,2;14,7;0,6;1,7;0,0;2,2;0,3;0,8;0,3;0,6;
90607;Briefwahl Nordend-West;0;520;516;150;181;79;60;8;8;1;21;0;6;1;1;
 ; in %; ;0,0;99,2;29,1;35,1;15,3;11,6;1,6;1,6;0,2;4,1;0,0;1,2;0,2;0,2;
;Stadtteil Nordend-West ges.;22.988;10.779;10.743;2.795;4.368;1.488;1.163;124;120;42;496;24;88;22;13;
 ; in %; ;46,9;99,7;26,0;40,7;13,9;10,8;1,2;1,1;0,4;4,6;0,2;0,8;0,2;0,1;
;;;;;;;;;;;;;;;;;
;Stadtteil Oberrad;;;;;;;;;;;;;;;;
38001;Saalbau Bürgertreff Depot;1.116;258;255;61;118;19;31;3;2;0;16;0;4;1;0;
 ; in %; ;25,0;98,8;23,9;46,3;7,5;12,2;1,2;0,8;0,0;6,3;0,0;1,6;0,4;0,0;
38002;PTH Sankt Georgen;1.172;331;329;92;148;34;28;4;2;0;20;0;1;0;0;
 ; in %; ;32,3;99,4;28,0;45,0;10,3;8,5;1,2;0,6;0,0;6,1;0,0;0,3;0,0;0,0;
38003;Saalbau Bürgertreff Depot;1.408;382;381;101;177;27;27;3;7;0;34;0;5;0;0;
 ; in %; ;29,9;99,7;26,5;46,5;7,1;7,1;0,8;1,8;0,0;8,9;0,0;1,3;0,0;0,0;
38004;Gruneliusschule;1.373;443;441;108;212;23;35;9;6;4;39;0;4;1;0;
 ; in %; ;34,9;99,5;24,5;48,1;5,2;7,9;2,0;1,4;0,9;8,8;0,0;0,9;0,2;0,0;
38005;Gruneliusschule;1.209;255;255;60;121;16;13;2;3;0;36;0;3;1;0;
 ; in %; ;23,4;100;23,5;47,5;6,3;5,1;0,8;1,2;0,0;14,1;0,0;1,2;0,4;0,0;
38006;Gruneliusschule;1.485;353;352;78;188;21;26;8;2;2;23;2;2;0;0;
 ; in %; ;26,2;99,7;22,2;53,4;6,0;7,4;2,3;0,6;0,6;6,5;0,6;0,6;0,0;0,0;
38007;Saalbau Bürgertreff Depot;1.443;322;319;74;170;20;23;2;5;0;23;0;2;0;0;
 ; in %; ;23,9;99,1;23,2;53,3;6,3;7,2;0,6;1,6;0,0;7,2;0,0;0,6;0,0;0,0;
91601;Briefwahl Oberrad;0;404;402;117;199;22;24;9;5;5;13;0;6;1;1;
 ; in %; ;0,0;99,5;29,1;49,5;5,5;6,0;2,2;1,2;1,2;3,2;0,0;1,5;0,2;0,2;
91602;Briefwahl Oberrad;0;361;359;108;158;35;18;1;6;0;26;3;3;0;1;
 ; in %; ;0,0;99,4;30,1;44,0;9,7;5,0;0,3;1,7;0,0;7,2;0,8;0,8;0,0;0,3;
;Stadtteil Oberrad ges.;9.206;3.109;3.093;799;1.491;217;225;41;38;11;230;5;30;4;2;
 ; in %; ;33,8;99,5;25,8;48,2;7,0;7,3;1,3;1,2;0,4;7,4;0,2;1,0;0,1;0,1;
;;;;;;;;;;;;;;;;;
;Stadtteil Ostend;;;;;;;;;;;;;;;;
14001;Volkshochschule;1.158;304;304;43;145;54;31;6;2;3;15;1;2;1;1;
 ; in %; ;29,2;100;14,1;47,7;17,8;10,2;2,0;0,7;1,0;4,9;0,3;0,7;0,3;0,3;
14002;Volkshochschule;1.314;353;350;56;181;39;43;5;2;1;21;0;2;0;0;
 ; in %; ;28,3;99,2;16,0;51,7;11,1;12,3;1,4;0,6;0,3;6,0;0,0;0,6;0,0;0,0;
14003;Heinrich-von-Gagern-Gymnasium;1.189;265;263;43;125;38;30;6;4;0;13;0;3;1;0;
 ; in %; ;24,7;99,2;16,3;47,5;14,4;11,4;2,3;1,5;0,0;4,9;0,0;1,1;0,4;0,0;
14004;IGS-Herder;1.363;337;334;85;142;47;33;3;4;2;15;0;3;0;0;
 ; in %; ;29,0;99,1;25,4;42,5;14,1;9,9;0,9;1,2;0,6;4,5;0,0;0,9;0,0;0,0;
14005;Volkshochschule;710;259;257;86;101;26;8;2;8;1;23;0;2;0;0;
 ; in %; ;41,7;99,2;33,5;39,3;10,1;3,1;0,8;3,1;0,4;8,9;0,0;0,8;0,0;0,0;
25101;Kirchengemeinde Nord-Ost;993;332;330;59;155;52;44;4;2;2;10;0;2;0;0;
 ; in %; ;38,0;99,4;17,9;47,0;15,8;13,3;1,2;0,6;0,6;3,0;0,0;0,6;0,0;0,0;
25102;IGS-Herder;1.256;401;399;74;183;54;53;8;11;1;12;0;2;1;0;
 ; in %; ;35,9;99,5;18,5;45,9;13,5;13,3;2,0;2,8;0,3;3,0;0,0;0,5;0,3;0,0;
25103;August-Stunz-Zentrum;1.490;416;413;58;232;45;49;2;1;3;19;1;1;1;1;
 ; in %; ;30,6;99,3;14,0;56,2;10,9;11,9;0,5;0,2;0,7;4,6;0,2;0,2;0,2;0,2;
25104;IGS-Herder;933;287;285;42;130;46;45;2;4;1;6;1;7;1;0;
 ; in %; ;33,8;99,3;14,7;45,6;16,1;15,8;0,7;1,4;0,4;2,1;0,4;2,5;0,4;0,0;
25201;Helmholtzschule;1.670;548;543;98;253;64;71;10;8;0;35;1;3;0;0;
 ; in %; ;37,6;99,1;18,0;46,6;11,8;13,1;1,8;1,5;0,0;6,4;0,2;0,6;0,0;0,0;
25202;Helmholtzschule;1.402;533;529;81;258;80;73;8;3;2;13;1;6;3;1;
 ; in %; ;43,6;99,2;15,3;48,8;15,1;13,8;1,5;0,6;0,4;2,5;0,2;1,1;0,6;0,2;
25203;Stauffenbergschule;1.402;462;461;70;223;66;70;9;1;2;15;0;4;1;0;
 ; in %; ;37,2;99,8;15,2;48,4;14,3;15,2;2,0;0,2;0,4;3,3;0,0;0,9;0,2;0,0;
25204;Dahlmannschule;1.421;570;562;98;281;73;63;5;11;1;24;1;4;1;0;
 ; in %; ;45,8;98,6;17,4;50,0;13,0;11,2;0,9;2,0;0,2;4,3;0,2;0,7;0,2;0,0;
25205;Dahlmannschule;1.374;648;646;159;330;57;65;4;7;0;19;1;3;1;0;
 ; in %; ;53,4;99,7;24,6;51,1;8,8;10,1;0,6;1,1;0,0;2,9;0,2;0,5;0,2;0,0;
26101;August-Stunz-Zentrum;1.670;311;308;73;136;37;29;6;4;2;14;1;6;0;0;
 ; in %; ;20,4;99,0;23,7;44,2;12,0;9,4;1,9;1,3;0,6;4,5;0,3;1,9;0,0;0,0;
26102;Volkshochschule;1.601;344;343;70;173;25;33;5;8;2;19;0;7;0;1;
 ; in %; ;23,4;99,7;20,4;50,4;7,3;9,6;1,5;2,3;0,6;5,5;0,0;2,0;0,0;0,3;
90801;Briefwahl Ostend;0;380;378;128;138;39;30;7;4;2;17;3;9;0;1;
 ; in %; ;0,0;99,5;33,9;36,5;10,3;7,9;1,9;1,1;0,5;4,5;0,8;2,4;0,0;0,3;
90802;Briefwahl Ostend;0;399;396;111;158;47;32;6;3;7;20;1;9;2;0;
 ; in %; ;0,0;99,2;28,0;39,9;11,9;8,1;1,5;0,8;1,8;5,1;0,3;2,3;0,5;0,0;
90803;Briefwahl Ostend;0;439;435;121;176;56;48;4;1;6;17;1;3;2;0;
 ; in %; ;0,0;99,1;27,8;40,5;12,9;11,0;0,9;0,2;1,4;3,9;0,2;0,7;0,5;0,0;
90804;Briefwahl Ostend;0;514;513;151;193;81;48;2;6;0;20;4;4;4;0;
 ; in %; ;0,0;99,8;29,4;37,6;15,8;9,4;0,4;1,2;0,0;3,9;0,8;0,8;0,8;0,0;
90805;Briefwahl Ostend;0;309;309;76;160;28;15;5;4;0;16;0;4;1;0;
 ; in %; ;0,0;100;24,6;51,8;9,1;4,9;1,6;1,3;0,0;5,2;0,0;1,3;0,3;0,0;
;Stadtteil Ostend ges.;20.946;8.411;8.358;1.782;3.873;1.054;913;109;98;38;363;17;86;20;5;
 ; in %; ;40,2;99,4;21,3;46,3;12,6;10,9;1,3;1,2;0,5;4,3;0,2;1,0;0,2;0,1;
;;;;;;;;;;;;;;;;;
;Stadtteil Praunheim;;;;;;;;;;;;;;;;
42201;Ebelfeldschule;1.457;494;491;112;212;52;54;7;6;0;42;2;3;0;1;
 ; in %; ;40,0;99,4;22,8;43,2;10,6;11,0;1,4;1,2;0,0;8,6;0,4;0,6;0,0;0,2;
42202;Ebelfeldschule;1.658;474;472;81;257;31;53;5;4;2;36;0;1;0;2;
 ; in %; ;31,0;99,6;17,2;54,4;6,6;11,2;1,1;0,8;0,4;7,6;0,0;0,2;0,0;0,4;
42203;Ebelfeldschule;1.396;427;425;106;204;18;31;2;8;2;45;2;2;4;1;
 ; in %; ;35,2;99,5;24,9;48,0;4,2;7,3;0,5;1,9;0,5;10,6;0,5;0,5;0,9;0,2;
42301;Liebigschule;854;225;224;32;140;6;22;2;2;1;17;1;1;0;0;
 ; in %; ;29,3;99,6;14,3;62,5;2,7;9,8;0,9;0,9;0,4;7,6;0,4;0,4;0,0;0,0;
42302;Liebigschule;929;248;246;37;144;13;24;4;6;1;15;0;0;2;0;
 ; in %; ;28,8;99,2;15,0;58,5;5,3;9,8;1,6;2,4;0,4;6,1;0,0;0,0;0,8;0,0;
42401;Pflegeheim Praunheim;978;365;364;100;158;35;39;4;3;2;18;0;3;2;0;
 ; in %; ;45,1;99,7;27,5;43,4;9,6;10,7;1,1;0,8;0,5;4,9;0,0;0,8;0,5;0,0;
42501;Pflegeheim Praunheim;1.554;425;424;100;175;42;50;1;10;1;41;0;3;1;0;
 ; in %; ;29,4;99,8;23,6;41,3;9,9;11,8;0,2;2,4;0,2;9,7;0,0;0,7;0,2;0,0;
42601;Römerstadtschule;1.192;234;230;49;138;7;17;0;5;0;9;1;2;2;0;
 ; in %; ;21,3;98,3;21,3;60,0;3,0;7,4;0,0;2,2;0,0;3,9;0,4;0,9;0,9;0,0;
42602;Europäische Schule;1.075;371;368;79;187;24;43;0;5;2;24;0;2;2;0;
 ; in %; ;38,9;99,2;21,5;50,8;6,5;11,7;0,0;1,4;0,5;6,5;0,0;0,5;0,5;0,0;
92201;Briefwahl Praunheim;0;489;483;139;220;36;36;2;14;2;30;0;2;2;0;
 ; in %; ;0,0;98,8;28,8;45,5;7,5;7,5;0,4;2,9;0,4;6,2;0,0;0,4;0,4;0,0;
92202;Briefwahl Praunheim;0;391;389;107;175;30;40;1;6;1;25;0;2;2;0;
 ; in %; ;0,0;99,5;27,5;45,0;7,7;10,3;0,3;1,5;0,3;6,4;0,0;0,5;0,5;0,0;
92203;Briefwahl Praunheim;0;222;221;85;99;10;7;0;7;0;10;0;2;1;0;
 ; in %; ;0,0;99,5;38,5;44,8;4,5;3,2;0,0;3,2;0,0;4,5;0,0;0,9;0,5;0,0;
;Stadtteil Praunheim ges.;11.093;4.365;4.337;1.027;2.109;304;416;28;76;14;312;6;23;18;4;
 ; in %; ;39,3;99,4;23,7;48,6;7,0;9,6;0,6;1,8;0,3;7,2;0,1;0,5;0,4;0,1;
;;;;;;;;;;;;;;;;;
;Stadtteil Preungesheim;;;;;;;;;;;;;;;;
47001;Kita New Betts;1.470;473;473;99;232;37;48;4;11;2;29;2;8;1;0;
 ; in %; ;34,8;100;20,9;49,0;7,8;10,1;0,8;2,3;0,4;6,1;0,4;1,7;0,2;0,0;
47002;Festeburggemeinde;1.308;537;537;114;237;58;64;7;2;1;46;1;5;2;0;
 ; in %; ;47,5;100;21,2;44,1;10,8;11,9;1,3;0,4;0,2;8,6;0,2;0,9;0,4;0,0;
47003;Carlo-Mierendorff-Schule;1.671;310;307;55;179;13;32;2;3;0;20;1;1;0;1;
 ; in %; ;19,7;99,0;17,9;58,3;4,2;10,4;0,7;1,0;0,0;6,5;0,3;0,3;0,0;0,3;
47004;Carlo-Mierendorff-Schule;1.447;304;302;60;192;18;11;2;2;3;13;0;0;1;0;
 ; in %; ;22,0;99,3;19,9;63,6;6,0;3,6;0,7;0,7;1,0;4,3;0,0;0,0;0,3;0,0;
47005;Ev. Kreuzgemeinde;1.628;493;486;117;215;39;46;6;8;2;45;3;5;0;0;
 ; in %; ;33,8;98,6;24,1;44,2;8,0;9,5;1,2;1,6;0,4;9,3;0,6;1,0;0,0;0,0;
47006;Liesel-Oestreicher-Schule;1.221;486;486;76;287;47;36;4;5;0;25;2;3;1;0;
 ; in %; ;43,6;100;15,6;59,1;9,7;7,4;0,8;1,0;0,0;5,1;0,4;0,6;0,2;0,0;
47007;Liesel-Oestreicher-Schule;1.477;581;577;94;330;57;56;3;4;4;23;0;5;1;0;
 ; in %; ;43,1;99,3;16,3;57,2;9,9;9,7;0,5;0,7;0,7;4,0;0,0;0,9;0,2;0,0;
93001;Briefwahl Preungesheim;0;355;354;112;151;21;28;1;5;7;27;0;1;1;0;
 ; in %; ;0,0;99,7;31,6;42,7;5,9;7,9;0,3;1,4;2,0;7,6;0,0;0,3;0,3;0,0;
93002;Briefwahl Preungesheim;0;444;443;111;202;40;26;4;8;5;38;1;3;1;4;
 ; in %; ;0,0;99,8;25,1;45,6;9,0;5,9;0,9;1,8;1,1;8,6;0,2;0,7;0,2;0,9;
;Stadtteil Preungesheim ges.;10.222;3.983;3.965;838;2.025;330;347;33;48;24;266;10;31;8;5;
 ; in %; ;39,0;99,5;21,1;51,1;8,3;8,8;0,8;1,2;0,6;6,7;0,3;0,8;0,2;0,1;
;;;;;;;;;;;;;;;;;
;Stadtteil Riederwald;;;;;;;;;;;;;;;;
26201;Heilig-Geist-Gemeinde;1.652;485;481;49;298;25;71;2;5;2;24;1;1;0;3;
 ; in %; ;31,8;99,2;10,2;62,0;5,2;14,8;0,4;1,0;0,4;5,0;0,2;0,2;0,0;0,6;
26202;Heilig-Geist-Gemeinde;1.557;358;355;48;223;11;45;0;2;3;20;0;2;0;1;
 ; in %; ;24,9;99,2;13,5;62,8;3,1;12,7;0,0;0,6;0,8;5,6;0,0;0,6;0,0;0,3;
93300;Briefwahl Riederwald;0;227;227;35;148;6;22;4;2;0;6;0;3;0;1;
 ; in %; ;0,0;100;15,4;65,2;2,6;9,7;1,8;0,9;0,0;2,6;0,0;1,3;0,0;0,4;
;Stadtteil Riederwald ges.;3.209;1.070;1.063;132;669;42;138;6;9;5;50;1;6;0;5;
 ; in %; ;33,3;99,3;12,4;62,9;4,0;13,0;0,6;0,8;0,5;4,7;0,1;0,6;0,0;0,5;
;;;;;;;;;;;;;;;;;
;Stadtteil Rödelheim;;;;;;;;;;;;;;;;
40101;Sozial- und Rehazentrum West;1.308;280;280;44;145;26;40;1;6;1;13;2;1;1;0;
 ; in %; ;23,0;100;15,7;51,8;9,3;14,3;0,4;2,1;0,4;4,6;0,7;0,4;0,4;0,0;
40102;Sozial- und Rehazentrum West;1.227;385;382;66;208;34;44;4;6;2;15;0;2;1;0;
 ; in %; ;34,7;99,2;17,3;54,5;8,9;11,5;1,0;1,6;0,5;3,9;0,0;0,5;0,3;0,0;
40103;Ev. Cyriakus Gemeinde;1.485;430;429;51;196;44;113;4;6;1;9;0;2;1;2;
 ; in %; ;31,7;99,8;11,9;45,7;10,3;26,3;0,9;1,4;0,2;2,1;0,0;0,5;0,2;0,5;
40104;Michael-Ende-Schule;1.084;381;374;79;164;49;57;5;4;0;14;0;2;0;0;
 ; in %; ;38,4;98,2;21,1;43,9;13,1;15,2;1,3;1,1;0,0;3,7;0,0;0,5;0,0;0,0;
40105;DRK Ov. City-West;1.333;314;310;44;164;24;47;2;2;1;21;0;4;0;1;
 ; in %; ;25,5;98,7;14,2;52,9;7,7;15,2;0,6;0,6;0,3;6,8;0,0;1,3;0,0;0,3;
40201;Auguste-Oberwinter-Haus;1.974;524;523;96;238;55;81;14;4;3;27;1;3;1;0;
 ; in %; ;29,4;99,8;18,4;45,5;10,5;15,5;2,7;0,8;0,6;5,2;0,2;0,6;0,2;0,0;
40202;Brentanoschule;1.394;523;517;119;217;43;75;8;6;2;40;1;2;4;0;
 ; in %; ;41,9;98,9;23,0;42,0;8,3;14,5;1,5;1,2;0,4;7,7;0,2;0,4;0,8;0,0;
40203;Brentanoschule;1.206;304;303;75;162;16;24;2;4;0;15;1;0;2;2;
 ; in %; ;28,1;99,7;24,8;53,5;5,3;7,9;0,7;1,3;0,0;5,0;0,3;0,0;0,7;0,7;
40204;Brentanoschule;1.435;317;315;61;141;28;46;6;12;2;17;1;1;0;0;
 ; in %; ;24,8;99,4;19,4;44,8;8,9;14,6;1,9;3,8;0,6;5,4;0,3;0,3;0,0;0,0;
92001;Briefwahl Rödelheim;0;489;487;101;214;51;66;10;12;5;23;1;3;0;1;
 ; in %; ;0,0;99,6;20,7;43,9;10,5;13,6;2,1;2,5;1,0;4,7;0,2;0,6;0,0;0,2;
92002;Briefwahl Rödelheim;0;571;567;155;259;47;46;6;10;4;34;0;6;0;0;
 ; in %; ;0,0;99,3;27,3;45,7;8,3;8,1;1,1;1,8;0,7;6,0;0,0;1,1;0,0;0,0;
;Stadtteil Rödelheim ges.;12.446;4.518;4.487;891;2.108;417;639;62;72;21;228;7;26;10;6;
 ; in %; ;36,3;99,3;19,9;47,0;9,3;14,2;1,4;1,6;0,5;5,1;0,2;0,6;0,2;0,1;
;;;;;;;;;;;;;;;;;
;Stadtteil Sachsenhausen-Nord;;;;;;;;;;;;;;;;
30001;Bergiusschule;1.443;356;353;71;138;52;43;4;3;4;27;1;9;1;0;
 ; in %; ;26,9;99,2;20,1;39,1;14,7;12,2;1,1;0,8;1,1;7,6;0,3;2,5;0,3;0,0;
30002;Bergiusschule;1.375;358;357;66;147;62;52;4;4;0;17;2;2;1;0;
 ; in %; ;29,5;99,7;18,5;41,2;17,4;14,6;1,1;1,1;0,0;4,8;0,6;0,6;0,3;0,0;
32101;Schillerschule;1.259;437;436;113;184;55;36;3;2;3;29;0;6;5;0;
 ; in %; ;39,7;99,8;25,9;42,2;12,6;8,3;0,7;0,5;0,7;6,7;0,0;1,4;1,1;0,0;
32102;Schillerschule;1.066;449;448;122;173;64;41;7;3;9;26;0;2;1;0;
 ; in %; ;49,2;99,8;27,2;38,6;14,3;9,2;1,6;0,7;2,0;5,8;0,0;0,4;0,2;0,0;
32103;Carl-Schurz-Schule;1.541;501;499;124;228;59;42;3;4;1;31;1;6;0;0;
 ; in %; ;38,2;99,6;24,8;45,7;11,8;8,4;0,6;0,8;0,2;6,2;0,2;1,2;0,0;0,0;
32201;Riedhofschule;1.337;255;254;41;162;11;26;1;3;1;8;0;1;0;0;
 ; in %; ;20,1;99,6;16,1;63,8;4,3;10,2;0,4;1,2;0,4;3,1;0,0;0,4;0,0;0,0;
32202;Riedhofschule;1.662;481;477;130;214;51;31;4;8;1;31;0;7;0;0;
 ; in %; ;31,9;99,2;27,3;44,9;10,7;6,5;0,8;1,7;0,2;6,5;0,0;1,5;0,0;0,0;
32203;Carl-Schurz-Schule;1.432;629;627;215;243;71;39;4;4;1;42;0;5;2;1;
 ; in %; ;52,2;99,7;34,3;38,8;11,3;6,2;0,6;0,6;0,2;6,7;0,0;0,8;0,3;0,2;
32204;Carl-Schurz-Schule;1.147;333;332;96;131;52;25;1;6;1;14;1;4;1;0;
 ; in %; ;34,7;99,7;28,9;39,5;15,7;7,5;0,3;1,8;0,3;4,2;0,3;1,2;0,3;0,0;
32205;Carl-Schurz-Schule;1.115;448;447;142;182;46;27;4;3;1;38;0;4;0;0;
 ; in %; ;49,5;99,8;31,8;40,7;10,3;6,0;0,9;0,7;0,2;8,5;0,0;0,9;0,0;0,0;
32401;Freiherr-vom-Stein-Schule;1.484;522;521;102;226;69;75;5;4;3;29;1;5;1;1;
 ; in %; ;40,3;99,8;19,6;43,4;13,2;14,4;1,0;0,8;0,6;5,6;0,2;1,0;0,2;0,2;
32402;Konferenzsaal im Park;1.338;462;458;136;186;55;34;4;6;2;28;1;6;0;0;
 ; in %; ;40,3;99,1;29,7;40,6;12,0;7,4;0,9;1,3;0,4;6,1;0,2;1,3;0,0;0,0;
32403;Textorschule;1.347;525;520;128;228;68;52;6;7;2;22;1;5;1;0;
 ; in %; ;45,7;99,0;24,6;43,8;13,1;10,0;1,2;1,3;0,4;4,2;0,2;1,0;0,2;0,0;
32404;Textorschule;1.518;461;460;115;192;52;38;6;3;0;48;1;5;0;0;
 ; in %; ;35,4;99,8;25,0;41,7;11,3;8,3;1,3;0,7;0,0;10,4;0,2;1,1;0,0;0,0;
33101;Kita Krachmacherstraße;1.855;577;575;164;251;62;39;8;8;4;32;2;4;1;0;
 ; in %; ;33,8;99,7;28,5;43,7;10,8;6,8;1,4;1,4;0,7;5,6;0,3;0,7;0,2;0,0;
33102;KiZ 84;1.445;342;340;62;152;41;53;11;2;0;15;3;1;0;0;
 ; in %; ;25,6;99,4;18,2;44,7;12,1;15,6;3,2;0,6;0,0;4,4;0,9;0,3;0,0;0,0;
33103;KiZ 123;1.077;267;264;46;123;32;34;1;5;2;10;2;8;0;1;
 ; in %; ;26,4;98,9;17,4;46,6;12,1;12,9;0,4;1,9;0,8;3,8;0,8;3,0;0,0;0,4;
91301;Briefwahl Sachsenhausen-Nord;0;248;248;76;97;24;16;3;9;0;19;2;2;0;0;
 ; in %; ;0,0;100;30,6;39,1;9,7;6,5;1,2;3,6;0,0;7,7;0,8;0,8;0,0;0,0;
91302;Briefwahl Sachsenhausen-Nord;0;491;490;178;179;52;34;5;3;4;24;0;10;1;0;
 ; in %; ;0,0;99,8;36,3;36,5;10,6;6,9;1,0;0,6;0,8;4,9;0,0;2,0;0,2;0,0;
91303;Briefwahl Sachsenhausen-Nord;0;414;413;129;192;31;24;6;6;1;18;1;5;0;0;
 ; in %; ;0,0;99,8;31,2;46,5;7,5;5,8;1,5;1,5;0,2;4,4;0,2;1,2;0,0;0,0;
91304;Briefwahl Sachsenhausen-Nord;0;356;354;155;117;34;21;1;2;2;21;0;1;0;0;
 ; in %; ;0,0;99,4;43,8;33,1;9,6;5,9;0,3;0,6;0,6;5,9;0,0;0,3;0,0;0,0;
91305;Briefwahl Sachsenhausen-Nord;0;333;332;113;120;38;22;5;4;0;18;1;11;0;0;
 ; in %; ;0,0;99,7;34,0;36,1;11,4;6,6;1,5;1,2;0,0;5,4;0,3;3,3;0,0;0,0;
91306;Briefwahl Sachsenhausen-Nord;0;378;377;130;139;49;31;5;5;1;14;0;3;0;0;
 ; in %; ;0,0;99,7;34,5;36,9;13,0;8,2;1,3;1,3;0,3;3,7;0,0;0,8;0,0;0,0;
91307;Briefwahl Sachsenhausen-Nord;0;317;315;114;124;28;18;0;7;0;20;0;4;0;0;
 ; in %; ;0,0;99,4;36,2;39,4;8,9;5,7;0,0;2,2;0,0;6,3;0,0;1,3;0,0;0,0;
;Stadtteil Sachsenhausen-Nord ges.;23.441;9.940;9.897;2.768;4.128;1.158;853;101;111;43;581;20;116;15;3;
 ; in %; ;42,4;99,6;28,0;41,7;11,7;8,6;1,0;1,1;0,4;5,9;0,2;1,2;0,2;0,0;
;;;;;;;;;;;;;;;;;
;Stadtteil Sachsenhausen-Süd;;;;;;;;;;;;;;;;
32301;Freiherr-vom-Stein-Schule;1.655;540;539;141;219;71;57;6;1;2;23;0;16;2;1;
 ; in %; ;38,1;99,8;26,2;40,6;13,2;10,6;1,1;0,2;0,4;4,3;0,0;3,0;0,4;0,2;
32302;Freiherr-vom-Stein-Schule;1.478;418;415;123;176;33;35;4;2;3;31;1;7;0;0;
 ; in %; ;35,5;99,3;29,6;42,4;8,0;8,4;1,0;0,5;0,7;7,5;0,2;1,7;0,0;0,0;
32303;Riedhofschule;1.589;497;497;125;201;72;53;8;1;3;24;0;10;0;0;
 ; in %; ;37,3;100;25,2;40,4;14,5;10,7;1,6;0,2;0,6;4,8;0,0;2,0;0,0;0,0;
32304;Martin-Buber-Schule;1.743;519;516;158;223;42;28;1;2;3;57;0;2;0;0;
 ; in %; ;36,1;99,4;30,6;43,2;8,1;5,4;0,2;0,4;0,6;11,0;0,0;0,4;0,0;0,0;
32305;Martin-Buber-Schule;1.630;324;320;95;121;38;23;1;5;1;28;2;4;2;0;
 ; in %; ;22,8;98,8;29,7;37,8;11,9;7,2;0,3;1,6;0,3;8,8;0,6;1,3;0,6;0,0;
32306;Freiherr-vom-Stein-Schule;1.572;377;376;95;172;38;20;4;9;2;30;0;6;0;0;
 ; in %; ;28,9;99,7;25,3;45,7;10,1;5,3;1,1;2,4;0,5;8,0;0,0;1,6;0,0;0,0;
32601;Konrad-von-Preysing-Haus;1.223;355;355;80;192;25;24;1;7;2;21;0;1;2;0;
 ; in %; ;31,6;100;22,5;54,1;7,0;6,8;0,3;2,0;0,6;5,9;0,0;0,3;0,6;0,0;
32602;Konrad-von-Preysing-Haus;1.354;355;351;93;182;24;19;3;1;1;16;0;12;0;0;
 ; in %; ;31,0;98,9;26,5;51,9;6,8;5,4;0,9;0,3;0,3;4,6;0,0;3,4;0,0;0,0;
32603;Riedhofschule;1.098;250;248;35;126;18;32;2;2;3;27;0;1;1;1;
 ; in %; ;24,9;99,2;14,1;50,8;7,3;12,9;0,8;0,8;1,2;10,9;0,0;0,4;0,4;0,4;
33201;Oberin-Martha-Keller-Haus;1.368;389;387;93;190;28;30;2;5;2;32;0;5;0;0;
 ; in %; ;36,8;99,5;24,0;49,1;7,2;7,8;0,5;1,3;0,5;8,3;0,0;1,3;0,0;0,0;
33202;Oberin-Martha-Keller-Haus;1.480;449;446;139;192;47;24;2;5;0;32;0;4;0;1;
 ; in %; ;37,8;99,3;31,2;43,0;10,5;5,4;0,4;1,1;0,0;7,2;0,0;0,9;0,0;0,2;
33203;Bürgermeister-Gräf-Haus;644;153;152;39;75;16;9;2;3;0;6;1;1;0;0;
 ; in %; ;26,6;99,3;25,7;49,3;10,5;5,9;1,3;2,0;0,0;3,9;0,7;0,7;0,0;0,0;
33204;Bürgermeister-Gräf-Haus;1.386;392;387;117;146;27;43;8;4;2;29;3;7;1;0;
 ; in %; ;32,9;98,7;30,2;37,7;7,0;11,1;2,1;1,0;0,5;7,5;0,8;1,8;0,3;0,0;
33205;Mühlbergschule Pavillonanlage;1.477;441;439;106;205;45;42;3;3;3;27;0;5;0;0;
 ; in %; ;35,4;99,5;24,1;46,7;10,3;9,6;0,7;0,7;0,7;6,2;0,0;1,1;0,0;0,0;
33206;Bürgermeister-Gräf-Haus;1.013;337;336;94;125;55;35;4;2;4;13;0;3;1;0;
 ; in %; ;39,3;99,7;28,0;37,2;16,4;10,4;1,2;0,6;1,2;3,9;0,0;0,9;0,3;0,0;
91401;Briefwahl Sachsenhausen-Süd;0;499;499;194;181;42;19;3;15;1;34;1;9;0;0;
 ; in %; ;0,0;100;38,9;36,3;8,4;3,8;0,6;3,0;0,2;6,8;0,2;1,8;0,0;0,0;
91402;Briefwahl Sachsenhausen-Süd;0;516;516;199;180;46;27;3;6;1;50;1;2;1;0;
 ; in %; ;0,0;100;38,6;34,9;8,9;5,2;0,6;1,2;0,2;9,7;0,2;0,4;0,2;0,0;
91403;Briefwahl Sachsenhausen-Süd;0;419;417;154;166;25;29;2;4;3;30;0;3;0;1;
 ; in %; ;0,0;99,5;36,9;39,8;6,0;7,0;0,5;1,0;0,7;7,2;0,0;0,7;0,0;0,2;
91404;Briefwahl Sachsenhausen-Süd;0;359;358;109;175;19;17;1;5;0;29;0;0;1;2;
 ; in %; ;0,0;99,7;30,4;48,9;5,3;4,7;0,3;1,4;0,0;8,1;0,0;0,0;0,3;0,6;
91405;Briefwahl Sachsenhausen-Süd;0;547;547;191;219;46;35;4;3;8;35;0;6;0;0;
 ; in %; ;0,0;100;34,9;40,0;8,4;6,4;0,7;0,5;1,5;6,4;0,0;1,1;0,0;0,0;
91406;Briefwahl Sachsenhausen-Süd;0;603;599;232;236;59;32;6;6;0;24;1;3;0;0;
 ; in %; ;0,0;99,3;38,7;39,4;9,8;5,3;1,0;1,0;0,0;4,0;0,2;0,5;0,0;0,0;
;Stadtteil Sachsenhausen-Süd ges.;20.710;8.739;8.700;2.612;3.702;816;633;70;91;44;598;10;107;11;6;
 ; in %; ;42,2;99,6;30,0;42,6;9,4;7,3;0,8;1,0;0,5;6,9;0,1;1,2;0,1;0,1;
;;;;;;;;;;;;;;;;;
;Stadtteil Schwanheim;;;;;;;;;;;;;;;;
53101;August-Gräser-Schule;1.316;336;334;99;177;12;9;2;5;0;23;0;5;2;0;
 ; in %; ;27,7;99,4;29,6;53,0;3,6;2,7;0,6;1,5;0,0;6,9;0,0;1,5;0,6;0,0;
53102;August-Gräser-Schule;1.270;517;513;205;198;28;32;3;15;2;22;1;7;0;0;
 ; in %; ;47,7;99,2;40,0;38,6;5,5;6,2;0,6;2,9;0,4;4,3;0,2;1,4;0,0;0,0;
53103;August-Gräser-Schule;1.298;495;488;197;207;20;24;4;10;3;18;0;2;3;0;
 ; in %; ;41,0;98,6;40,4;42,4;4,1;4,9;0,8;2,0;0,6;3,7;0,0;0,4;0,6;0,0;
53104;Minna-Specht-Schule;1.263;411;409;141;164;19;28;6;10;6;27;0;8;0;0;
 ; in %; ;36,4;99,5;34,5;40,1;4,6;6,8;1,5;2,4;1,5;6,6;0,0;2,0;0,0;0,0;
53105;Minna-Specht-Schule;1.341;344;339;78;182;17;28;3;0;3;22;0;4;1;1;
 ; in %; ;27,5;98,5;23,0;53,7;5,0;8,3;0,9;0,0;0,9;6,5;0,0;1,2;0,3;0,3;
53201;Minna-Specht-Schule;1.379;355;352;92;177;15;21;1;7;1;33;0;5;0;0;
 ; in %; ;28,0;99,2;26,1;50,3;4,3;6,0;0,3;2,0;0,3;9,4;0,0;1,4;0,0;0,0;
53202;Goldsteinschule;1.130;336;328;86;162;19;19;4;7;0;31;0;0;0;0;
 ; in %; ;32,5;97,6;26,2;49,4;5,8;5,8;1,2;2,1;0,0;9,5;0,0;0,0;0,0;0,0;
53203;Goldsteinschule;1.286;294;293;90;161;7;12;1;5;1;13;0;3;0;0;
 ; in %; ;24,9;99,7;30,7;54,9;2,4;4,1;0,3;1,7;0,3;4,4;0,0;1,0;0,0;0,0;
53204;Saalbau Haus Goldstein;1.327;514;511;133;287;14;14;1;4;2;46;1;7;0;2;
 ; in %; ;43,7;99,4;26,0;56,2;2,7;2,7;0,2;0,8;0,4;9,0;0,2;1,4;0,0;0,4;
53205;Saalbau Haus Goldstein;1.133;294;292;67;165;10;10;2;4;1;30;0;2;1;0;
 ; in %; ;28,2;99,3;22,9;56,5;3,4;3,4;0,7;1,4;0,3;10,3;0,0;0,7;0,3;0,0;
53206;Goldsteinschule;1.193;225;224;67;125;3;16;1;2;0;9;0;0;1;0;
 ; in %; ;20,0;99,6;29,9;55,8;1,3;7,1;0,4;0,9;0,0;4,0;0,0;0,0;0,4;0,0;
91801;Briefwahl Schwanheim;0;562;560;228;235;27;20;1;11;9;22;2;3;2;0;
 ; in %; ;0,0;99,6;40,7;42,0;4,8;3,6;0,2;2,0;1,6;3,9;0,4;0,5;0,4;0,0;
91802;Briefwahl Schwanheim;0;578;574;201;284;19;25;4;4;2;29;0;4;1;1;
 ; in %; ;0,0;99,3;35,0;49,5;3,3;4,4;0,7;0,7;0,3;5,1;0,0;0,7;0,2;0,2;
;Stadtteil Schwanheim ges.;13.936;5.261;5.217;1.684;2.524;210;258;33;84;30;325;4;50;11;4;
 ; in %; ;37,8;99,2;32,3;48,4;4,0;4,9;0,6;1,6;0,6;6,2;0,1;1,0;0,2;0,1;
;;;;;;;;;;;;;;;;;
;Stadtteil Seckbach;;;;;;;;;;;;;;;;
39001;Henry und Emma Budge-Stiftung;906;333;331;87;171;30;14;4;3;0;16;1;4;0;1;
 ; in %; ;41,2;99,4;26,3;51,7;9,1;4,2;1,2;0,9;0,0;4,8;0,3;1,2;0,0;0,3;
39002;Zentgrafenschule;1.238;432;431;80;212;47;38;4;11;1;27;0;7;4;0;
 ; in %; ;40,1;99,8;18,6;49,2;10,9;8,8;0,9;2,6;0,2;6,3;0,0;1,6;0,9;0,0;
39003;Pestalozzischule;1.156;115;113;23;59;3;16;1;0;0;10;0;0;0;1;
 ; in %; ;10,1;98,3;20,4;52,2;2,7;14,2;0,9;0,0;0,0;8,8;0,0;0,0;0,0;0,9;
39004;Hufelandhaus Schulraum;1.300;368;365;71;169;32;46;5;3;0;37;0;1;1;0;
 ; in %; ;32,2;99,2;19,5;46,3;8,8;12,6;1,4;0,8;0,0;10,1;0,0;0,3;0,3;0,0;
39005;Zentgrafenschule;1.422;512;508;127;247;57;35;3;7;2;26;0;4;0;0;
 ; in %; ;43,7;99,2;25,0;48,6;11,2;6,9;0,6;1,4;0,4;5,1;0,0;0,8;0,0;0,0;
39006;Friedrich-Ebert-Schule;1.108;330;327;83;162;25;28;1;4;1;19;1;1;2;0;
 ; in %; ;32,9;99,1;25,4;49,5;7,6;8,6;0,3;1,2;0,3;5,8;0,3;0,3;0,6;0,0;
39007;Berufsgenossenschaft der Bauwirtschaft;289;81;81;26;39;6;7;1;1;0;0;0;0;1;0;
 ; in %; ;29,9;100;32,1;48,1;7,4;8,6;1,2;1,2;0,0;0,0;0,0;0,0;1,2;0,0;
93401;Briefwahl Seckbach;0;399;398;132;166;27;33;3;9;0;26;0;1;1;0;
 ; in %; ;0,0;99,7;33,2;41,7;6,8;8,3;0,8;2,3;0,0;6,5;0,0;0,3;0,3;0,0;
93402;Briefwahl Seckbach;0;356;355;139;156;29;18;2;2;1;8;0;0;0;0;
 ; in %; ;0,0;99,7;39,2;43,9;8,2;5,1;0,6;0,6;0,3;2,3;0,0;0,0;0,0;0,0;
;Stadtteil Seckbach ges.;7.419;2.926;2.909;768;1.381;256;235;24;40;5;169;2;18;9;2;
 ; in %; ;39,4;99,4;26,4;47,5;8,8;8,1;0,8;1,4;0,2;5,8;0,1;0,6;0,3;0,1;
;;;;;;;;;;;;;;;;;
;Stadtteil Sindlingen;;;;;;;;;;;;;;;;
60101;Ev. Gemeindehaus Sindlingen;1.225;191;188;41;106;7;5;5;2;1;19;0;2;0;0;
 ; in %; ;16,4;98,4;21,8;56,4;3,7;2,7;2,7;1,1;0,5;10,1;0,0;1,1;0,0;0,0;
60102;Meisterschule;1.098;330;326;102;169;15;17;2;4;2;13;0;1;1;0;
 ; in %; ;32,0;98,8;31,3;51,8;4,6;5,2;0,6;1,2;0,6;4,0;0,0;0,3;0,3;0,0;
60103;Gemeindehaus St. Dionysius;976;285;282;81;146;10;14;3;4;0;21;0;2;1;0;
 ; in %; ;32,4;98,9;28,7;51,8;3,5;5,0;1,1;1,4;0,0;7,4;0,0;0,7;0,4;0,0;
60201;Ludwig-Weber-Schule;1.287;337;332;54;228;2;15;3;6;3;19;0;0;1;1;
 ; in %; ;28,2;98,5;16,3;68,7;0,6;4,5;0,9;1,8;0,9;5,7;0,0;0,0;0,3;0,3;
60202;Ludwig-Weber-Schule;1.177;272;270;28;187;9;18;3;10;0;14;0;0;1;0;
 ; in %; ;24,5;99,3;10,4;69,3;3,3;6,7;1,1;3,7;0,0;5,2;0,0;0,0;0,4;0,0;
93800;Briefwahl Sindlingen;0;353;350;110;175;10;11;5;13;6;17;0;2;0;1;
 ; in %; ;0,0;99,2;31,4;50,0;2,9;3,1;1,4;3,7;1,7;4,9;0,0;0,6;0,0;0,3;
;Stadtteil Sindlingen ges.;5.763;1.768;1.748;416;1.011;53;80;21;39;12;103;0;7;4;2;
 ; in %; ;30,7;98,9;23,8;57,8;3,0;4,6;1,2;2,2;0,7;5,9;0,0;0,4;0,2;0,1;
;;;;;;;;;;;;;;;;;
;Stadtteil Sossenheim;;;;;;;;;;;;;;;;
63101;Saalbau Volkshaus Sossenheim;1.479;359;357;109;167;18;32;4;3;0;21;0;1;0;2;
 ; in %; ;26,7;99,4;30,5;46,8;5,0;9,0;1,1;0,8;0,0;5,9;0,0;0,3;0,0;0,6;
63102;Eduard-Spranger-Schule;1.469;364;359;108;155;29;11;9;8;1;29;0;8;1;0;
 ; in %; ;26,9;98,6;30,1;43,2;8,1;3,1;2,5;2,2;0,3;8,1;0,0;2,2;0,3;0,0;
63103;Eduard-Spranger-Schule;1.409;263;262;71;148;7;8;2;3;3;15;0;4;0;1;
 ; in %; ;19,7;99,6;27,1;56,5;2,7;3,1;0,8;1,1;1,1;5,7;0,0;1,5;0,0;0,4;
63104;Victor-Gollancz-Haus;1.408;278;273;82;130;22;22;3;2;0;9;0;2;0;1;
 ; in %; ;20,6;98,2;30,0;47,6;8,1;8,1;1,1;0,7;0,0;3,3;0,0;0,7;0,0;0,4;
63201;Saalbau Volkshaus Sossenheim;1.535;225;222;57;118;12;10;1;4;0;18;1;0;1;0;
 ; in %; ;15,7;98,7;25,7;53,2;5,4;4,5;0,5;1,8;0,0;8,1;0,5;0,0;0,5;0,0;
63202;Albrecht-Dürer-Schule;1.397;382;379;135;169;27;10;1;3;0;30;0;4;0;0;
 ; in %; ;29,9;99,2;35,6;44,6;7,1;2,6;0,3;0,8;0,0;7,9;0,0;1,1;0,0;0,0;
63203;Saalbau Volkshaus Sossenheim;1.429;226;221;57;130;2;14;3;0;1;12;0;1;1;0;
 ; in %; ;16,2;97,8;25,8;58,8;0,9;6,3;1,4;0,0;0,5;5,4;0,0;0,5;0,5;0,0;
94101;Briefwahl Sossenheim;0;358;353;140;146;14;13;3;8;3;24;0;1;1;0;
 ; in %; ;0,0;98,6;39,7;41,4;4,0;3,7;0,8;2,3;0,8;6,8;0,0;0,3;0,3;0,0;
94102;Briefwahl Sossenheim;0;229;226;81;107;8;10;1;5;3;10;0;1;0;0;
 ; in %; ;0,0;98,7;35,8;47,3;3,5;4,4;0,4;2,2;1,3;4,4;0,0;0,4;0,0;0,0;
;Stadtteil Sossenheim ges.;10.126;2.684;2.652;840;1.270;139;130;27;36;11;168;1;22;4;4;
 ; in %; ;26,5;98,8;31,7;47,9;5,2;4,9;1,0;1,4;0,4;6,3;0,0;0,8;0,2;0,2;
;;;;;;;;;;;;;;;;;
;Stadtteil Unterliederbach;;;;;;;;;;;;;;;;
62101;Ludwig-Erhard-Schule;1.526;439;436;137;197;22;30;4;9;2;28;0;7;0;0;
 ; in %; ;31,0;99,3;31,4;45,2;5,0;6,9;0,9;2,1;0,5;6,4;0,0;1,6;0,0;0,0;
62102;Ludwig-Erhard-Schule;1.572;415;412;131;180;27;29;4;0;2;22;1;16;0;0;
 ; in %; ;29,3;99,3;31,8;43,7;6,6;7,0;1,0;0,0;0,5;5,3;0,2;3,9;0,0;0,0;
62103;Frankf. Schule für Bekleidung und Mode;1.434;517;514;179;224;35;29;2;11;2;26;0;6;0;0;
 ; in %; ;38,7;99,4;34,8;43,6;6,8;5,6;0,4;2,1;0,4;5,1;0,0;1,2;0,0;0,0;
62104;Karl-von-Ibell-Schule;1.688;467;465;131;250;23;25;1;5;2;21;0;7;0;0;
 ; in %; ;29,5;99,6;28,2;53,8;4,9;5,4;0,2;1,1;0,4;4,5;0,0;1,5;0,0;0,0;
62201;Karl-Oppermann-Schule;1.287;178;177;30;105;8;16;1;1;0;13;0;1;0;2;
 ; in %; ;14,4;99,4;16,9;59,3;4,5;9,0;0,6;0,6;0,0;7,3;0,0;0,6;0,0;1,1;
62202;Walter-Kolb-Schule;1.454;306;302;74;156;12;21;4;10;1;19;0;4;0;1;
 ; in %; ;22,5;98,7;24,5;51,7;4,0;7,0;1,3;3,3;0,3;6,3;0,0;1,3;0,0;0,3;
62203;Walter-Kolb-Schule;1.524;242;237;41;136;3;26;1;4;0;22;0;3;1;0;
 ; in %; ;16,7;97,9;17,3;57,4;1,3;11,0;0,4;1,7;0,0;9,3;0,0;1,3;0,4;0,0;
94001;Briefwahl Unterliederbach;0;435;434;168;184;26;23;5;9;2;12;1;3;1;0;
 ; in %; ;0,0;99,8;38,7;42,4;6,0;5,3;1,2;2,1;0,5;2,8;0,2;0,7;0,2;0,0;
94002;Briefwahl Unterliederbach;0;202;199;53;101;12;13;3;4;2;7;0;3;0;1;
 ; in %; ;0,0;98,5;26,6;50,8;6,0;6,5;1,5;2,0;1,0;3,5;0,0;1,5;0,0;0,5;
;Stadtteil Unterliederbach ges.;10.485;3.201;3.176;944;1.533;168;212;25;53;13;170;2;50;2;4;
 ; in %; ;30,5;99,2;29,7;48,3;5,3;6,7;0,8;1,7;0,4;5,4;0,1;1,6;0,1;0,1;
;;;;;;;;;;;;;;;;;
;Stadtteil Westend-Nord;;;;;;;;;;;;;;;;
19101;Lessing-Gymnasium;1.232;428;425;127;165;62;38;2;1;0;23;3;4;0;0;
 ; in %; ;40,3;99,3;29,9;38,8;14,6;8,9;0,5;0,2;0,0;5,4;0,7;0,9;0,0;0,0;
19102;Lessing-Gymnasium;1.283;399;399;132;151;41;38;1;4;0;26;1;4;1;0;
 ; in %; ;37,0;100;33,1;37,8;10,3;9,5;0,3;1,0;0,0;6,5;0,3;1,0;0,3;0,0;
19103;Lessing-Gymnasium;1.541;403;400;160;134;37;25;5;5;6;24;1;2;0;1;
 ; in %; ;30,5;99,3;40,0;33,5;9,3;6,3;1,3;1,3;1,5;6,0;0,3;0,5;0,0;0,3;
19201;Jugend- und Sozialamt;1.359;436;435;104;198;45;39;4;10;0;30;0;4;0;1;
 ; in %; ;36,4;99,8;23,9;45,5;10,3;9,0;0,9;2,3;0,0;6,9;0,0;0,9;0,0;0,2;
19202;Jugend- und Sozialamt;1.472;326;325;73;168;28;29;7;3;0;14;1;1;1;0;
 ; in %; ;23,9;99,7;22,5;51,7;8,6;8,9;2,2;0,9;0,0;4,3;0,3;0,3;0,3;0,0;
90501;Briefwahl Westend-Nord;0;335;334;147;96;32;23;5;6;1;16;1;7;0;0;
 ; in %; ;0,0;99,7;44,0;28,7;9,6;6,9;1,5;1,8;0,3;4,8;0,3;2,1;0,0;0,0;
90502;Briefwahl Westend-Nord;0;434;433;188;152;35;25;5;8;10;7;1;1;1;0;
 ; in %; ;0,0;99,8;43,4;35,1;8,1;5,8;1,2;1,8;2,3;1,6;0,2;0,2;0,2;0,0;
;Stadtteil Westend-Nord ges.;6.887;2.761;2.751;931;1.064;280;217;29;37;17;140;8;23;3;2;
 ; in %; ;40,1;99,6;33,8;38,7;10,2;7,9;1,1;1,3;0,6;5,1;0,3;0,8;0,1;0,1;
;;;;;;;;;;;;;;;;;
;Stadtteil Westend-Süd;;;;;;;;;;;;;;;;
10001;Goethe-Gymnasium;1.525;433;430;185;127;38;26;1;2;3;43;0;5;0;0;
 ; in %; ;33,1;99,3;43,0;29,5;8,8;6,0;0,2;0,5;0,7;10,0;0,0;1,2;0,0;0,0;
10002;Bettinaschule;1.511;438;434;165;144;38;28;4;2;4;44;2;3;0;0;
 ; in %; ;33,3;99,1;38,0;33,2;8,8;6,5;0,9;0,5;0,9;10,1;0,5;0,7;0,0;0,0;
11001;Anna-Schmidt-Schule;1.213;322;321;124;104;38;26;2;2;0;25;0;0;0;0;
 ; in %; ;31,1;99,7;38,6;32,4;11,8;8,1;0,6;0,6;0,0;7,8;0,0;0,0;0,0;0,0;
11002;Anna-Schmidt-Schule;1.141;377;375;141;131;33;21;4;4;2;35;0;4;0;0;
 ; in %; ;38,3;99,5;37,6;34,9;8,8;5,6;1,1;1,1;0,5;9,3;0,0;1,1;0,0;0,0;
17001;Elsa-Brändström-Schule;1.465;429;428;190;144;35;22;2;3;5;20;0;5;2;0;
 ; in %; ;34,6;99,8;44,4;33,6;8,2;5,1;0,5;0,7;1,2;4,7;0,0;1,2;0,5;0,0;
17002;Goethe-Gymnasium;1.103;308;307;117;104;31;16;1;2;2;31;0;3;0;0;
 ; in %; ;32,6;99,7;38,1;33,9;10,1;5,2;0,3;0,7;0,7;10,1;0,0;1,0;0,0;0,0;
17003;Goethe-Gymnasium;1.041;272;270;109;99;32;13;0;2;0;13;0;1;1;0;
 ; in %; ;31,3;99,3;40,4;36,7;11,9;4,8;0,0;0,7;0,0;4,8;0,0;0,4;0,4;0,0;
18001;Lessing-Gymnasium;1.463;442;442;138;174;65;22;4;4;0;31;1;2;0;1;
 ; in %; ;36,5;100;31,2;39,4;14,7;5,0;0,9;0,9;0,0;7,0;0,2;0,5;0,0;0,2;
18002;Bettinaschule;1.400;468;467;186;147;45;23;1;6;4;45;0;7;2;1;
 ; in %; ;39,1;99,8;39,8;31,5;9,6;4,9;0,2;1,3;0,9;9,6;0,0;1,5;0,4;0,2;
18003;Bettinaschule;1.514;446;445;229;96;44;23;7;5;2;34;0;4;1;0;
 ; in %; ;36,6;99,8;51,5;21,6;9,9;5,2;1,6;1,1;0,4;7,6;0,0;0,9;0,2;0,0;
90401;Briefwahl Westend-Süd;0;383;383;191;101;36;14;6;6;3;23;1;1;0;1;
 ; in %; ;0,0;100;49,9;26,4;9,4;3,7;1,6;1,6;0,8;6,0;0,3;0,3;0,0;0,3;
90402;Briefwahl Westend-Süd;0;307;307;126;99;32;16;0;9;3;20;0;0;0;2;
 ; in %; ;0,0;100;41,0;32,2;10,4;5,2;0,0;2,9;1,0;6,5;0,0;0,0;0,0;0,7;
90403;Briefwahl Westend-Süd;0;363;361;177;91;34;21;3;6;1;24;0;3;1;0;
 ; in %; ;0,0;99,4;49,0;25,2;9,4;5,8;0,8;1,7;0,3;6,6;0,0;0,8;0,3;0,0;
90404;Briefwahl Westend-Süd;0;429;429;222;121;33;9;2;3;2;31;0;5;1;0;
 ; in %; ;0,0;100;51,7;28,2;7,7;2,1;0,5;0,7;0,5;7,2;0,0;1,2;0,2;0,0;
90405;Briefwahl Westend-Süd;0;418;415;179;132;42;25;3;3;1;26;1;2;0;1;
 ; in %; ;0,0;99,3;43,1;31,8;10,1;6,0;0,7;0,7;0,2;6,3;0,2;0,5;0,0;0,2;
;Stadtteil Westend-Süd ges.;13.376;5.835;5.814;2.479;1.814;576;305;40;59;32;445;5;45;8;6;
 ; in %; ;43,6;99,6;42,6;31,2;9,9;5,2;0,7;1,0;0,6;7,7;0,1;0,8;0,1;0,1;
;;;;;;;;;;;;;;;;;
;Stadtteil Zeilsheim;;;;;;;;;;;;;;;;
60401;Adolf-Reichwein-Schule;1.536;317;314;90;181;10;8;3;4;0;18;0;0;0;0;
 ; in %; ;22,9;99,1;28,7;57,6;3,2;2,5;1,0;1,3;0,0;5,7;0,0;0,0;0,0;0,0;
61101;Käthe-Kollwitz-Schule;1.200;345;341;125;149;16;23;4;3;3;15;0;1;1;1;
 ; in %; ;31,5;98,8;36,7;43,7;4,7;6,7;1,2;0,9;0,9;4,4;0,0;0,3;0,3;0,3;
61102;Käthe-Kollwitz-Schule;1.058;388;383;96;206;14;22;3;12;0;24;0;6;0;0;
 ; in %; ;40,2;98,7;25,1;53,8;3,7;5,7;0,8;3,1;0,0;6,3;0,0;1,6;0,0;0,0;
61103;Käthe-Kollwitz-Schule;1.109;287;281;69;157;6;16;0;8;0;22;0;2;1;0;
 ; in %; ;27,9;97,9;24,6;55,9;2,1;5,7;0,0;2,8;0,0;7,8;0,0;0,7;0,4;0,0;
61201;Adolf-Reichwein-Schule;1.540;234;231;48;124;14;18;5;1;0;14;1;5;1;0;
 ; in %; ;16,3;98,7;20,8;53,7;6,1;7,8;2,2;0,4;0,0;6,1;0,4;2,2;0,4;0,0;
61202;Adolf-Reichwein-Schule;1.569;222;219;40;144;4;9;3;2;1;15;0;0;1;0;
 ; in %; ;14,6;98,6;18,3;65,8;1,8;4,1;1,4;0,9;0,5;6,8;0,0;0,0;0,5;0,0;
93900;Briefwahl Zeilsheim;0;535;530;186;238;22;22;5;11;4;36;1;4;1;0;
 ; in %; ;0,0;99,1;35,1;44,9;4,2;4,2;0,9;2,1;0,8;6,8;0,2;0,8;0,2;0,0;
;Stadtteil Zeilsheim ges.;8.012;2.328;2.299;654;1.199;86;118;23;41;8;144;2;18;5;1;
 ; in %; ;29,1;98,8;28,4;52,2;3,7;5,1;1,0;1,8;0,3;6,3;0,1;0,8;0,2;0,0;
;;;;;;;;;;;;;;;;;
;Summe;;;;;;;;;;;;;;;;
00000;Gesamt;505.275;189.916;188.760;48.032;86.823;17.648;16.669;2.097;2.832;938;11.218;340;1.585;409;169;
 ; in %; ;37,6;99,4;25,4;46,0;9,3;8,8;1,1;1,5;0,5;5,9;0,2;0,8;0,2;0,1;
