WkrNr;Wahlkreis;Wahlb. insges.;Wählerinnen /Wähler;Dr. Weyland, Bernadette;Feldmann, Peter;Dr. Eskandari-Grünberg, Nargess;Wißler, Janine;Wehnemann, Nico;Weingärtner, Michael;Yang, Ming;Stein, Volker;Dr. Herrschaft, Felicia;Schloberg, Karsten;Wünsch, Juli;Fischer, Hein
1001;Stadthaus;1.450;443;108 24,5 %;178 40,5 %;33 7,5 %;61 13,9 %;10 2,3 %;6 1,4 %;2 0,5 %;36 8,2 %;0 0,0 %;4 0,9 %;2 0,5 %;0 0,0 %
1002;Stadthaus;1.322;312;74 23,7 %;137 43,9 %;23 7,4 %;21 6,7 %;4 1,3 %;8 2,6 %;5 1,6 %;33 10,6 %;0 0,0 %;7 2,2 %;0 0,0 %;0 0,0 %
4001;Liebfrauenschule;1.651;269;60 22,6 %;102 38,5 %;32 12,1 %;26 9,8 %;2 0,8 %;3 1,1 %;4 1,5 %;31 11,7 %;0 0,0 %;3 1,1 %;2 0,8 %;0 0,0 %
7001;Julius-Leber-Schule;1.139;143;30 21,0 %;52 36,4 %;13 9,1 %;27 18,9 %;5 3,5 %;4 2,8 %;1 0,7 %;6 4,2 %;1 0,7 %;3 2,1 %;0 0,0 %;1 0,7 %
8001;Ludwig-Börne-Schule;1.553;290;39 13,6 %;137 47,7 %;38 13,2 %;37 12,9 %;3 1,0 %;6 2,1 %;1 0,3 %;19 6,6 %;3 1,0 %;4 1,4 %;0 0,0 %;0 0,0 %
9001;Weißfrauenschule;2.273;480;109 22,7 %;162 33,8 %;54 11,3 %;95 19,8 %;16 3,3 %;5 1,0 %;2 0,4 %;31 6,5 %;2 0,4 %;3 0,6 %;0 0,0 %;1 0,2 %
10001;Goethe-Gymnasium;1.525;433;185 43,0 %;127 29,5 %;38 8,8 %;26 6,0 %;1 0,2 %;2 0,5 %;3 0,7 %;43 10,0 %;0 0,0 %;5 1,2 %;0 0,0 %;0 0,0 %
10002;Bettinaschule;1.511;438;165 38,0 %;144 33,2 %;38 8,8 %;28 6,5 %;4 0,9 %;2 0,5 %;4 0,9 %;44 10,1 %;2 0,5 %;3 0,7 %;0 0,0 %;0 0,0 %
11001;Anna-Schmidt-Schule;1.213;322;124 38,6 %;104 32,4 %;38 11,8 %;26 8,1 %;2 0,6 %;2 0,6 %;0 0,0 %;25 7,8 %;0 0,0 %;0 0,0 %;0 0,0 %;0 0,0 %
11002;Anna-Schmidt-Schule;1.141;377;141 37,6 %;131 34,9 %;33 8,8 %;21 5,6 %;4 1,1 %;4 1,1 %;2 0,5 %;35 9,3 %;0 0,0 %;4 1,1 %;0 0,0 %;0 0,0 %
12001;Musterschule;1.301;516;121 23,5 %;212 41,2 %;72 14,0 %;62 12,0 %;10 1,9 %;4 0,8 %;4 0,8 %;21 4,1 %;1 0,2 %;5 1,0 %;2 0,4 %;1 0,2 %
12002;Musterschule;1.418;500;104 21,0 %;187 37,8 %;85 17,2 %;71 14,3 %;5 1,0 %;8 1,6 %;2 0,4 %;28 5,7 %;1 0,2 %;2 0,4 %;2 0,4 %;0 0,0 %
12003;Haus der Volksarbeit;1.319;427;96 22,5 %;187 43,9 %;53 12,4 %;49 11,5 %;8 1,9 %;4 0,9 %;1 0,2 %;17 4,0 %;1 0,2 %;10 2,3 %;0 0,0 %;0 0,0 %
12004;Musterschule;1.165;358;82 23,0 %;148 41,6 %;47 13,2 %;47 13,2 %;6 1,7 %;4 1,1 %;1 0,3 %;19 5,3 %;0 0,0 %;2 0,6 %;0 0,0 %;0 0,0 %
13001;Klingerschule;1.466;468;70 15,0 %;225 48,1 %;73 15,6 %;58 12,4 %;9 1,9 %;4 0,9 %;2 0,4 %;18 3,8 %;0 0,0 %;6 1,3 %;3 0,6 %;0 0,0 %
13002;Klingerschule;1.378;490;88 18,0 %;237 48,6 %;71 14,5 %;53 10,9 %;5 1,0 %;6 1,2 %;0 0,0 %;25 5,1 %;1 0,2 %;2 0,4 %;0 0,0 %;0 0,0 %
13003;Klingerschule;1.498;462;67 14,5 %;236 51,2 %;61 13,2 %;69 15,0 %;5 1,1 %;5 1,1 %;2 0,4 %;11 2,4 %;0 0,0 %;5 1,1 %;0 0,0 %;0 0,0 %
14001;Volkshochschule;1.158;304;43 14,1 %;145 47,7 %;54 17,8 %;31 10,2 %;6 2,0 %;2 0,7 %;3 1,0 %;15 4,9 %;1 0,3 %;2 0,7 %;1 0,3 %;1 0,3 %
14002;Volkshochschule;1.314;353;56 16,0 %;181 51,7 %;39 11,1 %;43 12,3 %;5 1,4 %;2 0,6 %;1 0,3 %;21 6,0 %;0 0,0 %;2 0,6 %;0 0,0 %;0 0,0 %
14003;Heinrich-von-Gagern-Gymnasium;1.189;265;43 16,3 %;125 47,5 %;38 14,4 %;30 11,4 %;6 2,3 %;4 1,5 %;0 0,0 %;13 4,9 %;0 0,0 %;3 1,1 %;1 0,4 %;0 0,0 %
14004;IGS-Herder;1.363;337;85 25,4 %;142 42,5 %;47 14,1 %;33 9,9 %;3 0,9 %;4 1,2 %;2 0,6 %;15 4,5 %;0 0,0 %;3 0,9 %;0 0,0 %;0 0,0 %
14005;Volkshochschule;710;259;86 33,5 %;101 39,3 %;26 10,1 %;8 3,1 %;2 0,8 %;8 3,1 %;1 0,4 %;23 8,9 %;0 0,0 %;2 0,8 %;0 0,0 %;0 0,0 %
15101;Johanna-Kirchner-Altenhilfezentrum;590;144;19 13,6 %;98 70,0 %;2 1,4 %;9 6,4 %;2 1,4 %;2 1,4 %;0 0,0 %;7 5,0 %;1 0,7 %;0 0,0 %;0 0,0 %;0 0,0 %
15102;Berufsbildungszentrum;1.440;284;30 10,6 %;138 48,9 %;25 8,9 %;64 22,7 %;10 3,5 %;3 1,1 %;0 0,0 %;8 2,8 %;1 0,4 %;1 0,4 %;1 0,4 %;1 0,4 %
15103;Saalbau Haus Gutleut;1.639;427;66 15,6 %;182 42,9 %;66 15,6 %;67 15,8 %;2 0,5 %;0 0,0 %;4 0,9 %;29 6,8 %;4 0,9 %;3 0,7 %;1 0,2 %;0 0,0 %
15104;Cronstetten-Haus;860;306;134 43,8 %;95 31,0 %;30 9,8 %;9 2,9 %;0 0,0 %;2 0,7 %;2 0,7 %;28 9,2 %;1 0,3 %;4 1,3 %;1 0,3 %;0 0,0 %
15301;Pfarramt St. Gallus;1.378;192;25 13,1 %;68 35,6 %;35 18,3 %;42 22,0 %;4 2,1 %;1 0,5 %;3 1,6 %;9 4,7 %;0 0,0 %;4 2,1 %;0 0,0 %;0 0,0 %
15302;AWO Kita Lahnische Höfe;1.737;378;77 20,5 %;183 48,7 %;49 13,0 %;21 5,6 %;5 1,3 %;6 1,6 %;2 0,5 %;28 7,4 %;0 0,0 %;5 1,3 %;0 0,0 %;0 0,0 %
15401;Internationale Kita Ackermannstraße;1.263;266;46 17,4 %;151 57,2 %;9 3,4 %;22 8,3 %;0 0,0 %;4 1,5 %;0 0,0 %;28 10,6 %;3 1,1 %;0 0,0 %;1 0,4 %;0 0,0 %
15402;Internationale Kita Ackermannstraße;1.067;185;31 16,9 %;116 63,4 %;4 2,2 %;11 6,0 %;3 1,6 %;1 0,5 %;0 0,0 %;17 9,3 %;0 0,0 %;0 0,0 %;0 0,0 %;0 0,0 %
16101;Falkschule;1.246;201;37 18,5 %;79 39,5 %;26 13,0 %;29 14,5 %;5 2,5 %;5 2,5 %;0 0,0 %;18 9,0 %;0 0,0 %;1 0,5 %;0 0,0 %;0 0,0 %
16102;Saalbau Haus Gallus;1.409;233;31 13,5 %;102 44,5 %;17 7,4 %;44 19,2 %;6 2,6 %;1 0,4 %;4 1,7 %;16 7,0 %;6 2,6 %;0 0,0 %;1 0,4 %;1 0,4 %
16103;Saalbau Haus Gallus;998;186;61 33,2 %;66 35,9 %;24 13,0 %;6 3,3 %;2 1,1 %;2 1,1 %;0 0,0 %;20 10,9 %;0 0,0 %;3 1,6 %;0 0,0 %;0 0,0 %
16104;Saalbau Haus Gallus;1.201;222;48 21,6 %;102 45,9 %;20 9,0 %;22 9,9 %;5 2,3 %;3 1,4 %;2 0,9 %;16 7,2 %;1 0,5 %;3 1,4 %;0 0,0 %;0 0,0 %
16201;Begegnungszentrum;1.411;347;56 16,2 %;172 49,9 %;31 9,0 %;50 14,5 %;6 1,7 %;5 1,4 %;1 0,3 %;21 6,1 %;1 0,3 %;1 0,3 %;1 0,3 %;0 0,0 %
16202;Paul-Hindemith-Schule;1.525;348;56 16,2 %;149 43,1 %;52 15,0 %;54 15,6 %;6 1,7 %;3 0,9 %;0 0,0 %;23 6,6 %;1 0,3 %;1 0,3 %;0 0,0 %;1 0,3 %
16203;Begegnungszentrum;1.663;345;71 20,8 %;157 45,9 %;41 12,0 %;41 12,0 %;7 2,0 %;4 1,2 %;3 0,9 %;14 4,1 %;0 0,0 %;4 1,2 %;0 0,0 %;0 0,0 %
16204;Paul-Hindemith-Schule;1.289;419;128 31,1 %;159 38,6 %;56 13,6 %;22 5,3 %;1 0,2 %;8 1,9 %;4 1,0 %;28 6,8 %;3 0,7 %;0 0,0 %;3 0,7 %;0 0,0 %
16205;Ökumenisches Zentrum Europaviertel;1.084;252;81 32,1 %;82 32,5 %;28 11,1 %;10 4,0 %;7 2,8 %;8 3,2 %;3 1,2 %;27 10,7 %;0 0,0 %;6 2,4 %;0 0,0 %;0 0,0 %
16301;Haus Kuhwald;1.715;399;50 12,6 %;228 57,6 %;39 9,8 %;26 6,6 %;5 1,3 %;6 1,5 %;1 0,3 %;32 8,1 %;1 0,3 %;3 0,8 %;5 1,3 %;0 0,0 %
16302;Residenz Rebstockpark;1.162;384;123 32,0 %;161 41,9 %;41 10,7 %;18 4,7 %;2 0,5 %;5 1,3 %;5 1,3 %;25 6,5 %;0 0,0 %;3 0,8 %;1 0,3 %;0 0,0 %
16303;Viktoria-Luise-Schule;1.093;319;99 31,0 %;134 42,0 %;27 8,5 %;15 4,7 %;4 1,3 %;3 0,9 %;3 0,9 %;25 7,8 %;0 0,0 %;7 2,2 %;1 0,3 %;1 0,3 %
16401;Bürgermeister-Grimm-Schule;1.003;162;32 19,8 %;70 43,2 %;13 8,0 %;18 11,1 %;2 1,2 %;4 2,5 %;0 0,0 %;22 13,6 %;0 0,0 %;1 0,6 %;0 0,0 %;0 0,0 %
16501;Begegnungsstätte Frankenallee;1.289;227;30 13,3 %;123 54,4 %;24 10,6 %;29 12,8 %;4 1,8 %;3 1,3 %;0 0,0 %;12 5,3 %;0 0,0 %;1 0,4 %;0 0,0 %;0 0,0 %
16502;Ev. Gemeinde Frieden und Versöhnung;1.229;238;33 14,0 %;156 66,1 %;14 5,9 %;25 10,6 %;1 0,4 %;2 0,8 %;0 0,0 %;5 2,1 %;0 0,0 %;0 0,0 %;0 0,0 %;0 0,0 %
16503;Begegnungsstätte Frankenallee;1.349;234;29 12,5 %;130 56,0 %;17 7,3 %;25 10,8 %;2 0,9 %;4 1,7 %;3 1,3 %;16 6,9 %;1 0,4 %;4 1,7 %;0 0,0 %;1 0,4 %
16504;Ev. Gemeinde Frieden und Versöhnung;1.817;342;97 28,6 %;143 42,2 %;28 8,3 %;16 4,7 %;3 0,9 %;5 1,5 %;11 3,2 %;30 8,8 %;2 0,6 %;4 1,2 %;0 0,0 %;0 0,0 %
17001;Elsa-Brändström-Schule;1.465;429;190 44,4 %;144 33,6 %;35 8,2 %;22 5,1 %;2 0,5 %;3 0,7 %;5 1,2 %;20 4,7 %;0 0,0 %;5 1,2 %;2 0,5 %;0 0,0 %
17002;Goethe-Gymnasium;1.103;308;117 38,1 %;104 33,9 %;31 10,1 %;16 5,2 %;1 0,3 %;2 0,7 %;2 0,7 %;31 10,1 %;0 0,0 %;3 1,0 %;0 0,0 %;0 0,0 %
17003;Goethe-Gymnasium;1.041;272;109 40,4 %;99 36,7 %;32 11,9 %;13 4,8 %;0 0,0 %;2 0,7 %;0 0,0 %;13 4,8 %;0 0,0 %;1 0,4 %;1 0,4 %;0 0,0 %
18001;Lessing-Gymnasium;1.463;442;138 31,2 %;174 39,4 %;65 14,7 %;22 5,0 %;4 0,9 %;4 0,9 %;0 0,0 %;31 7,0 %;1 0,2 %;2 0,5 %;0 0,0 %;1 0,2 %
18002;Bettinaschule;1.400;468;186 39,8 %;147 31,5 %;45 9,6 %;23 4,9 %;1 0,2 %;6 1,3 %;4 0,9 %;45 9,6 %;0 0,0 %;7 1,5 %;2 0,4 %;1 0,2 %
18003;Bettinaschule;1.514;446;229 51,5 %;96 21,6 %;44 9,9 %;23 5,2 %;7 1,6 %;5 1,1 %;2 0,4 %;34 7,6 %;0 0,0 %;4 0,9 %;1 0,2 %;0 0,0 %
19101;Lessing-Gymnasium;1.232;428;127 29,9 %;165 38,8 %;62 14,6 %;38 8,9 %;2 0,5 %;1 0,2 %;0 0,0 %;23 5,4 %;3 0,7 %;4 0,9 %;0 0,0 %;0 0,0 %
19102;Lessing-Gymnasium;1.283;399;132 33,1 %;151 37,8 %;41 10,3 %;38 9,5 %;1 0,3 %;4 1,0 %;0 0,0 %;26 6,5 %;1 0,3 %;4 1,0 %;1 0,3 %;0 0,0 %
19103;Lessing-Gymnasium;1.541;403;160 40,0 %;134 33,5 %;37 9,3 %;25 6,3 %;5 1,3 %;5 1,3 %;6 1,5 %;24 6,0 %;1 0,3 %;2 0,5 %;0 0,0 %;1 0,3 %
19201;Jugend- und Sozialamt;1.359;436;104 23,9 %;198 45,5 %;45 10,3 %;39 9,0 %;4 0,9 %;10 2,3 %;0 0,0 %;30 6,9 %;0 0,0 %;4 0,9 %;0 0,0 %;1 0,2 %
19202;Jugend- und Sozialamt;1.472;326;73 22,5 %;168 51,7 %;28 8,6 %;29 8,9 %;7 2,2 %;3 0,9 %;0 0,0 %;14 4,3 %;1 0,3 %;1 0,3 %;1 0,3 %;0 0,0 %
20101;Berufl. Schulen-Berta-Jourdan;1.523;552;114 20,7 %;241 43,8 %;88 16,0 %;62 11,3 %;2 0,4 %;6 1,1 %;2 0,4 %;32 5,8 %;1 0,2 %;0 0,0 %;1 0,2 %;1 0,2 %
20102;Berufl. Schulen-Berta-Jourdan;1.598;606;166 27,4 %;254 42,0 %;78 12,9 %;65 10,7 %;3 0,5 %;5 0,8 %;4 0,7 %;26 4,3 %;0 0,0 %;2 0,3 %;1 0,2 %;1 0,2 %
20201;Heinrich-Kleyer-Schule;1.663;511;112 22,0 %;256 50,2 %;44 8,6 %;40 7,8 %;6 1,2 %;13 2,5 %;1 0,2 %;33 6,5 %;1 0,2 %;2 0,4 %;1 0,2 %;1 0,2 %
20301;Berufl. Schulen-Berta-Jourdan;1.297;473;106 22,6 %;188 40,0 %;70 14,9 %;59 12,6 %;8 1,7 %;1 0,2 %;2 0,4 %;30 6,4 %;1 0,2 %;5 1,1 %;0 0,0 %;0 0,0 %
20302;Elisabethenschule Cafeteria;1.217;477;201 42,3 %;144 30,3 %;57 12,0 %;31 6,5 %;7 1,5 %;2 0,4 %;2 0,4 %;26 5,5 %;0 0,0 %;5 1,1 %;0 0,0 %;0 0,0 %
20303;Amt für Wohnungswesen;1.049;364;142 39,0 %;126 34,6 %;49 13,5 %;18 4,9 %;3 0,8 %;1 0,3 %;3 0,8 %;16 4,4 %;1 0,3 %;3 0,8 %;1 0,3 %;1 0,3 %
20304;Elisabethenschule Cafeteria;1.171;402;147 36,8 %;132 33,1 %;50 12,5 %;24 6,0 %;1 0,3 %;5 1,3 %;1 0,3 %;34 8,5 %;0 0,0 %;3 0,8 %;2 0,5 %;0 0,0 %
21101;AWO Nordendzentrum;1.251;395;78 19,8 %;189 48,1 %;52 13,2 %;41 10,4 %;3 0,8 %;2 0,5 %;4 1,0 %;17 4,3 %;2 0,5 %;5 1,3 %;0 0,0 %;0 0,0 %
21102;B. Schulen-Berta-Jourdan Außenst.;1.092;405;61 15,1 %;195 48,1 %;55 13,6 %;59 14,6 %;6 1,5 %;3 0,7 %;1 0,2 %;16 4,0 %;3 0,7 %;2 0,5 %;4 1,0 %;0 0,0 %
21103;B. Schulen-Berta-Jourdan Außenst.;1.190;411;68 16,6 %;173 42,3 %;73 17,8 %;62 15,2 %;9 2,2 %;3 0,7 %;1 0,2 %;13 3,2 %;1 0,2 %;6 1,5 %;0 0,0 %;0 0,0 %
21201;Frankfurt Univ. of Applied Sciences;1.176;409;44 10,8 %;206 50,4 %;70 17,1 %;65 15,9 %;7 1,7 %;2 0,5 %;1 0,2 %;10 2,4 %;0 0,0 %;4 1,0 %;0 0,0 %;0 0,0 %
21202;Bürgerhospital Kapelle;1.360;449;78 17,4 %;196 43,8 %;69 15,4 %;61 13,6 %;9 2,0 %;4 0,9 %;4 0,9 %;20 4,5 %;2 0,4 %;3 0,7 %;2 0,4 %;0 0,0 %
21203;B. Schulen-Berta-Jourdan Außenst.;1.343;504;61 12,1 %;247 49,1 %;90 17,9 %;75 14,9 %;5 1,0 %;4 0,8 %;0 0,0 %;10 2,0 %;4 0,8 %;6 1,2 %;0 0,0 %;1 0,2 %
21301;Valentin-Senger-Schule;855;218;43 19,7 %;98 45,0 %;28 12,8 %;19 8,7 %;3 1,4 %;4 1,8 %;1 0,5 %;20 9,2 %;1 0,5 %;0 0,0 %;1 0,5 %;0 0,0 %
22101;Hans-Böckler-Schule;1.127;407;69 17,0 %;166 40,9 %;61 15,0 %;82 20,2 %;5 1,2 %;6 1,5 %;1 0,2 %;10 2,5 %;4 1,0 %;2 0,5 %;0 0,0 %;0 0,0 %
22102;Merianschule;1.408;545;84 15,4 %;239 43,9 %;104 19,1 %;72 13,2 %;6 1,1 %;5 0,9 %;1 0,2 %;24 4,4 %;1 0,2 %;6 1,1 %;2 0,4 %;1 0,2 %
22103;Merianschule;1.384;595;88 14,8 %;285 48,1 %;80 13,5 %;93 15,7 %;14 2,4 %;3 0,5 %;1 0,2 %;20 3,4 %;2 0,3 %;3 0,5 %;4 0,7 %;0 0,0 %
22201;IGS-Nordend;1.367;486;70 14,5 %;225 46,5 %;81 16,7 %;73 15,1 %;3 0,6 %;1 0,2 %;0 0,0 %;17 3,5 %;3 0,6 %;9 1,9 %;1 0,2 %;1 0,2 %
22202;IGS-Nordend;1.243;503;83 16,6 %;210 42,0 %;92 18,4 %;86 17,2 %;6 1,2 %;4 0,8 %;0 0,0 %;11 2,2 %;1 0,2 %;4 0,8 %;3 0,6 %;0 0,0 %
22203;Hans-Böckler-Schule;1.266;405;47 11,8 %;191 47,8 %;58 14,5 %;61 15,3 %;7 1,8 %;4 1,0 %;0 0,0 %;21 5,3 %;4 1,0 %;3 0,8 %;4 1,0 %;0 0,0 %
22204;Hans-Böckler-Schule;1.343;471;60 12,8 %;240 51,2 %;44 9,4 %;72 15,4 %;4 0,9 %;7 1,5 %;2 0,4 %;29 6,2 %;1 0,2 %;3 0,6 %;6 1,3 %;1 0,2 %
23001;Jugendhaus Heideplatz;1.528;441;54 12,3 %;213 48,5 %;67 15,3 %;78 17,8 %;4 0,9 %;2 0,5 %;2 0,5 %;17 3,9 %;0 0,0 %;2 0,5 %;0 0,0 %;0 0,0 %
23002;Christuskirche;1.405;479;73 15,3 %;226 47,5 %;88 18,5 %;70 14,7 %;5 1,1 %;1 0,2 %;1 0,2 %;9 1,9 %;0 0,0 %;2 0,4 %;1 0,2 %;0 0,0 %
23003;Klingerschule;977;279;34 12,4 %;135 49,1 %;46 16,7 %;44 16,0 %;3 1,1 %;2 0,7 %;1 0,4 %;9 3,3 %;0 0,0 %;1 0,4 %;0 0,0 %;0 0,0 %
24001;Altentagesstätte der AWO;1.096;370;58 15,7 %;170 46,1 %;62 16,8 %;57 15,4 %;7 1,9 %;2 0,5 %;0 0,0 %;11 3,0 %;1 0,3 %;1 0,3 %;0 0,0 %;0 0,0 %
24002;Altentagesstätte der AWO;1.178;417;95 22,9 %;186 44,8 %;53 12,8 %;51 12,3 %;6 1,4 %;4 1,0 %;2 0,5 %;16 3,9 %;0 0,0 %;1 0,2 %;1 0,2 %;0 0,0 %
25101;Kirchengemeinde Nord-Ost;993;332;59 17,9 %;155 47,0 %;52 15,8 %;44 13,3 %;4 1,2 %;2 0,6 %;2 0,6 %;10 3,0 %;0 0,0 %;2 0,6 %;0 0,0 %;0 0,0 %
25102;IGS-Herder;1.256;401;74 18,5 %;183 45,9 %;54 13,5 %;53 13,3 %;8 2,0 %;11 2,8 %;1 0,3 %;12 3,0 %;0 0,0 %;2 0,5 %;1 0,3 %;0 0,0 %
25103;August-Stunz-Zentrum;1.490;416;58 14,0 %;232 56,2 %;45 10,9 %;49 11,9 %;2 0,5 %;1 0,2 %;3 0,7 %;19 4,6 %;1 0,2 %;1 0,2 %;1 0,2 %;1 0,2 %
25104;IGS-Herder;933;287;42 14,7 %;130 45,6 %;46 16,1 %;45 15,8 %;2 0,7 %;4 1,4 %;1 0,4 %;6 2,1 %;1 0,4 %;7 2,5 %;1 0,4 %;0 0,0 %
25201;Helmholtzschule;1.670;548;98 18,0 %;253 46,6 %;64 11,8 %;71 13,1 %;10 1,8 %;8 1,5 %;0 0,0 %;35 6,4 %;1 0,2 %;3 0,6 %;0 0,0 %;0 0,0 %
25202;Helmholtzschule;1.402;533;81 15,3 %;258 48,8 %;80 15,1 %;73 13,8 %;8 1,5 %;3 0,6 %;2 0,4 %;13 2,5 %;1 0,2 %;6 1,1 %;3 0,6 %;1 0,2 %
25203;Stauffenbergschule;1.402;462;70 15,2 %;223 48,4 %;66 14,3 %;70 15,2 %;9 2,0 %;1 0,2 %;2 0,4 %;15 3,3 %;0 0,0 %;4 0,9 %;1 0,2 %;0 0,0 %
25204;Dahlmannschule;1.421;570;98 17,4 %;281 50,0 %;73 13,0 %;63 11,2 %;5 0,9 %;11 2,0 %;1 0,2 %;24 4,3 %;1 0,2 %;4 0,7 %;1 0,2 %;0 0,0 %
25205;Dahlmannschule;1.374;648;159 24,6 %;330 51,1 %;57 8,8 %;65 10,1 %;4 0,6 %;7 1,1 %;0 0,0 %;19 2,9 %;1 0,2 %;3 0,5 %;1 0,2 %;0 0,0 %
26101;August-Stunz-Zentrum;1.670;311;73 23,7 %;136 44,2 %;37 12,0 %;29 9,4 %;6 1,9 %;4 1,3 %;2 0,6 %;14 4,5 %;1 0,3 %;6 1,9 %;0 0,0 %;0 0,0 %
26102;Volkshochschule;1.601;344;70 20,4 %;173 50,4 %;25 7,3 %;33 9,6 %;5 1,5 %;8 2,3 %;2 0,6 %;19 5,5 %;0 0,0 %;7 2,0 %;0 0,0 %;1 0,3 %
26201;Heilig-Geist-Gemeinde;1.652;485;49 10,2 %;298 62,0 %;25 5,2 %;71 14,8 %;2 0,4 %;5 1,0 %;2 0,4 %;24 5,0 %;1 0,2 %;1 0,2 %;0 0,0 %;3 0,6 %
26202;Heilig-Geist-Gemeinde;1.557;358;48 13,5 %;223 62,8 %;11 3,1 %;45 12,7 %;0 0,0 %;2 0,6 %;3 0,8 %;20 5,6 %;0 0,0 %;2 0,6 %;0 0,0 %;1 0,3 %
27101;Louise-von-Rothschild-Schule;1.603;625;77 12,4 %;305 49,0 %;104 16,7 %;89 14,3 %;15 2,4 %;4 0,6 %;0 0,0 %;13 2,1 %;3 0,5 %;8 1,3 %;5 0,8 %;0 0,0 %
27102;Louise-von-Rothschild-Schule;1.392;474;73 15,4 %;229 48,4 %;69 14,6 %;66 14,0 %;5 1,1 %;2 0,4 %;2 0,4 %;13 2,7 %;1 0,2 %;11 2,3 %;2 0,4 %;0 0,0 %
27201;Ev. Kirchengemeinde Bornheim;1.406;388;47 12,2 %;236 61,3 %;27 7,0 %;46 11,9 %;1 0,3 %;3 0,8 %;1 0,3 %;18 4,7 %;1 0,3 %;5 1,3 %;0 0,0 %;0 0,0 %
27202;Ev. Kirchengemeinde Bornheim;1.551;509;61 12,1 %;276 54,7 %;61 12,1 %;67 13,3 %;7 1,4 %;7 1,4 %;0 0,0 %;17 3,4 %;2 0,4 %;4 0,8 %;3 0,6 %;0 0,0 %
27203;Kirchnerschule;1.226;467;83 17,9 %;238 51,4 %;66 14,3 %;52 11,2 %;11 2,4 %;5 1,1 %;1 0,2 %;5 1,1 %;0 0,0 %;2 0,4 %;0 0,0 %;0 0,0 %
27204;Luisenhof Kantine der FES;1.752;461;60 13,2 %;255 55,9 %;62 13,6 %;42 9,2 %;7 1,5 %;2 0,4 %;1 0,2 %;19 4,2 %;2 0,4 %;2 0,4 %;3 0,7 %;1 0,2 %
27205;Valentin-Senger-Schule;998;396;78 19,8 %;208 52,9 %;38 9,7 %;32 8,1 %;6 1,5 %;5 1,3 %;1 0,3 %;18 4,6 %;1 0,3 %;2 0,5 %;4 1,0 %;0 0,0 %
28101;Haus Saalburg;1.449;483;76 15,8 %;260 54,2 %;48 10,0 %;61 12,7 %;5 1,0 %;5 1,0 %;3 0,6 %;19 4,0 %;0 0,0 %;2 0,4 %;1 0,2 %;0 0,0 %
28102;St. Josef-Gemeinde;1.309;439;83 18,9 %;251 57,3 %;29 6,6 %;34 7,8 %;5 1,1 %;4 0,9 %;4 0,9 %;22 5,0 %;1 0,2 %;3 0,7 %;0 0,0 %;2 0,5 %
28103;Theater Grüne Sosse;1.561;522;81 15,6 %;299 57,6 %;33 6,4 %;61 11,8 %;4 0,8 %;4 0,8 %;1 0,2 %;23 4,4 %;1 0,2 %;7 1,3 %;5 1,0 %;0 0,0 %
28201;Brüder-Grimm-Schule;1.171;356;48 13,6 %;209 59,0 %;32 9,0 %;33 9,3 %;5 1,4 %;3 0,8 %;0 0,0 %;21 5,9 %;0 0,0 %;3 0,8 %;0 0,0 %;0 0,0 %
28202;Stauffenbergschule;1.301;467;78 16,8 %;208 44,8 %;76 16,4 %;67 14,4 %;9 1,9 %;1 0,2 %;0 0,0 %;18 3,9 %;1 0,2 %;4 0,9 %;2 0,4 %;0 0,0 %
28203;Stauffenbergschule;1.378;510;85 16,8 %;230 45,4 %;65 12,8 %;85 16,8 %;10 2,0 %;4 0,8 %;1 0,2 %;21 4,1 %;1 0,2 %;4 0,8 %;0 0,0 %;1 0,2 %
29001;Kirchnerschule;1.023;360;68 19,0 %;191 53,4 %;17 4,7 %;35 9,8 %;4 1,1 %;10 2,8 %;2 0,6 %;28 7,8 %;0 0,0 %;2 0,6 %;1 0,3 %;0 0,0 %
29002;AWO Altentagesstätte;838;268;46 17,2 %;156 58,2 %;23 8,6 %;16 6,0 %;2 0,7 %;2 0,7 %;2 0,7 %;14 5,2 %;1 0,4 %;6 2,2 %;0 0,0 %;0 0,0 %
30001;Bergiusschule;1.443;356;71 20,1 %;138 39,1 %;52 14,7 %;43 12,2 %;4 1,1 %;3 0,8 %;4 1,1 %;27 7,6 %;1 0,3 %;9 2,5 %;1 0,3 %;0 0,0 %
30002;Bergiusschule;1.375;358;66 18,5 %;147 41,2 %;62 17,4 %;52 14,6 %;4 1,1 %;4 1,1 %;0 0,0 %;17 4,8 %;2 0,6 %;2 0,6 %;1 0,3 %;0 0,0 %
32101;Schillerschule;1.259;437;113 25,9 %;184 42,2 %;55 12,6 %;36 8,3 %;3 0,7 %;2 0,5 %;3 0,7 %;29 6,7 %;0 0,0 %;6 1,4 %;5 1,1 %;0 0,0 %
32102;Schillerschule;1.066;449;122 27,2 %;173 38,6 %;64 14,3 %;41 9,2 %;7 1,6 %;3 0,7 %;9 2,0 %;26 5,8 %;0 0,0 %;2 0,4 %;1 0,2 %;0 0,0 %
32103;Carl-Schurz-Schule;1.541;501;124 24,8 %;228 45,7 %;59 11,8 %;42 8,4 %;3 0,6 %;4 0,8 %;1 0,2 %;31 6,2 %;1 0,2 %;6 1,2 %;0 0,0 %;0 0,0 %
32201;Riedhofschule;1.337;255;41 16,1 %;162 63,8 %;11 4,3 %;26 10,2 %;1 0,4 %;3 1,2 %;1 0,4 %;8 3,1 %;0 0,0 %;1 0,4 %;0 0,0 %;0 0,0 %
32202;Riedhofschule;1.662;481;130 27,3 %;214 44,9 %;51 10,7 %;31 6,5 %;4 0,8 %;8 1,7 %;1 0,2 %;31 6,5 %;0 0,0 %;7 1,5 %;0 0,0 %;0 0,0 %
32203;Carl-Schurz-Schule;1.432;629;215 34,3 %;243 38,8 %;71 11,3 %;39 6,2 %;4 0,6 %;4 0,6 %;1 0,2 %;42 6,7 %;0 0,0 %;5 0,8 %;2 0,3 %;1 0,2 %
32204;Carl-Schurz-Schule;1.147;333;96 28,9 %;131 39,5 %;52 15,7 %;25 7,5 %;1 0,3 %;6 1,8 %;1 0,3 %;14 4,2 %;1 0,3 %;4 1,2 %;1 0,3 %;0 0,0 %
32205;Carl-Schurz-Schule;1.115;448;142 31,8 %;182 40,7 %;46 10,3 %;27 6,0 %;4 0,9 %;3 0,7 %;1 0,2 %;38 8,5 %;0 0,0 %;4 0,9 %;0 0,0 %;0 0,0 %
32301;Freiherr-vom-Stein-Schule;1.655;540;141 26,2 %;219 40,6 %;71 13,2 %;57 10,6 %;6 1,1 %;1 0,2 %;2 0,4 %;23 4,3 %;0 0,0 %;16 3,0 %;2 0,4 %;1 0,2 %
32302;Freiherr-vom-Stein-Schule;1.478;418;123 29,6 %;176 42,4 %;33 8,0 %;35 8,4 %;4 1,0 %;2 0,5 %;3 0,7 %;31 7,5 %;1 0,2 %;7 1,7 %;0 0,0 %;0 0,0 %
32303;Riedhofschule;1.589;497;125 25,2 %;201 40,4 %;72 14,5 %;53 10,7 %;8 1,6 %;1 0,2 %;3 0,6 %;24 4,8 %;0 0,0 %;10 2,0 %;0 0,0 %;0 0,0 %
32304;Martin-Buber-Schule;1.743;519;158 30,6 %;223 43,2 %;42 8,1 %;28 5,4 %;1 0,2 %;2 0,4 %;3 0,6 %;57 11,0 %;0 0,0 %;2 0,4 %;0 0,0 %;0 0,0 %
32305;Martin-Buber-Schule;1.630;324;95 29,7 %;121 37,8 %;38 11,9 %;23 7,2 %;1 0,3 %;5 1,6 %;1 0,3 %;28 8,8 %;2 0,6 %;4 1,3 %;2 0,6 %;0 0,0 %
32306;Freiherr-vom-Stein-Schule;1.572;377;95 25,3 %;172 45,7 %;38 10,1 %;20 5,3 %;4 1,1 %;9 2,4 %;2 0,5 %;30 8,0 %;0 0,0 %;6 1,6 %;0 0,0 %;0 0,0 %
32401;Freiherr-vom-Stein-Schule;1.484;522;102 19,6 %;226 43,4 %;69 13,2 %;75 14,4 %;5 1,0 %;4 0,8 %;3 0,6 %;29 5,6 %;1 0,2 %;5 1,0 %;1 0,2 %;1 0,2 %
32402;Konferenzsaal im Park;1.338;462;136 29,7 %;186 40,6 %;55 12,0 %;34 7,4 %;4 0,9 %;6 1,3 %;2 0,4 %;28 6,1 %;1 0,2 %;6 1,3 %;0 0,0 %;0 0,0 %
32403;Textorschule;1.347;525;128 24,6 %;228 43,8 %;68 13,1 %;52 10,0 %;6 1,2 %;7 1,3 %;2 0,4 %;22 4,2 %;1 0,2 %;5 1,0 %;1 0,2 %;0 0,0 %
32404;Textorschule;1.518;461;115 25,0 %;192 41,7 %;52 11,3 %;38 8,3 %;6 1,3 %;3 0,7 %;0 0,0 %;48 10,4 %;1 0,2 %;5 1,1 %;0 0,0 %;0 0,0 %
32601;Konrad-von-Preysing-Haus;1.223;355;80 22,5 %;192 54,1 %;25 7,0 %;24 6,8 %;1 0,3 %;7 2,0 %;2 0,6 %;21 5,9 %;0 0,0 %;1 0,3 %;2 0,6 %;0 0,0 %
32602;Konrad-von-Preysing-Haus;1.354;355;93 26,5 %;182 51,9 %;24 6,8 %;19 5,4 %;3 0,9 %;1 0,3 %;1 0,3 %;16 4,6 %;0 0,0 %;12 3,4 %;0 0,0 %;0 0,0 %
32603;Riedhofschule;1.098;250;35 14,1 %;126 50,8 %;18 7,3 %;32 12,9 %;2 0,8 %;2 0,8 %;3 1,2 %;27 10,9 %;0 0,0 %;1 0,4 %;1 0,4 %;1 0,4 %
33101;Kita Krachmacherstraße;1.855;577;164 28,5 %;251 43,7 %;62 10,8 %;39 6,8 %;8 1,4 %;8 1,4 %;4 0,7 %;32 5,6 %;2 0,3 %;4 0,7 %;1 0,2 %;0 0,0 %
8433102;KiZ 84;1.445;342;62 18,2 %;152 44,7 %;41 12,1 %;53 15,6 %;11 3,2 %;2 0,6 %;0 0,0 %;15 4,4 %;3 0,9 %;1 0,3 %;0 0,0 %;0 0,0 %
12333103;KiZ 123;1.077;267;46 17,4 %;123 46,6 %;32 12,1 %;34 12,9 %;1 0,4 %;5 1,9 %;2 0,8 %;10 3,8 %;2 0,8 %;8 3,0 %;0 0,0 %;1 0,4 %
33201;Oberin-Martha-Keller-Haus;1.368;389;93 24,0 %;190 49,1 %;28 7,2 %;30 7,8 %;2 0,5 %;5 1,3 %;2 0,5 %;32 8,3 %;0 0,0 %;5 1,3 %;0 0,0 %;0 0,0 %
33202;Oberin-Martha-Keller-Haus;1.480;449;139 31,2 %;192 43,0 %;47 10,5 %;24 5,4 %;2 0,4 %;5 1,1 %;0 0,0 %;32 7,2 %;0 0,0 %;4 0,9 %;0 0,0 %;1 0,2 %
33203;Bürgermeister-Gräf-Haus;644;153;39 25,7 %;75 49,3 %;16 10,5 %;9 5,9 %;2 1,3 %;3 2,0 %;0 0,0 %;6 3,9 %;1 0,7 %;1 0,7 %;0 0,0 %;0 0,0 %
33204;Bürgermeister-Gräf-Haus;1.386;392;117 30,2 %;146 37,7 %;27 7,0 %;43 11,1 %;8 2,1 %;4 1,0 %;2 0,5 %;29 7,5 %;3 0,8 %;7 1,8 %;1 0,3 %;0 0,0 %
33205;Mühlbergschule Pavillonanlage;1.477;441;106 24,1 %;205 46,7 %;45 10,3 %;42 9,6 %;3 0,7 %;3 0,7 %;3 0,7 %;27 6,2 %;0 0,0 %;5 1,1 %;0 0,0 %;0 0,0 %
33206;Bürgermeister-Gräf-Haus;1.013;337;94 28,0 %;125 37,2 %;55 16,4 %;35 10,4 %;4 1,2 %;2 0,6 %;4 1,2 %;13 3,9 %;0 0,0 %;3 0,9 %;1 0,3 %;0 0,0 %
34101;Bonifatiusschule;1.256;337;62 18,5 %;138 41,1 %;58 17,3 %;46 13,7 %;6 1,8 %;5 1,5 %;3 0,9 %;14 4,2 %;2 0,6 %;0 0,0 %;2 0,6 %;0 0,0 %
34102;Bonifatiusschule;1.296;416;57 13,8 %;186 44,9 %;50 12,1 %;96 23,2 %;9 2,2 %;2 0,5 %;1 0,2 %;6 1,4 %;1 0,2 %;5 1,2 %;1 0,2 %;0 0,0 %
34103;Bonifatiusschule;1.059;312;52 16,8 %;129 41,6 %;41 13,2 %;59 19,0 %;8 2,6 %;4 1,3 %;1 0,3 %;14 4,5 %;0 0,0 %;1 0,3 %;1 0,3 %;0 0,0 %
34201;Hessenkolleg;670;150;24 16,3 %;87 59,2 %;4 2,7 %;10 6,8 %;1 0,7 %;3 2,0 %;0 0,0 %;15 10,2 %;0 0,0 %;1 0,7 %;1 0,7 %;1 0,7 %
34202;Georg-Büchner-Schule;1.157;249;55 22,1 %;101 40,6 %;40 16,1 %;15 6,0 %;2 0,8 %;5 2,0 %;4 1,6 %;20 8,0 %;0 0,0 %;6 2,4 %;0 0,0 %;1 0,4 %
34203;Georg-Büchner-Schule;1.654;320;65 20,6 %;132 41,9 %;40 12,7 %;41 13,0 %;5 1,6 %;7 2,2 %;2 0,6 %;17 5,4 %;3 1,0 %;3 1,0 %;0 0,0 %;0 0,0 %
34301;Chemetall Kantine;1.647;404;77 19,2 %;188 46,8 %;34 8,5 %;66 16,4 %;0 0,0 %;9 2,2 %;2 0,5 %;19 4,7 %;2 0,5 %;4 1,0 %;0 0,0 %;1 0,2 %
35001;Saalbau Bürgerhaus Bockenheim;1.386;297;39 13,1 %;145 48,8 %;37 12,5 %;52 17,5 %;6 2,0 %;3 1,0 %;1 0,3 %;11 3,7 %;3 1,0 %;0 0,0 %;0 0,0 %;0 0,0 %
35002;Saalbau Bürgerhaus Bockenheim;1.256;430;46 10,7 %;241 56,3 %;48 11,2 %;54 12,6 %;2 0,5 %;9 2,1 %;1 0,2 %;17 4,0 %;0 0,0 %;9 2,1 %;1 0,2 %;0 0,0 %
35003;Pflegeheim Bockenheim;1.148;324;46 14,2 %;141 43,7 %;44 13,6 %;68 21,1 %;3 0,9 %;4 1,2 %;0 0,0 %;10 3,1 %;1 0,3 %;5 1,5 %;0 0,0 %;1 0,3 %
35004;Diakonie Hessen;1.466;371;58 15,8 %;171 46,5 %;50 13,6 %;65 17,7 %;9 2,4 %;6 1,6 %;0 0,0 %;6 1,6 %;0 0,0 %;1 0,3 %;1 0,3 %;1 0,3 %
36101;Titania;1.274;515;67 13,0 %;232 45,1 %;94 18,3 %;90 17,5 %;3 0,6 %;10 1,9 %;1 0,2 %;14 2,7 %;0 0,0 %;1 0,2 %;1 0,2 %;1 0,2 %
36102;Titania;1.422;549;67 12,3 %;244 44,7 %;84 15,4 %;111 20,3 %;14 2,6 %;4 0,7 %;1 0,2 %;13 2,4 %;1 0,2 %;6 1,1 %;1 0,2 %;0 0,0 %
36103;Max-Beckmann-Schule;1.643;553;95 17,3 %;259 47,1 %;92 16,7 %;73 13,3 %;8 1,5 %;7 1,3 %;1 0,2 %;9 1,6 %;0 0,0 %;6 1,1 %;0 0,0 %;0 0,0 %
36201;Max-Beckmann-Schule;1.255;331;140 42,6 %;82 24,9 %;40 12,2 %;34 10,3 %;6 1,8 %;4 1,2 %;2 0,6 %;21 6,4 %;0 0,0 %;0 0,0 %;0 0,0 %;0 0,0 %
36202;Max-Beckmann-Schule;1.371;586;177 30,4 %;245 42,1 %;64 11,0 %;45 7,7 %;5 0,9 %;11 1,9 %;2 0,3 %;32 5,5 %;0 0,0 %;1 0,2 %;0 0,0 %;0 0,0 %
36203;Max-Beckmann-Schule;1.030;357;63 17,7 %;169 47,5 %;49 13,8 %;58 16,3 %;5 1,4 %;6 1,7 %;1 0,3 %;5 1,4 %;0 0,0 %;0 0,0 %;0 0,0 %;0 0,0 %
36204;Ev. Gemeinde Bockenheim;1.130;357;47 13,2 %;195 54,8 %;40 11,2 %;59 16,6 %;3 0,8 %;2 0,6 %;1 0,3 %;8 2,2 %;0 0,0 %;1 0,3 %;0 0,0 %;0 0,0 %
37101;Frauenhofschule;1.392;262;81 31,2 %;114 43,8 %;15 5,8 %;27 10,4 %;1 0,4 %;1 0,4 %;4 1,5 %;14 5,4 %;1 0,4 %;2 0,8 %;0 0,0 %;0 0,0 %
37102;Salzmannschule;1.718;488;105 21,6 %;206 42,4 %;39 8,0 %;58 11,9 %;6 1,2 %;9 1,9 %;3 0,6 %;41 8,4 %;2 0,4 %;12 2,5 %;3 0,6 %;2 0,4 %
37103;Salzmannschule;1.396;394;74 18,9 %;230 58,7 %;15 3,8 %;28 7,1 %;3 0,8 %;5 1,3 %;1 0,3 %;34 8,7 %;1 0,3 %;1 0,3 %;0 0,0 %;0 0,0 %
37104;Salzmannschule;1.162;259;33 12,9 %;151 59,2 %;16 6,3 %;17 6,7 %;9 3,5 %;4 1,6 %;2 0,8 %;20 7,8 %;0 0,0 %;2 0,8 %;1 0,4 %;0 0,0 %
37105;Raum für Kultur;1.116;204;39 19,1 %;123 60,3 %;5 2,5 %;22 10,8 %;0 0,0 %;0 0,0 %;0 0,0 %;15 7,4 %;0 0,0 %;0 0,0 %;0 0,0 %;0 0,0 %
37106;Raum für Kultur;1.238;282;49 17,6 %;156 55,9 %;22 7,9 %;18 6,5 %;3 1,1 %;1 0,4 %;0 0,0 %;26 9,3 %;0 0,0 %;2 0,7 %;2 0,7 %;0 0,0 %
37201;Saalbau Turnhalle NTG;1.576;278;38 14,0 %;181 66,8 %;10 3,7 %;15 5,5 %;1 0,4 %;5 1,8 %;0 0,0 %;21 7,7 %;0 0,0 %;0 0,0 %;0 0,0 %;0 0,0 %
37202;Friedrich-Fröbel-Schule;1.288;289;55 19,1 %;158 54,9 %;14 4,9 %;21 7,3 %;3 1,0 %;5 1,7 %;2 0,7 %;28 9,7 %;0 0,0 %;1 0,3 %;0 0,0 %;1 0,3 %
37203;Friedrich-Fröbel-Schule;1.203;356;81 22,8 %;172 48,5 %;25 7,0 %;24 6,8 %;2 0,6 %;2 0,6 %;3 0,8 %;41 11,5 %;1 0,3 %;3 0,8 %;1 0,3 %;0 0,0 %
37204;Friedrich-Fröbel-Schule;1.571;313;55 17,7 %;161 51,8 %;19 6,1 %;31 10,0 %;9 2,9 %;2 0,6 %;1 0,3 %;26 8,4 %;3 1,0 %;2 0,6 %;1 0,3 %;1 0,3 %
37205;Saalbau Turnhalle NTG;1.625;433;107 25,1 %;205 48,0 %;32 7,5 %;36 8,4 %;7 1,6 %;4 0,9 %;1 0,2 %;29 6,8 %;1 0,2 %;5 1,2 %;0 0,0 %;0 0,0 %
37206;Friedrich-Fröbel-Schule;1.514;378;89 23,7 %;190 50,5 %;25 6,6 %;31 8,2 %;3 0,8 %;3 0,8 %;3 0,8 %;25 6,6 %;1 0,3 %;5 1,3 %;1 0,3 %;0 0,0 %
38001;Saalbau Bürgertreff Depot;1.116;258;61 23,9 %;118 46,3 %;19 7,5 %;31 12,2 %;3 1,2 %;2 0,8 %;0 0,0 %;16 6,3 %;0 0,0 %;4 1,6 %;1 0,4 %;0 0,0 %
38002;PTH Sankt Georgen;1.172;331;92 28,0 %;148 45,0 %;34 10,3 %;28 8,5 %;4 1,2 %;2 0,6 %;0 0,0 %;20 6,1 %;0 0,0 %;1 0,3 %;0 0,0 %;0 0,0 %
38003;Saalbau Bürgertreff Depot;1.408;382;101 26,5 %;177 46,5 %;27 7,1 %;27 7,1 %;3 0,8 %;7 1,8 %;0 0,0 %;34 8,9 %;0 0,0 %;5 1,3 %;0 0,0 %;0 0,0 %
38004;Gruneliusschule;1.373;443;108 24,5 %;212 48,1 %;23 5,2 %;35 7,9 %;9 2,0 %;6 1,4 %;4 0,9 %;39 8,8 %;0 0,0 %;4 0,9 %;1 0,2 %;0 0,0 %
38005;Gruneliusschule;1.209;255;60 23,5 %;121 47,5 %;16 6,3 %;13 5,1 %;2 0,8 %;3 1,2 %;0 0,0 %;36 14,1 %;0 0,0 %;3 1,2 %;1 0,4 %;0 0,0 %
38006;Gruneliusschule;1.485;353;78 22,2 %;188 53,4 %;21 6,0 %;26 7,4 %;8 2,3 %;2 0,6 %;2 0,6 %;23 6,5 %;2 0,6 %;2 0,6 %;0 0,0 %;0 0,0 %
38007;Saalbau Bürgertreff Depot;1.443;322;74 23,2 %;170 53,3 %;20 6,3 %;23 7,2 %;2 0,6 %;5 1,6 %;0 0,0 %;23 7,2 %;0 0,0 %;2 0,6 %;0 0,0 %;0 0,0 %
39001;Henry und Emma Budge-Stiftung;906;333;87 26,3 %;171 51,7 %;30 9,1 %;14 4,2 %;4 1,2 %;3 0,9 %;0 0,0 %;16 4,8 %;1 0,3 %;4 1,2 %;0 0,0 %;1 0,3 %
39002;Zentgrafenschule;1.238;432;80 18,6 %;212 49,2 %;47 10,9 %;38 8,8 %;4 0,9 %;11 2,6 %;1 0,2 %;27 6,3 %;0 0,0 %;7 1,6 %;4 0,9 %;0 0,0 %
39003;Pestalozzischule;1.156;115;23 20,4 %;59 52,2 %;3 2,7 %;16 14,2 %;1 0,9 %;0 0,0 %;0 0,0 %;10 8,8 %;0 0,0 %;0 0,0 %;0 0,0 %;1 0,9 %
39004;Hufelandhaus Schulraum;1.300;368;71 19,5 %;169 46,3 %;32 8,8 %;46 12,6 %;5 1,4 %;3 0,8 %;0 0,0 %;37 10,1 %;0 0,0 %;1 0,3 %;1 0,3 %;0 0,0 %
39005;Zentgrafenschule;1.422;512;127 25,0 %;247 48,6 %;57 11,2 %;35 6,9 %;3 0,6 %;7 1,4 %;2 0,4 %;26 5,1 %;0 0,0 %;4 0,8 %;0 0,0 %;0 0,0 %
39006;Friedrich-Ebert-Schule;1.108;330;83 25,4 %;162 49,5 %;25 7,6 %;28 8,6 %;1 0,3 %;4 1,2 %;1 0,3 %;19 5,8 %;1 0,3 %;1 0,3 %;2 0,6 %;0 0,0 %
39007;Berufsgenossenschaft der Bauwirtschaft;289;81;26 32,1 %;39 48,1 %;6 7,4 %;7 8,6 %;1 1,2 %;1 1,2 %;0 0,0 %;0 0,0 %;0 0,0 %;0 0,0 %;1 1,2 %;0 0,0 %
40101;Sozial- und Rehazentrum West;1.308;280;44 15,7 %;145 51,8 %;26 9,3 %;40 14,3 %;1 0,4 %;6 2,1 %;1 0,4 %;13 4,6 %;2 0,7 %;1 0,4 %;1 0,4 %;0 0,0 %
40102;Sozial- und Rehazentrum West;1.227;385;66 17,3 %;208 54,5 %;34 8,9 %;44 11,5 %;4 1,0 %;6 1,6 %;2 0,5 %;15 3,9 %;0 0,0 %;2 0,5 %;1 0,3 %;0 0,0 %
40103;Ev. Cyriakus Gemeinde;1.485;430;51 11,9 %;196 45,7 %;44 10,3 %;113 26,3 %;4 0,9 %;6 1,4 %;1 0,2 %;9 2,1 %;0 0,0 %;2 0,5 %;1 0,2 %;2 0,5 %
40104;Michael-Ende-Schule;1.084;381;79 21,1 %;164 43,9 %;49 13,1 %;57 15,2 %;5 1,3 %;4 1,1 %;0 0,0 %;14 3,7 %;0 0,0 %;2 0,5 %;0 0,0 %;0 0,0 %
40105;DRK Ov. City-West;1.333;314;44 14,2 %;164 52,9 %;24 7,7 %;47 15,2 %;2 0,6 %;2 0,6 %;1 0,3 %;21 6,8 %;0 0,0 %;4 1,3 %;0 0,0 %;1 0,3 %
40201;Auguste-Oberwinter-Haus;1.974;524;96 18,4 %;238 45,5 %;55 10,5 %;81 15,5 %;14 2,7 %;4 0,8 %;3 0,6 %;27 5,2 %;1 0,2 %;3 0,6 %;1 0,2 %;0 0,0 %
40202;Brentanoschule;1.394;523;119 23,0 %;217 42,0 %;43 8,3 %;75 14,5 %;8 1,5 %;6 1,2 %;2 0,4 %;40 7,7 %;1 0,2 %;2 0,4 %;4 0,8 %;0 0,0 %
40203;Brentanoschule;1.206;304;75 24,8 %;162 53,5 %;16 5,3 %;24 7,9 %;2 0,7 %;4 1,3 %;0 0,0 %;15 5,0 %;1 0,3 %;0 0,0 %;2 0,7 %;2 0,7 %
40204;Brentanoschule;1.435;317;61 19,4 %;141 44,8 %;28 8,9 %;46 14,6 %;6 1,9 %;12 3,8 %;2 0,6 %;17 5,4 %;1 0,3 %;1 0,3 %;0 0,0 %;0 0,0 %
41001;Kerschensteinerschule;1.572;565;156 28,0 %;276 49,5 %;38 6,8 %;34 6,1 %;8 1,4 %;6 1,1 %;3 0,5 %;33 5,9 %;0 0,0 %;2 0,4 %;2 0,4 %;0 0,0 %
41002;Kerschensteinerschule;1.413;341;58 17,3 %;177 52,7 %;25 7,4 %;42 12,5 %;1 0,3 %;2 0,6 %;1 0,3 %;22 6,5 %;0 0,0 %;6 1,8 %;0 0,0 %;2 0,6 %
41003;Kerschensteinerschule;1.533;401;89 22,4 %;197 49,5 %;33 8,3 %;45 11,3 %;6 1,5 %;10 2,5 %;2 0,5 %;10 2,5 %;0 0,0 %;5 1,3 %;1 0,3 %;0 0,0 %
42201;Ebelfeldschule;1.457;494;112 22,8 %;212 43,2 %;52 10,6 %;54 11,0 %;7 1,4 %;6 1,2 %;0 0,0 %;42 8,6 %;2 0,4 %;3 0,6 %;0 0,0 %;1 0,2 %
42202;Ebelfeldschule;1.658;474;81 17,2 %;257 54,4 %;31 6,6 %;53 11,2 %;5 1,1 %;4 0,8 %;2 0,4 %;36 7,6 %;0 0,0 %;1 0,2 %;0 0,0 %;2 0,4 %
42203;Ebelfeldschule;1.396;427;106 24,9 %;204 48,0 %;18 4,2 %;31 7,3 %;2 0,5 %;8 1,9 %;2 0,5 %;45 10,6 %;2 0,5 %;2 0,5 %;4 0,9 %;1 0,2 %
42301;Liebigschule;854;225;32 14,3 %;140 62,5 %;6 2,7 %;22 9,8 %;2 0,9 %;2 0,9 %;1 0,4 %;17 7,6 %;1 0,4 %;1 0,4 %;0 0,0 %;0 0,0 %
42302;Liebigschule;929;248;37 15,0 %;144 58,5 %;13 5,3 %;24 9,8 %;4 1,6 %;6 2,4 %;1 0,4 %;15 6,1 %;0 0,0 %;0 0,0 %;2 0,8 %;0 0,0 %
42401;Pflegeheim Praunheim;978;365;100 27,5 %;158 43,4 %;35 9,6 %;39 10,7 %;4 1,1 %;3 0,8 %;2 0,5 %;18 4,9 %;0 0,0 %;3 0,8 %;2 0,5 %;0 0,0 %
42501;Pflegeheim Praunheim;1.554;425;100 23,6 %;175 41,3 %;42 9,9 %;50 11,8 %;1 0,2 %;10 2,4 %;1 0,2 %;41 9,7 %;0 0,0 %;3 0,7 %;1 0,2 %;0 0,0 %
42601;Römerstadtschule;1.192;234;49 21,3 %;138 60,0 %;7 3,0 %;17 7,4 %;0 0,0 %;5 2,2 %;0 0,0 %;9 3,9 %;1 0,4 %;2 0,9 %;2 0,9 %;0 0,0 %
42602;Europäische Schule;1.075;371;79 21,5 %;187 50,8 %;24 6,5 %;43 11,7 %;0 0,0 %;5 1,4 %;2 0,5 %;24 6,5 %;0 0,0 %;2 0,5 %;2 0,5 %;0 0,0 %
43101;Ökumenische Kita Kaleidoskop;1.175;395;103 26,1 %;180 45,6 %;34 8,6 %;28 7,1 %;9 2,3 %;8 2,0 %;5 1,3 %;24 6,1 %;3 0,8 %;0 0,0 %;0 0,0 %;1 0,3 %
12943102;KiZ 129;1.354;472;92 19,6 %;234 49,9 %;30 6,4 %;53 11,3 %;9 1,9 %;7 1,5 %;2 0,4 %;35 7,5 %;1 0,2 %;3 0,6 %;1 0,2 %;2 0,4 %
43103;Gemeinde St. Peter und Paul;1.481;583;95 16,4 %;307 52,9 %;55 9,5 %;62 10,7 %;10 1,7 %;7 1,2 %;2 0,3 %;35 6,0 %;2 0,3 %;3 0,5 %;2 0,3 %;0 0,0 %
43104;Begegnungsstätte Aßlarer Straße;1.147;306;69 22,9 %;157 52,2 %;16 5,3 %;19 6,3 %;3 1,0 %;11 3,7 %;1 0,3 %;22 7,3 %;1 0,3 %;1 0,3 %;1 0,3 %;0 0,0 %
43105;Sozialwerk Main Taunus;819;288;66 23,1 %;126 44,1 %;34 11,9 %;30 10,5 %;0 0,0 %;4 1,4 %;2 0,7 %;22 7,7 %;0 0,0 %;2 0,7 %;0 0,0 %;0 0,0 %
43201;St. Thomas Gemeinde;1.418;388;87 22,8 %;203 53,3 %;29 7,6 %;23 6,0 %;4 1,0 %;5 1,3 %;1 0,3 %;25 6,6 %;1 0,3 %;1 0,3 %;2 0,5 %;0 0,0 %
43202;Römerstadtschule;1.549;266;33 12,5 %;175 66,0 %;7 2,6 %;17 6,4 %;3 1,1 %;4 1,5 %;1 0,4 %;25 9,4 %;0 0,0 %;0 0,0 %;0 0,0 %;0 0,0 %
43203;Geschwister-Scholl-Schule;1.479;541;96 17,8 %;303 56,3 %;17 3,2 %;48 8,9 %;7 1,3 %;14 2,6 %;0 0,0 %;48 8,9 %;0 0,0 %;2 0,4 %;3 0,6 %;0 0,0 %
43204;Römerstadtschule;1.445;394;61 15,6 %;244 62,4 %;7 1,8 %;35 9,0 %;3 0,8 %;7 1,8 %;1 0,3 %;26 6,6 %;2 0,5 %;1 0,3 %;2 0,5 %;2 0,5 %
44101;Bethlehemgemeinde;1.322;509;143 28,1 %;220 43,3 %;57 11,2 %;36 7,1 %;6 1,2 %;4 0,8 %;1 0,2 %;34 6,7 %;1 0,2 %;4 0,8 %;2 0,4 %;0 0,0 %
44102;Kita Zauberwürfel;1.461;417;60 14,6 %;222 53,9 %;28 6,8 %;62 15,0 %;1 0,2 %;7 1,7 %;1 0,2 %;25 6,1 %;1 0,2 %;3 0,7 %;2 0,5 %;0 0,0 %
44103;Jugendclub Stefan Zweig;1.370;386;72 18,8 %;190 49,7 %;33 8,6 %;46 12,0 %;6 1,6 %;5 1,3 %;0 0,0 %;24 6,3 %;0 0,0 %;5 1,3 %;1 0,3 %;0 0,0 %
44104;Diesterwegschule;1.422;365;56 15,5 %;193 53,3 %;36 9,9 %;38 10,5 %;2 0,6 %;4 1,1 %;4 1,1 %;25 6,9 %;0 0,0 %;3 0,8 %;0 0,0 %;1 0,3 %
44105;Altenwohnanlage Ginnheim;1.537;444;78 17,6 %;231 52,0 %;34 7,7 %;39 8,8 %;6 1,4 %;5 1,1 %;5 1,1 %;41 9,2 %;2 0,5 %;3 0,7 %;0 0,0 %;0 0,0 %
44106;Altenwohnanlage Ginnheim;1.548;476;63 13,3 %;286 60,6 %;29 6,1 %;45 9,5 %;4 0,8 %;11 2,3 %;3 0,6 %;21 4,4 %;2 0,4 %;6 1,3 %;2 0,4 %;0 0,0 %
44107;Bethlehemgemeinde;1.265;506;129 25,6 %;206 40,9 %;65 12,9 %;56 11,1 %;4 0,8 %;10 2,0 %;0 0,0 %;29 5,8 %;0 0,0 %;5 1,0 %;0 0,0 %;0 0,0 %
44108;Astrid-Lindgren-Schule;1.260;212;28 13,3 %;138 65,7 %;11 5,2 %;23 11,0 %;2 1,0 %;2 1,0 %;0 0,0 %;5 2,4 %;0 0,0 %;1 0,5 %;0 0,0 %;0 0,0 %
44201;Astrid-Lindgren-Schule;959;309;57 18,6 %;165 53,9 %;18 5,9 %;33 10,8 %;2 0,7 %;3 1,0 %;4 1,3 %;17 5,6 %;0 0,0 %;7 2,3 %;0 0,0 %;0 0,0 %
44202;Franz-Böhm-Schule;1.422;528;234 44,6 %;181 34,5 %;46 8,8 %;26 5,0 %;4 0,8 %;7 1,3 %;5 1,0 %;18 3,4 %;0 0,0 %;4 0,8 %;0 0,0 %;0 0,0 %
44203;Franz-Böhm-Schule;1.531;544;181 33,4 %;212 39,1 %;59 10,9 %;39 7,2 %;6 1,1 %;4 0,7 %;7 1,3 %;23 4,2 %;1 0,2 %;10 1,8 %;0 0,0 %;0 0,0 %
44204;Franz-Böhm-Schule;865;285;75 26,4 %;119 41,9 %;33 11,6 %;36 12,7 %;1 0,4 %;3 1,1 %;0 0,0 %;14 4,9 %;0 0,0 %;2 0,7 %;1 0,4 %;0 0,0 %
45101;IGS-Eschersheim;1.494;555;151 27,2 %;244 44,0 %;58 10,5 %;49 8,8 %;6 1,1 %;11 2,0 %;2 0,4 %;28 5,0 %;0 0,0 %;6 1,1 %;0 0,0 %;0 0,0 %
45102;Johann-Hinrich-Wichern-Schule;1.435;414;113 27,5 %;193 47,0 %;35 8,5 %;21 5,1 %;6 1,5 %;6 1,5 %;2 0,5 %;25 6,1 %;0 0,0 %;8 1,9 %;2 0,5 %;0 0,0 %
45103;Fried-Lübbecke-Schule;1.058;452;123 27,2 %;164 36,3 %;65 14,4 %;41 9,1 %;4 0,9 %;13 2,9 %;1 0,2 %;37 8,2 %;0 0,0 %;2 0,4 %;2 0,4 %;0 0,0 %
45104;Fried-Lübbecke-Schule;1.215;313;72 23,2 %;168 54,0 %;16 5,1 %;31 10,0 %;3 1,0 %;0 0,0 %;1 0,3 %;17 5,5 %;1 0,3 %;0 0,0 %;2 0,6 %;0 0,0 %
45201;Ziehenschule;1.534;441;92 21,1 %;219 50,2 %;57 13,1 %;39 8,9 %;2 0,5 %;8 1,8 %;0 0,0 %;15 3,4 %;0 0,0 %;1 0,2 %;1 0,2 %;2 0,5 %
45202;Ludwig-Richter-Schule;1.400;515;163 31,8 %;199 38,8 %;56 10,9 %;41 8,0 %;1 0,2 %;4 0,8 %;4 0,8 %;39 7,6 %;1 0,2 %;3 0,6 %;2 0,4 %;0 0,0 %
45203;Ludwig-Richter-Schule;1.490;557;153 27,6 %;238 43,0 %;68 12,3 %;40 7,2 %;5 0,9 %;6 1,1 %;1 0,2 %;36 6,5 %;0 0,0 %;6 1,1 %;1 0,2 %;0 0,0 %
45204;Ziehenschule;1.540;470;105 22,5 %;245 52,5 %;34 7,3 %;44 9,4 %;5 1,1 %;8 1,7 %;1 0,2 %;22 4,7 %;1 0,2 %;1 0,2 %;1 0,2 %;0 0,0 %
46101;Münzenbergerschule;1.337;385;79 20,6 %;195 50,9 %;35 9,1 %;36 9,4 %;7 1,8 %;3 0,8 %;1 0,3 %;24 6,3 %;2 0,5 %;1 0,3 %;0 0,0 %;0 0,0 %
11746102;KiZ 117;1.314;269;52 19,5 %;156 58,4 %;15 5,6 %;20 7,5 %;2 0,7 %;4 1,5 %;0 0,0 %;17 6,4 %;0 0,0 %;1 0,4 %;0 0,0 %;0 0,0 %
46103;Münzenbergerschule;1.156;357;57 16,2 %;199 56,7 %;22 6,3 %;26 7,4 %;6 1,7 %;6 1,7 %;0 0,0 %;26 7,4 %;3 0,9 %;5 1,4 %;0 0,0 %;1 0,3 %
46104;Saalbau Haus Ronneburg;1.448;389;71 18,5 %;196 51,2 %;26 6,8 %;33 8,6 %;5 1,3 %;11 2,9 %;0 0,0 %;35 9,1 %;1 0,3 %;4 1,0 %;0 0,0 %;1 0,3 %
46105;Münzenbergerschule;1.454;570;110 19,4 %;272 48,1 %;57 10,1 %;65 11,5 %;10 1,8 %;7 1,2 %;0 0,0 %;42 7,4 %;1 0,2 %;1 0,2 %;1 0,2 %;0 0,0 %
46106;Sozialzentrum Marbachweg;1.447;414;88 21,4 %;229 55,6 %;26 6,3 %;29 7,0 %;4 1,0 %;9 2,2 %;0 0,0 %;24 5,8 %;2 0,5 %;0 0,0 %;1 0,2 %;0 0,0 %
5646107;KiZ 56;1.482;353;54 15,4 %;195 55,6 %;16 4,6 %;42 12,0 %;3 0,9 %;9 2,6 %;1 0,3 %;26 7,4 %;3 0,9 %;2 0,6 %;0 0,0 %;0 0,0 %
46201;Wöhlerschule;1.265;469;112 24,1 %;208 44,8 %;52 11,2 %;43 9,3 %;5 1,1 %;10 2,2 %;1 0,2 %;32 6,9 %;0 0,0 %;1 0,2 %;0 0,0 %;0 0,0 %
46202;Wöhlerschule;1.010;376;67 17,9 %;192 51,3 %;41 11,0 %;47 12,6 %;3 0,8 %;4 1,1 %;1 0,3 %;11 2,9 %;2 0,5 %;4 1,1 %;2 0,5 %;0 0,0 %
46203;Rudolf Steiner Haus;1.140;376;66 17,6 %;196 52,4 %;44 11,8 %;38 10,2 %;3 0,8 %;4 1,1 %;1 0,3 %;20 5,3 %;0 0,0 %;0 0,0 %;2 0,5 %;0 0,0 %
46204;Ev. Andreasgemeinde;1.023;365;95 26,3 %;175 48,5 %;24 6,6 %;27 7,5 %;3 0,8 %;6 1,7 %;0 0,0 %;25 6,9 %;0 0,0 %;4 1,1 %;2 0,6 %;0 0,0 %
46205;Ev. Andreasgemeinde;1.222;309;82 26,8 %;137 44,8 %;29 9,5 %;33 10,8 %;4 1,3 %;3 1,0 %;1 0,3 %;16 5,2 %;0 0,0 %;1 0,3 %;0 0,0 %;0 0,0 %
46206;Rudolf Steiner Haus;1.213;374;66 17,8 %;207 55,8 %;27 7,3 %;40 10,8 %;3 0,8 %;4 1,1 %;0 0,0 %;20 5,4 %;0 0,0 %;4 1,1 %;0 0,0 %;0 0,0 %
46301;Heinrich-Kleyer-Schule;1.021;374;104 28,3 %;147 39,9 %;47 12,8 %;35 9,5 %;5 1,4 %;3 0,8 %;2 0,5 %;21 5,7 %;0 0,0 %;3 0,8 %;1 0,3 %;0 0,0 %
46302;Wöhlerschule;856;327;76 23,5 %;153 47,2 %;40 12,3 %;32 9,9 %;2 0,6 %;2 0,6 %;2 0,6 %;15 4,6 %;1 0,3 %;0 0,0 %;1 0,3 %;0 0,0 %
47001;Kita New Betts;1.470;473;99 20,9 %;232 49,0 %;37 7,8 %;48 10,1 %;4 0,8 %;11 2,3 %;2 0,4 %;29 6,1 %;2 0,4 %;8 1,7 %;1 0,2 %;0 0,0 %
47002;Festeburggemeinde;1.308;537;114 21,2 %;237 44,1 %;58 10,8 %;64 11,9 %;7 1,3 %;2 0,4 %;1 0,2 %;46 8,6 %;1 0,2 %;5 0,9 %;2 0,4 %;0 0,0 %
47003;Carlo-Mierendorff-Schule;1.671;310;55 17,9 %;179 58,3 %;13 4,2 %;32 10,4 %;2 0,7 %;3 1,0 %;0 0,0 %;20 6,5 %;1 0,3 %;1 0,3 %;0 0,0 %;1 0,3 %
47004;Carlo-Mierendorff-Schule;1.447;304;60 19,9 %;192 63,6 %;18 6,0 %;11 3,6 %;2 0,7 %;2 0,7 %;3 1,0 %;13 4,3 %;0 0,0 %;0 0,0 %;1 0,3 %;0 0,0 %
47005;Ev. Kreuzgemeinde;1.628;493;117 24,1 %;215 44,2 %;39 8,0 %;46 9,5 %;6 1,2 %;8 1,6 %;2 0,4 %;45 9,3 %;3 0,6 %;5 1,0 %;0 0,0 %;0 0,0 %
47006;Liesel-Oestreicher-Schule;1.221;486;76 15,6 %;287 59,1 %;47 9,7 %;36 7,4 %;4 0,8 %;5 1,0 %;0 0,0 %;25 5,1 %;2 0,4 %;3 0,6 %;1 0,2 %;0 0,0 %
47007;Liesel-Oestreicher-Schule;1.477;581;94 16,3 %;330 57,2 %;57 9,9 %;56 9,7 %;3 0,5 %;4 0,7 %;4 0,7 %;23 4,0 %;0 0,0 %;5 0,9 %;1 0,2 %;0 0,0 %
48101;Gustav-Adolf-Gemeinde;1.533;523;147 28,4 %;180 34,7 %;51 9,8 %;52 10,0 %;6 1,2 %;9 1,7 %;3 0,6 %;50 9,7 %;4 0,8 %;5 1,0 %;11 2,1 %;0 0,0 %
48102;Heinrich-Kromer-Schule;1.556;514;128 25,1 %;228 44,7 %;50 9,8 %;40 7,8 %;4 0,8 %;15 2,9 %;2 0,4 %;40 7,8 %;0 0,0 %;2 0,4 %;1 0,2 %;0 0,0 %
48103;Erich-Kästner-Schule;1.556;366;79 21,8 %;196 54,1 %;22 6,1 %;27 7,5 %;7 1,9 %;3 0,8 %;2 0,6 %;26 7,2 %;0 0,0 %;0 0,0 %;0 0,0 %;0 0,0 %
48201;Gemeinde St. Matthias;1.444;369;90 24,5 %;187 51,0 %;23 6,3 %;20 5,4 %;2 0,5 %;8 2,2 %;5 1,4 %;31 8,4 %;0 0,0 %;0 0,0 %;1 0,3 %;0 0,0 %
48202;Mosaikschule;1.506;379;78 20,6 %;200 52,9 %;17 4,5 %;35 9,3 %;4 1,1 %;7 1,9 %;0 0,0 %;33 8,7 %;2 0,5 %;1 0,3 %;1 0,3 %;0 0,0 %
48203;Europäische Schule;1.474;386;111 28,8 %;174 45,1 %;22 5,7 %;25 6,5 %;3 0,8 %;8 2,1 %;0 0,0 %;37 9,6 %;0 0,0 %;4 1,0 %;2 0,5 %;0 0,0 %
48301;relexa hotel;1.389;466;99 21,5 %;211 45,8 %;57 12,4 %;45 9,8 %;6 1,3 %;12 2,6 %;1 0,2 %;23 5,0 %;1 0,2 %;6 1,3 %;0 0,0 %;0 0,0 %
49101;August-Jaspert-Schule;1.476;528;87 16,7 %;290 55,8 %;36 6,9 %;43 8,3 %;3 0,6 %;11 2,1 %;3 0,6 %;34 6,5 %;3 0,6 %;6 1,2 %;4 0,8 %;0 0,0 %
49102;August-Jaspert-Schule;1.607;499;114 23,2 %;263 53,5 %;29 5,9 %;30 6,1 %;0 0,0 %;15 3,0 %;0 0,0 %;34 6,9 %;1 0,2 %;1 0,2 %;5 1,0 %;0 0,0 %
49103;August-Jaspert-Schule;1.384;253;42 16,7 %;161 63,9 %;11 4,4 %;14 5,6 %;2 0,8 %;3 1,2 %;0 0,0 %;16 6,3 %;0 0,0 %;2 0,8 %;1 0,4 %;0 0,0 %
49201;Kita Eddy´s Burg;1.412;443;85 19,4 %;234 53,3 %;34 7,7 %;35 8,0 %;8 1,8 %;12 2,7 %;3 0,7 %;24 5,5 %;0 0,0 %;1 0,2 %;0 0,0 %;3 0,7 %
49202;Albert-Schweitzer-Schule;1.242;401;119 29,8 %;179 44,9 %;21 5,3 %;34 8,5 %;4 1,0 %;8 2,0 %;1 0,3 %;27 6,8 %;1 0,3 %;2 0,5 %;3 0,8 %;0 0,0 %
49203;Albert-Schweitzer-Schule;1.270;180;24 13,8 %;116 66,7 %;6 3,4 %;10 5,7 %;4 2,3 %;7 4,0 %;2 1,1 %;2 1,1 %;1 0,6 %;2 1,1 %;0 0,0 %;0 0,0 %
49204;Albert-Schweitzer-Schule;1.485;618;174 28,2 %;283 45,9 %;46 7,5 %;48 7,8 %;9 1,5 %;13 2,1 %;1 0,2 %;40 6,5 %;1 0,2 %;2 0,3 %;0 0,0 %;0 0,0 %
50001;Berkersheimer Schule;1.202;445;107 24,3 %;228 51,7 %;26 5,9 %;32 7,3 %;6 1,4 %;7 1,6 %;1 0,2 %;33 7,5 %;1 0,2 %;0 0,0 %;0 0,0 %;0 0,0 %
50002;Berkersheimer Schule;1.405;395;86 21,9 %;187 47,6 %;40 10,2 %;38 9,7 %;2 0,5 %;8 2,0 %;0 0,0 %;28 7,1 %;1 0,3 %;2 0,5 %;0 0,0 %;1 0,3 %
51001;Freie Christliche Schule;1.230;214;36 17,0 %;151 71,2 %;9 4,2 %;9 4,2 %;1 0,5 %;2 0,9 %;1 0,5 %;2 0,9 %;0 0,0 %;0 0,0 %;1 0,5 %;0 0,0 %
51002;Freie Christliche Schule;1.447;370;68 18,5 %;208 56,5 %;24 6,5 %;25 6,8 %;6 1,6 %;8 2,2 %;2 0,5 %;24 6,5 %;0 0,0 %;2 0,5 %;1 0,3 %;0 0,0 %
51003;Konrad-Haenisch-Schule;1.666;169;26 15,6 %;103 61,7 %;12 7,2 %;9 5,4 %;2 1,2 %;2 1,2 %;5 3,0 %;7 4,2 %;0 0,0 %;0 0,0 %;1 0,6 %;0 0,0 %
51004;Konrad-Haenisch-Schule;1.483;375;110 29,4 %;193 51,6 %;16 4,3 %;34 9,1 %;1 0,3 %;2 0,5 %;1 0,3 %;12 3,2 %;1 0,3 %;2 0,5 %;1 0,3 %;1 0,3 %
52001;Schule am Mainbogen;1.816;255;36 14,2 %;157 61,8 %;11 4,3 %;18 7,1 %;1 0,4 %;5 2,0 %;2 0,8 %;16 6,3 %;0 0,0 %;7 2,8 %;1 0,4 %;0 0,0 %
52002;Schule am Mainbogen;1.368;310;55 18,0 %;187 61,3 %;21 6,9 %;15 4,9 %;0 0,0 %;5 1,6 %;0 0,0 %;15 4,9 %;2 0,7 %;3 1,0 %;1 0,3 %;1 0,3 %
52003;Schule am Mainbogen;1.371;266;43 16,2 %;159 60,0 %;15 5,7 %;27 10,2 %;4 1,5 %;3 1,1 %;1 0,4 %;12 4,5 %;0 0,0 %;0 0,0 %;0 0,0 %;1 0,4 %
53101;August-Gräser-Schule;1.316;336;99 29,6 %;177 53,0 %;12 3,6 %;9 2,7 %;2 0,6 %;5 1,5 %;0 0,0 %;23 6,9 %;0 0,0 %;5 1,5 %;2 0,6 %;0 0,0 %
53102;August-Gräser-Schule;1.270;517;205 40,0 %;198 38,6 %;28 5,5 %;32 6,2 %;3 0,6 %;15 2,9 %;2 0,4 %;22 4,3 %;1 0,2 %;7 1,4 %;0 0,0 %;0 0,0 %
53103;August-Gräser-Schule;1.298;495;197 40,4 %;207 42,4 %;20 4,1 %;24 4,9 %;4 0,8 %;10 2,0 %;3 0,6 %;18 3,7 %;0 0,0 %;2 0,4 %;3 0,6 %;0 0,0 %
53104;Minna-Specht-Schule;1.263;411;141 34,5 %;164 40,1 %;19 4,6 %;28 6,8 %;6 1,5 %;10 2,4 %;6 1,5 %;27 6,6 %;0 0,0 %;8 2,0 %;0 0,0 %;0 0,0 %
53105;Minna-Specht-Schule;1.341;344;78 23,0 %;182 53,7 %;17 5,0 %;28 8,3 %;3 0,9 %;0 0,0 %;3 0,9 %;22 6,5 %;0 0,0 %;4 1,2 %;1 0,3 %;1 0,3 %
53201;Minna-Specht-Schule;1.379;355;92 26,1 %;177 50,3 %;15 4,3 %;21 6,0 %;1 0,3 %;7 2,0 %;1 0,3 %;33 9,4 %;0 0,0 %;5 1,4 %;0 0,0 %;0 0,0 %
53202;Goldsteinschule;1.130;336;86 26,2 %;162 49,4 %;19 5,8 %;19 5,8 %;4 1,2 %;7 2,1 %;0 0,0 %;31 9,5 %;0 0,0 %;0 0,0 %;0 0,0 %;0 0,0 %
53203;Goldsteinschule;1.286;294;90 30,7 %;161 54,9 %;7 2,4 %;12 4,1 %;1 0,3 %;5 1,7 %;1 0,3 %;13 4,4 %;0 0,0 %;3 1,0 %;0 0,0 %;0 0,0 %
53204;Saalbau Haus Goldstein;1.327;514;133 26,0 %;287 56,2 %;14 2,7 %;14 2,7 %;1 0,2 %;4 0,8 %;2 0,4 %;46 9,0 %;1 0,2 %;7 1,4 %;0 0,0 %;2 0,4 %
53205;Saalbau Haus Goldstein;1.133;294;67 22,9 %;165 56,5 %;10 3,4 %;10 3,4 %;2 0,7 %;4 1,4 %;1 0,3 %;30 10,3 %;0 0,0 %;2 0,7 %;1 0,3 %;0 0,0 %
53206;Goldsteinschule;1.193;225;67 29,9 %;125 55,8 %;3 1,3 %;16 7,1 %;1 0,4 %;2 0,9 %;0 0,0 %;9 4,0 %;0 0,0 %;0 0,0 %;1 0,4 %;0 0,0 %
54101;Griechische Schule;2.161;256;41 16,3 %;139 55,2 %;17 6,7 %;17 6,7 %;4 1,6 %;6 2,4 %;0 0,0 %;26 10,3 %;0 0,0 %;1 0,4 %;1 0,4 %;0 0,0 %
54102;Griechische Schule;1.579;442;107 24,5 %;207 47,5 %;51 11,7 %;24 5,5 %;4 0,9 %;6 1,4 %;3 0,7 %;27 6,2 %;2 0,5 %;5 1,1 %;0 0,0 %;0 0,0 %
54201;Eichendorffschule;889;287;79 27,5 %;144 50,2 %;8 2,8 %;22 7,7 %;2 0,7 %;5 1,7 %;0 0,0 %;25 8,7 %;0 0,0 %;1 0,3 %;1 0,3 %;0 0,0 %
54202;Eichendorffschule;1.517;218;35 16,6 %;141 66,8 %;7 3,3 %;8 3,8 %;3 1,4 %;4 1,9 %;0 0,0 %;13 6,2 %;0 0,0 %;0 0,0 %;0 0,0 %;0 0,0 %
54203;Georg-August-Zinn-Schule;1.710;240;41 17,1 %;163 67,9 %;5 2,1 %;12 5,0 %;1 0,4 %;1 0,4 %;3 1,3 %;13 5,4 %;1 0,4 %;0 0,0 %;0 0,0 %;0 0,0 %
55101;Boehleschule;1.333;336;83 24,9 %;159 47,6 %;32 9,6 %;24 7,2 %;3 0,9 %;7 2,1 %;2 0,6 %;20 6,0 %;0 0,0 %;2 0,6 %;0 0,0 %;2 0,6 %
55102;Sporthalle Athletikverein;1.123;234;40 17,2 %;144 62,1 %;11 4,7 %;12 5,2 %;3 1,3 %;5 2,2 %;0 0,0 %;14 6,0 %;1 0,4 %;2 0,9 %;0 0,0 %;0 0,0 %
55201;Georg-August-Zinn-Schule;1.563;281;64 22,9 %;133 47,7 %;20 7,2 %;23 8,2 %;3 1,1 %;7 2,5 %;0 0,0 %;26 9,3 %;0 0,0 %;3 1,1 %;0 0,0 %;0 0,0 %
55202;Gemeindezentrum St. Hedwig;1.638;245;52 21,5 %;131 54,1 %;10 4,1 %;15 6,2 %;3 1,2 %;7 2,9 %;0 0,0 %;21 8,7 %;1 0,4 %;1 0,4 %;0 0,0 %;1 0,4 %
12055203;KiZ 120;1.397;344;45 13,2 %;217 63,8 %;11 3,2 %;23 6,8 %;3 0,9 %;9 2,6 %;2 0,6 %;28 8,2 %;0 0,0 %;1 0,3 %;0 0,0 %;1 0,3 %
56101;Fridtjof-Nansen-Schule;1.306;299;69 23,2 %;179 60,1 %;3 1,0 %;20 6,7 %;0 0,0 %;4 1,3 %;2 0,7 %;19 6,4 %;1 0,3 %;1 0,3 %;0 0,0 %;0 0,0 %
56102;Fridtjof-Nansen-Schule;1.249;249;61 24,7 %;128 51,8 %;9 3,6 %;16 6,5 %;1 0,4 %;12 4,9 %;0 0,0 %;17 6,9 %;1 0,4 %;2 0,8 %;0 0,0 %;0 0,0 %
56103;Saalbau Haus Nied;1.460;304;59 19,5 %;163 54,0 %;17 5,6 %;26 8,6 %;4 1,3 %;2 0,7 %;0 0,0 %;25 8,3 %;0 0,0 %;5 1,7 %;1 0,3 %;0 0,0 %
56104;Ev. Kirchengemeinde Nied;1.247;244;70 28,7 %;117 48,0 %;14 5,7 %;22 9,0 %;3 1,2 %;0 0,0 %;1 0,4 %;15 6,1 %;0 0,0 %;2 0,8 %;0 0,0 %;0 0,0 %
56105;Ev. Kirchengemeinde Nied;1.183;189;39 20,7 %;102 54,3 %;10 5,3 %;15 8,0 %;1 0,5 %;4 2,1 %;0 0,0 %;14 7,4 %;0 0,0 %;2 1,1 %;1 0,5 %;0 0,0 %
56201;Friedrich-List-Schule;1.646;498;80 16,2 %;286 57,9 %;19 3,8 %;31 6,3 %;4 0,8 %;14 2,8 %;1 0,2 %;51 10,3 %;0 0,0 %;6 1,2 %;2 0,4 %;0 0,0 %
56202;Altenwohnanlage Begegnungsstätte;1.466;349;96 27,6 %;188 54,0 %;12 3,4 %;9 2,6 %;4 1,1 %;3 0,9 %;4 1,1 %;29 8,3 %;0 0,0 %;2 0,6 %;1 0,3 %;0 0,0 %
56203;Altenwohnanlage Begegnungsstätte;1.330;304;88 29,1 %;152 50,3 %;11 3,6 %;16 5,3 %;3 1,0 %;6 2,0 %;0 0,0 %;25 8,3 %;0 0,0 %;1 0,3 %;0 0,0 %;0 0,0 %
56204;Friedrich-List-Schule;1.772;572;131 23,1 %;307 54,2 %;31 5,5 %;23 4,1 %;4 0,7 %;12 2,1 %;1 0,2 %;53 9,4 %;0 0,0 %;4 0,7 %;0 0,0 %;0 0,0 %
57001;Leibnizschule;1.349;315;77 24,6 %;128 40,9 %;31 9,9 %;35 11,2 %;5 1,6 %;5 1,6 %;0 0,0 %;16 5,1 %;0 0,0 %;15 4,8 %;1 0,3 %;0 0,0 %
57002;Robert-Blum-Schule;1.348;259;43 16,9 %;152 59,8 %;13 5,1 %;20 7,9 %;3 1,2 %;4 1,6 %;0 0,0 %;18 7,1 %;0 0,0 %;1 0,4 %;0 0,0 %;0 0,0 %
57003;Robert-Blum-Schule;1.289;223;30 13,7 %;138 63,0 %;10 4,6 %;16 7,3 %;5 2,3 %;2 0,9 %;2 0,9 %;11 5,0 %;1 0,5 %;2 0,9 %;0 0,0 %;2 0,9 %
58001;Helene-Lange-Schule;1.317;255;61 24,2 %;117 46,4 %;22 8,7 %;22 8,7 %;3 1,2 %;3 1,2 %;0 0,0 %;18 7,1 %;0 0,0 %;5 2,0 %;1 0,4 %;0 0,0 %
58002;Kasinoschule;1.748;363;71 19,6 %;180 49,6 %;35 9,6 %;39 10,7 %;10 2,8 %;3 0,8 %;2 0,6 %;18 5,0 %;0 0,0 %;5 1,4 %;0 0,0 %;0 0,0 %
59101;Paul-Ehrlich-Schule;1.411;253;45 17,9 %;135 53,8 %;23 9,2 %;26 10,4 %;5 2,0 %;2 0,8 %;0 0,0 %;10 4,0 %;1 0,4 %;4 1,6 %;0 0,0 %;0 0,0 %
59102;Paul-Ehrlich-Schule;1.397;304;44 14,5 %;145 47,9 %;31 10,2 %;37 12,2 %;9 3,0 %;6 2,0 %;0 0,0 %;18 5,9 %;0 0,0 %;13 4,3 %;0 0,0 %;0 0,0 %
60101;Ev. Gemeindehaus Sindlingen;1.225;191;41 21,8 %;106 56,4 %;7 3,7 %;5 2,7 %;5 2,7 %;2 1,1 %;1 0,5 %;19 10,1 %;0 0,0 %;2 1,1 %;0 0,0 %;0 0,0 %
60102;Meisterschule;1.098;330;102 31,3 %;169 51,8 %;15 4,6 %;17 5,2 %;2 0,6 %;4 1,2 %;2 0,6 %;13 4,0 %;0 0,0 %;1 0,3 %;1 0,3 %;0 0,0 %
60103;Gemeindehaus St. Dionysius;976;285;81 28,7 %;146 51,8 %;10 3,5 %;14 5,0 %;3 1,1 %;4 1,4 %;0 0,0 %;21 7,4 %;0 0,0 %;2 0,7 %;1 0,4 %;0 0,0 %
60201;Ludwig-Weber-Schule;1.287;337;54 16,3 %;228 68,7 %;2 0,6 %;15 4,5 %;3 0,9 %;6 1,8 %;3 0,9 %;19 5,7 %;0 0,0 %;0 0,0 %;1 0,3 %;1 0,3 %
60202;Ludwig-Weber-Schule;1.177;272;28 10,4 %;187 69,3 %;9 3,3 %;18 6,7 %;3 1,1 %;10 3,7 %;0 0,0 %;14 5,2 %;0 0,0 %;0 0,0 %;1 0,4 %;0 0,0 %
60401;Adolf-Reichwein-Schule;1.536;317;90 28,7 %;181 57,6 %;10 3,2 %;8 2,5 %;3 1,0 %;4 1,3 %;0 0,0 %;18 5,7 %;0 0,0 %;0 0,0 %;0 0,0 %;0 0,0 %
61101;Käthe-Kollwitz-Schule;1.200;345;125 36,7 %;149 43,7 %;16 4,7 %;23 6,7 %;4 1,2 %;3 0,9 %;3 0,9 %;15 4,4 %;0 0,0 %;1 0,3 %;1 0,3 %;1 0,3 %
61102;Käthe-Kollwitz-Schule;1.058;388;96 25,1 %;206 53,8 %;14 3,7 %;22 5,7 %;3 0,8 %;12 3,1 %;0 0,0 %;24 6,3 %;0 0,0 %;6 1,6 %;0 0,0 %;0 0,0 %
61103;Käthe-Kollwitz-Schule;1.109;287;69 24,6 %;157 55,9 %;6 2,1 %;16 5,7 %;0 0,0 %;8 2,8 %;0 0,0 %;22 7,8 %;0 0,0 %;2 0,7 %;1 0,4 %;0 0,0 %
61201;Adolf-Reichwein-Schule;1.540;234;48 20,8 %;124 53,7 %;14 6,1 %;18 7,8 %;5 2,2 %;1 0,4 %;0 0,0 %;14 6,1 %;1 0,4 %;5 2,2 %;1 0,4 %;0 0,0 %
61202;Adolf-Reichwein-Schule;1.569;222;40 18,3 %;144 65,8 %;4 1,8 %;9 4,1 %;3 1,4 %;2 0,9 %;1 0,5 %;15 6,8 %;0 0,0 %;0 0,0 %;1 0,5 %;0 0,0 %
62101;Ludwig-Erhard-Schule;1.526;439;137 31,4 %;197 45,2 %;22 5,0 %;30 6,9 %;4 0,9 %;9 2,1 %;2 0,5 %;28 6,4 %;0 0,0 %;7 1,6 %;0 0,0 %;0 0,0 %
62102;Ludwig-Erhard-Schule;1.572;415;131 31,8 %;180 43,7 %;27 6,6 %;29 7,0 %;4 1,0 %;0 0,0 %;2 0,5 %;22 5,3 %;1 0,2 %;16 3,9 %;0 0,0 %;0 0,0 %
62103;Frankf. Schule für Bekleidung und Mode;1.434;517;179 34,8 %;224 43,6 %;35 6,8 %;29 5,6 %;2 0,4 %;11 2,1 %;2 0,4 %;26 5,1 %;0 0,0 %;6 1,2 %;0 0,0 %;0 0,0 %
62104;Karl-von-Ibell-Schule;1.688;467;131 28,2 %;250 53,8 %;23 4,9 %;25 5,4 %;1 0,2 %;5 1,1 %;2 0,4 %;21 4,5 %;0 0,0 %;7 1,5 %;0 0,0 %;0 0,0 %
62201;Karl-Oppermann-Schule;1.287;178;30 16,9 %;105 59,3 %;8 4,5 %;16 9,0 %;1 0,6 %;1 0,6 %;0 0,0 %;13 7,3 %;0 0,0 %;1 0,6 %;0 0,0 %;2 1,1 %
62202;Walter-Kolb-Schule;1.454;306;74 24,5 %;156 51,7 %;12 4,0 %;21 7,0 %;4 1,3 %;10 3,3 %;1 0,3 %;19 6,3 %;0 0,0 %;4 1,3 %;0 0,0 %;1 0,3 %
62203;Walter-Kolb-Schule;1.524;242;41 17,3 %;136 57,4 %;3 1,3 %;26 11,0 %;1 0,4 %;4 1,7 %;0 0,0 %;22 9,3 %;0 0,0 %;3 1,3 %;1 0,4 %;0 0,0 %
63101;Saalbau Volkshaus Sossenheim;1.479;359;109 30,5 %;167 46,8 %;18 5,0 %;32 9,0 %;4 1,1 %;3 0,8 %;0 0,0 %;21 5,9 %;0 0,0 %;1 0,3 %;0 0,0 %;2 0,6 %
63102;Eduard-Spranger-Schule;1.469;364;108 30,1 %;155 43,2 %;29 8,1 %;11 3,1 %;9 2,5 %;8 2,2 %;1 0,3 %;29 8,1 %;0 0,0 %;8 2,2 %;1 0,3 %;0 0,0 %
63103;Eduard-Spranger-Schule;1.409;263;71 27,1 %;148 56,5 %;7 2,7 %;8 3,1 %;2 0,8 %;3 1,1 %;3 1,1 %;15 5,7 %;0 0,0 %;4 1,5 %;0 0,0 %;1 0,4 %
63104;Victor-Gollancz-Haus;1.408;278;82 30,0 %;130 47,6 %;22 8,1 %;22 8,1 %;3 1,1 %;2 0,7 %;0 0,0 %;9 3,3 %;0 0,0 %;2 0,7 %;0 0,0 %;1 0,4 %
63201;Saalbau Volkshaus Sossenheim;1.535;225;57 25,7 %;118 53,2 %;12 5,4 %;10 4,5 %;1 0,5 %;4 1,8 %;0 0,0 %;18 8,1 %;1 0,5 %;0 0,0 %;1 0,5 %;0 0,0 %
63202;Albrecht-Dürer-Schule;1.397;382;135 35,6 %;169 44,6 %;27 7,1 %;10 2,6 %;1 0,3 %;3 0,8 %;0 0,0 %;30 7,9 %;0 0,0 %;4 1,1 %;0 0,0 %;0 0,0 %
63203;Saalbau Volkshaus Sossenheim;1.429;226;57 25,8 %;130 58,8 %;2 0,9 %;14 6,3 %;3 1,4 %;0 0,0 %;1 0,5 %;12 5,4 %;0 0,0 %;1 0,5 %;1 0,5 %;0 0,0 %
64001;Schule am Erlenbach;1.160;493;206 42,0 %;159 32,4 %;35 7,1 %;23 4,7 %;1 0,2 %;10 2,0 %;1 0,2 %;50 10,2 %;0 0,0 %;2 0,4 %;3 0,6 %;0 0,0 %
64002;Schule am Erlenbach;1.164;400;147 37,0 %;161 40,6 %;31 7,8 %;31 7,8 %;5 1,3 %;5 1,3 %;0 0,0 %;14 3,5 %;0 0,0 %;1 0,3 %;2 0,5 %;0 0,0 %
64003;Schule am Erlenbach;1.220;476;186 39,3 %;178 37,6 %;38 8,0 %;16 3,4 %;5 1,1 %;9 1,9 %;1 0,2 %;39 8,2 %;1 0,2 %;0 0,0 %;0 0,0 %;0 0,0 %
65001;Grundschule Kalbach;1.552;516;166 32,4 %;239 46,6 %;37 7,2 %;28 5,5 %;5 1,0 %;9 1,8 %;3 0,6 %;22 4,3 %;1 0,2 %;0 0,0 %;1 0,2 %;2 0,4 %
65002;Grundschule Kalbach;1.351;458;139 30,5 %;218 47,9 %;32 7,0 %;29 6,4 %;1 0,2 %;8 1,8 %;1 0,2 %;22 4,8 %;0 0,0 %;3 0,7 %;1 0,2 %;1 0,2 %
65003;Ev. Kita Krambambuli;1.246;538;163 30,4 %;262 48,9 %;38 7,1 %;31 5,8 %;4 0,7 %;7 1,3 %;2 0,4 %;27 5,0 %;0 0,0 %;1 0,2 %;1 0,2 %;0 0,0 %
65101;Grundschule Riedberg;1.469;553;175 31,9 %;223 40,6 %;64 11,7 %;31 5,6 %;10 1,8 %;3 0,5 %;0 0,0 %;32 5,8 %;0 0,0 %;8 1,5 %;2 0,4 %;1 0,2 %
65102;Grundschule Riedberg;1.800;674;232 34,5 %;267 39,7 %;85 12,6 %;20 3,0 %;3 0,4 %;9 1,3 %;4 0,6 %;47 7,0 %;0 0,0 %;5 0,7 %;0 0,0 %;0 0,0 %
65103;Gymnasium Riedberg;1.441;497;179 36,3 %;215 43,6 %;36 7,3 %;21 4,3 %;4 0,8 %;6 1,2 %;3 0,6 %;25 5,1 %;0 0,0 %;4 0,8 %;0 0,0 %;0 0,0 %
65104;Gymnasium Riedberg;1.552;481;133 27,9 %;201 42,2 %;43 9,0 %;37 7,8 %;6 1,3 %;9 1,9 %;10 2,1 %;32 6,7 %;1 0,2 %;3 0,6 %;1 0,2 %;0 0,0 %
65105;Marie-Curie-Schule;1.095;352;105 29,9 %;160 45,6 %;35 10,0 %;21 6,0 %;6 1,7 %;7 2,0 %;3 0,9 %;12 3,4 %;0 0,0 %;2 0,6 %;0 0,0 %;0 0,0 %
65106;Marie-Curie-Schule;903;252;77 30,6 %;107 42,5 %;29 11,5 %;11 4,4 %;5 2,0 %;6 2,4 %;1 0,4 %;11 4,4 %;0 0,0 %;3 1,2 %;2 0,8 %;0 0,0 %
66001;Bürgerhaus Harheim;1.322;552;197 35,8 %;199 36,1 %;48 8,7 %;40 7,3 %;4 0,7 %;11 2,0 %;2 0,4 %;42 7,6 %;2 0,4 %;3 0,5 %;3 0,5 %;0 0,0 %
66002;Bürgerhaus Harheim;1.100;381;151 39,8 %;129 34,0 %;29 7,7 %;20 5,3 %;4 1,1 %;7 1,8 %;0 0,0 %;34 9,0 %;1 0,3 %;3 0,8 %;1 0,3 %;0 0,0 %
66003;Bürgerhaus Harheim;1.126;511;251 49,5 %;141 27,8 %;29 5,7 %;20 3,9 %;2 0,4 %;11 2,2 %;2 0,4 %;44 8,7 %;1 0,2 %;4 0,8 %;2 0,4 %;0 0,0 %
67001;Otto-Hahn-Schule;1.277;463;177 38,3 %;155 33,5 %;33 7,1 %;22 4,8 %;1 0,2 %;11 2,4 %;4 0,9 %;53 11,5 %;1 0,2 %;5 1,1 %;0 0,0 %;0 0,0 %
67002;Otto-Hahn-Schule;1.292;352;90 25,9 %;152 43,7 %;34 9,8 %;25 7,2 %;1 0,3 %;6 1,7 %;2 0,6 %;35 10,1 %;1 0,3 %;1 0,3 %;1 0,3 %;0 0,0 %
67003;Michael-Grzimek-Schule;1.223;453;179 40,1 %;154 34,5 %;30 6,7 %;38 8,5 %;7 1,6 %;13 2,9 %;1 0,2 %;21 4,7 %;3 0,7 %;0 0,0 %;0 0,0 %;0 0,0 %
67004;Michael-Grzimek-Schule;1.312;436;158 37,0 %;153 35,8 %;44 10,3 %;20 4,7 %;1 0,2 %;12 2,8 %;0 0,0 %;34 8,0 %;1 0,2 %;2 0,5 %;0 0,0 %;2 0,5 %
67005;Kinderhaus am Bügel;1.462;271;69 25,7 %;134 49,8 %;16 5,9 %;9 3,3 %;3 1,1 %;9 3,3 %;0 0,0 %;22 8,2 %;0 0,0 %;1 0,4 %;5 1,9 %;1 0,4 %
67006;Altentagesstätte;1.475;267;30 11,4 %;182 69,2 %;8 3,0 %;19 7,2 %;3 1,1 %;2 0,8 %;0 0,0 %;15 5,7 %;0 0,0 %;2 0,8 %;1 0,4 %;1 0,4 %
68001;Schule am Landgraben;1.379;489;125 25,7 %;212 43,6 %;49 10,1 %;35 7,2 %;5 1,0 %;8 1,6 %;1 0,2 %;46 9,5 %;0 0,0 %;4 0,8 %;0 0,0 %;1 0,2 %
68002;Schule am Landgraben;1.320;367;124 33,8 %;130 35,4 %;28 7,6 %;35 9,5 %;3 0,8 %;5 1,4 %;1 0,3 %;36 9,8 %;0 0,0 %;3 0,8 %;2 0,5 %;0 0,0 %
68003;Saalbau Stadthalle Bergen;1.477;516;120 23,3 %;254 49,4 %;44 8,6 %;27 5,3 %;4 0,8 %;11 2,1 %;0 0,0 %;47 9,1 %;1 0,2 %;6 1,2 %;0 0,0 %;0 0,0 %
68004;Saalbau Stadthalle Bergen;1.357;468;146 31,4 %;205 44,1 %;35 7,5 %;30 6,5 %;5 1,1 %;5 1,1 %;2 0,4 %;30 6,5 %;1 0,2 %;4 0,9 %;0 0,0 %;2 0,4 %
68005;Ev. Kirche Bergen-Enkheim;1.356;480;198 41,6 %;158 33,2 %;33 6,9 %;23 4,8 %;8 1,7 %;6 1,3 %;1 0,2 %;44 9,2 %;0 0,0 %;2 0,4 %;1 0,2 %;2 0,4 %
68006;Schule am Ried;1.216;413;112 27,2 %;197 47,8 %;28 6,8 %;30 7,3 %;0 0,0 %;8 1,9 %;0 0,0 %;35 8,5 %;0 0,0 %;2 0,5 %;0 0,0 %;0 0,0 %
68007;Schule am Ried;1.281;363;85 23,7 %;179 49,9 %;30 8,4 %;23 6,4 %;0 0,0 %;4 1,1 %;2 0,6 %;30 8,4 %;3 0,8 %;1 0,3 %;2 0,6 %;0 0,0 %
68008;Saalbau Volkshaus Enkheim;1.491;417;79 19,1 %;230 55,7 %;22 5,3 %;32 7,7 %;7 1,7 %;7 1,7 %;3 0,7 %;27 6,5 %;1 0,2 %;5 1,2 %;0 0,0 %;0 0,0 %
68009;Saalbau Volkshaus Enkheim;1.231;321;84 26,2 %;144 44,9 %;11 3,4 %;16 5,0 %;2 0,6 %;14 4,4 %;1 0,3 %;44 13,7 %;1 0,3 %;2 0,6 %;2 0,6 %;0 0,0 %
68010;Frankfurter Volksbank;1.323;437;129 29,8 %;210 48,5 %;28 6,5 %;25 5,8 %;4 0,9 %;5 1,2 %;1 0,2 %;25 5,8 %;0 0,0 %;6 1,4 %;0 0,0 %;0 0,0 %
90100;Briefwahl Altstadt;0;280;87 31,3 %;112 40,3 %;31 11,2 %;22 7,9 %;3 1,1 %;2 0,7 %;1 0,4 %;16 5,8 %;1 0,4 %;2 0,7 %;0 0,0 %;1 0,4 %
90200;Briefwahl Innenstadt;0;372;126 34,0 %;144 38,8 %;35 9,4 %;28 7,5 %;4 1,1 %;5 1,3 %;1 0,3 %;19 5,1 %;0 0,0 %;8 2,2 %;1 0,3 %;0 0,0 %
90401;Briefwahl Westend-Süd;0;383;191 49,9 %;101 26,4 %;36 9,4 %;14 3,7 %;6 1,6 %;6 1,6 %;3 0,8 %;23 6,0 %;1 0,3 %;1 0,3 %;0 0,0 %;1 0,3 %
90402;Briefwahl Westend-Süd;0;307;126 41,0 %;99 32,2 %;32 10,4 %;16 5,2 %;0 0,0 %;9 2,9 %;3 1,0 %;20 6,5 %;0 0,0 %;0 0,0 %;0 0,0 %;2 0,7 %
90403;Briefwahl Westend-Süd;0;363;177 49,0 %;91 25,2 %;34 9,4 %;21 5,8 %;3 0,8 %;6 1,7 %;1 0,3 %;24 6,6 %;0 0,0 %;3 0,8 %;1 0,3 %;0 0,0 %
90404;Briefwahl Westend-Süd;0;429;222 51,7 %;121 28,2 %;33 7,7 %;9 2,1 %;2 0,5 %;3 0,7 %;2 0,5 %;31 7,2 %;0 0,0 %;5 1,2 %;1 0,2 %;0 0,0 %
90405;Briefwahl Westend-Süd;0;418;179 43,1 %;132 31,8 %;42 10,1 %;25 6,0 %;3 0,7 %;3 0,7 %;1 0,2 %;26 6,3 %;1 0,2 %;2 0,5 %;0 0,0 %;1 0,2 %
90501;Briefwahl Westend-Nord;0;335;147 44,0 %;96 28,7 %;32 9,6 %;23 6,9 %;5 1,5 %;6 1,8 %;1 0,3 %;16 4,8 %;1 0,3 %;7 2,1 %;0 0,0 %;0 0,0 %
90502;Briefwahl Westend-Nord;0;434;188 43,4 %;152 35,1 %;35 8,1 %;25 5,8 %;5 1,2 %;8 1,8 %;10 2,3 %;7 1,6 %;1 0,2 %;1 0,2 %;1 0,2 %;0 0,0 %
90601;Briefwahl Nordend-West;0;321;88 27,5 %;124 38,8 %;52 16,3 %;36 11,3 %;3 0,9 %;4 1,3 %;0 0,0 %;7 2,2 %;1 0,3 %;5 1,6 %;0 0,0 %;0 0,0 %
90602;Briefwahl Nordend-West;0;298;102 34,3 %;116 39,1 %;34 11,4 %;22 7,4 %;1 0,3 %;4 1,3 %;1 0,3 %;14 4,7 %;0 0,0 %;2 0,7 %;0 0,0 %;1 0,3 %
90603;Briefwahl Nordend-West;0;373;126 33,8 %;130 34,9 %;52 13,9 %;23 6,2 %;1 0,3 %;9 2,4 %;0 0,0 %;27 7,2 %;1 0,3 %;2 0,5 %;2 0,5 %;0 0,0 %
90604;Briefwahl Nordend-West;0;553;219 39,6 %;197 35,6 %;43 7,8 %;47 8,5 %;7 1,3 %;8 1,4 %;3 0,5 %;19 3,4 %;1 0,2 %;5 0,9 %;1 0,2 %;3 0,5 %
90605;Briefwahl Nordend-West;0;376;214 57,2 %;98 26,2 %;29 7,8 %;12 3,2 %;1 0,3 %;6 1,6 %;2 0,5 %;12 3,2 %;0 0,0 %;0 0,0 %;0 0,0 %;0 0,0 %
90606;Briefwahl Nordend-West;0;361;72 20,0 %;143 39,7 %;69 19,2 %;53 14,7 %;2 0,6 %;6 1,7 %;0 0,0 %;8 2,2 %;1 0,3 %;3 0,8 %;1 0,3 %;2 0,6 %
90607;Briefwahl Nordend-West;0;520;150 29,1 %;181 35,1 %;79 15,3 %;60 11,6 %;8 1,6 %;8 1,6 %;1 0,2 %;21 4,1 %;0 0,0 %;6 1,2 %;1 0,2 %;1 0,2 %
90701;Briefwahl Nordend-Ost;0;464;115 24,9 %;198 42,9 %;74 16,0 %;46 10,0 %;7 1,5 %;3 0,6 %;2 0,4 %;10 2,2 %;1 0,2 %;3 0,6 %;0 0,0 %;3 0,6 %
90702;Briefwahl Nordend-Ost;0;413;100 24,3 %;150 36,5 %;83 20,2 %;41 10,0 %;11 2,7 %;7 1,7 %;2 0,5 %;12 2,9 %;0 0,0 %;5 1,2 %;0 0,0 %;0 0,0 %
90703;Briefwahl Nordend-Ost;0;510;104 20,5 %;222 43,7 %;78 15,4 %;63 12,4 %;9 1,8 %;7 1,4 %;5 1,0 %;15 3,0 %;1 0,2 %;4 0,8 %;0 0,0 %;0 0,0 %
90704;Briefwahl Nordend-Ost;0;434;105 24,3 %;180 41,7 %;63 14,6 %;46 10,6 %;8 1,9 %;8 1,9 %;1 0,2 %;10 2,3 %;0 0,0 %;7 1,6 %;3 0,7 %;1 0,2 %
90801;Briefwahl Ostend;0;380;128 33,9 %;138 36,5 %;39 10,3 %;30 7,9 %;7 1,9 %;4 1,1 %;2 0,5 %;17 4,5 %;3 0,8 %;9 2,4 %;0 0,0 %;1 0,3 %
90802;Briefwahl Ostend;0;399;111 28,0 %;158 39,9 %;47 11,9 %;32 8,1 %;6 1,5 %;3 0,8 %;7 1,8 %;20 5,1 %;1 0,3 %;9 2,3 %;2 0,5 %;0 0,0 %
90803;Briefwahl Ostend;0;439;121 27,8 %;176 40,5 %;56 12,9 %;48 11,0 %;4 0,9 %;1 0,2 %;6 1,4 %;17 3,9 %;1 0,2 %;3 0,7 %;2 0,5 %;0 0,0 %
90804;Briefwahl Ostend;0;514;151 29,4 %;193 37,6 %;81 15,8 %;48 9,4 %;2 0,4 %;6 1,2 %;0 0,0 %;20 3,9 %;4 0,8 %;4 0,8 %;4 0,8 %;0 0,0 %
90805;Briefwahl Ostend;0;309;76 24,6 %;160 51,8 %;28 9,1 %;15 4,9 %;5 1,6 %;4 1,3 %;0 0,0 %;16 5,2 %;0 0,0 %;4 1,3 %;1 0,3 %;0 0,0 %
90901;Briefwahl Bornheim;0;213;61 28,8 %;89 42,0 %;26 12,3 %;11 5,2 %;5 2,4 %;5 2,4 %;1 0,5 %;14 6,6 %;0 0,0 %;0 0,0 %;0 0,0 %;0 0,0 %
90902;Briefwahl Bornheim;0;346;72 20,8 %;162 46,8 %;45 13,0 %;39 11,3 %;5 1,4 %;5 1,4 %;0 0,0 %;9 2,6 %;1 0,3 %;8 2,3 %;0 0,0 %;0 0,0 %
90903;Briefwahl Bornheim;0;368;54 14,7 %;204 55,4 %;35 9,5 %;31 8,4 %;6 1,6 %;8 2,2 %;4 1,1 %;21 5,7 %;0 0,0 %;3 0,8 %;0 0,0 %;2 0,5 %
90904;Briefwahl Bornheim;0;444;95 21,4 %;196 44,2 %;69 15,6 %;39 8,8 %;8 1,8 %;5 1,1 %;2 0,5 %;23 5,2 %;1 0,2 %;4 0,9 %;1 0,2 %;0 0,0 %
90905;Briefwahl Bornheim;0;380;84 22,2 %;190 50,3 %;34 9,0 %;34 9,0 %;3 0,8 %;6 1,6 %;1 0,3 %;22 5,8 %;0 0,0 %;4 1,1 %;0 0,0 %;0 0,0 %
90906;Briefwahl Bornheim;0;419;95 22,8 %;206 49,5 %;43 10,3 %;36 8,7 %;10 2,4 %;5 1,2 %;2 0,5 %;13 3,1 %;3 0,7 %;2 0,5 %;1 0,2 %;0 0,0 %
91000;Briefwahl Gutleut-/Bahnhofsviertel;0;472;132 28,0 %;156 33,1 %;63 13,4 %;48 10,2 %;14 3,0 %;4 0,8 %;6 1,3 %;35 7,4 %;3 0,6 %;9 1,9 %;0 0,0 %;1 0,2 %
91101;Briefwahl Gallus;0;739;177 24,1 %;347 47,2 %;55 7,5 %;58 7,9 %;10 1,4 %;17 2,3 %;6 0,8 %;55 7,5 %;4 0,5 %;5 0,7 %;0 0,0 %;1 0,1 %
91102;Briefwahl Gallus;0;436;115 26,4 %;177 40,7 %;44 10,1 %;38 8,7 %;8 1,8 %;16 3,7 %;10 2,3 %;21 4,8 %;0 0,0 %;5 1,1 %;1 0,2 %;0 0,0 %
91103;Briefwahl Gallus;0;577;182 31,5 %;194 33,6 %;67 11,6 %;57 9,9 %;6 1,0 %;10 1,7 %;12 2,1 %;43 7,5 %;1 0,2 %;5 0,9 %;0 0,0 %;0 0,0 %
91201;Briefwahl Bockenheim;0;293;102 34,8 %;114 38,9 %;28 9,6 %;15 5,1 %;2 0,7 %;9 3,1 %;7 2,4 %;13 4,4 %;0 0,0 %;3 1,0 %;0 0,0 %;0 0,0 %
91202;Briefwahl Bockenheim;0;342;65 19,0 %;134 39,2 %;66 19,3 %;49 14,3 %;2 0,6 %;8 2,3 %;3 0,9 %;8 2,3 %;1 0,3 %;6 1,8 %;0 0,0 %;0 0,0 %
91203;Briefwahl Bockenheim;0;276;95 34,8 %;92 33,7 %;35 12,8 %;13 4,8 %;5 1,8 %;7 2,6 %;4 1,5 %;15 5,5 %;0 0,0 %;4 1,5 %;2 0,7 %;1 0,4 %
91204;Briefwahl Bockenheim;0;416;68 16,3 %;201 48,3 %;61 14,7 %;53 12,7 %;4 1,0 %;5 1,2 %;4 1,0 %;17 4,1 %;0 0,0 %;3 0,7 %;0 0,0 %;0 0,0 %
91205;Briefwahl Bockenheim;0;469;101 21,5 %;201 42,9 %;74 15,8 %;60 12,8 %;12 2,6 %;6 1,3 %;3 0,6 %;9 1,9 %;1 0,2 %;2 0,4 %;0 0,0 %;0 0,0 %
91206;Briefwahl Bockenheim;0;369;206 55,8 %;97 26,3 %;29 7,9 %;13 3,5 %;1 0,3 %;3 0,8 %;1 0,3 %;16 4,3 %;0 0,0 %;3 0,8 %;0 0,0 %;0 0,0 %
91207;Briefwahl Bockenheim;0;252;58 23,3 %;99 39,8 %;40 16,1 %;35 14,1 %;0 0,0 %;8 3,2 %;1 0,4 %;6 2,4 %;0 0,0 %;0 0,0 %;2 0,8 %;0 0,0 %
91301;Briefwahl Sachsenhausen-Nord;0;248;76 30,6 %;97 39,1 %;24 9,7 %;16 6,5 %;3 1,2 %;9 3,6 %;0 0,0 %;19 7,7 %;2 0,8 %;2 0,8 %;0 0,0 %;0 0,0 %
91302;Briefwahl Sachsenhausen-Nord;0;491;178 36,3 %;179 36,5 %;52 10,6 %;34 6,9 %;5 1,0 %;3 0,6 %;4 0,8 %;24 4,9 %;0 0,0 %;10 2,0 %;1 0,2 %;0 0,0 %
91303;Briefwahl Sachsenhausen-Nord;0;414;129 31,2 %;192 46,5 %;31 7,5 %;24 5,8 %;6 1,5 %;6 1,5 %;1 0,2 %;18 4,4 %;1 0,2 %;5 1,2 %;0 0,0 %;0 0,0 %
91304;Briefwahl Sachsenhausen-Nord;0;356;155 43,8 %;117 33,1 %;34 9,6 %;21 5,9 %;1 0,3 %;2 0,6 %;2 0,6 %;21 5,9 %;0 0,0 %;1 0,3 %;0 0,0 %;0 0,0 %
91305;Briefwahl Sachsenhausen-Nord;0;333;113 34,0 %;120 36,1 %;38 11,4 %;22 6,6 %;5 1,5 %;4 1,2 %;0 0,0 %;18 5,4 %;1 0,3 %;11 3,3 %;0 0,0 %;0 0,0 %
91306;Briefwahl Sachsenhausen-Nord;0;378;130 34,5 %;139 36,9 %;49 13,0 %;31 8,2 %;5 1,3 %;5 1,3 %;1 0,3 %;14 3,7 %;0 0,0 %;3 0,8 %;0 0,0 %;0 0,0 %
91307;Briefwahl Sachsenhausen-Nord;0;317;114 36,2 %;124 39,4 %;28 8,9 %;18 5,7 %;0 0,0 %;7 2,2 %;0 0,0 %;20 6,3 %;0 0,0 %;4 1,3 %;0 0,0 %;0 0,0 %
91401;Briefwahl Sachsenhausen-Süd;0;499;194 38,9 %;181 36,3 %;42 8,4 %;19 3,8 %;3 0,6 %;15 3,0 %;1 0,2 %;34 6,8 %;1 0,2 %;9 1,8 %;0 0,0 %;0 0,0 %
91402;Briefwahl Sachsenhausen-Süd;0;516;199 38,6 %;180 34,9 %;46 8,9 %;27 5,2 %;3 0,6 %;6 1,2 %;1 0,2 %;50 9,7 %;1 0,2 %;2 0,4 %;1 0,2 %;0 0,0 %
91403;Briefwahl Sachsenhausen-Süd;0;419;154 36,9 %;166 39,8 %;25 6,0 %;29 7,0 %;2 0,5 %;4 1,0 %;3 0,7 %;30 7,2 %;0 0,0 %;3 0,7 %;0 0,0 %;1 0,2 %
91404;Briefwahl Sachsenhausen-Süd;0;359;109 30,4 %;175 48,9 %;19 5,3 %;17 4,7 %;1 0,3 %;5 1,4 %;0 0,0 %;29 8,1 %;0 0,0 %;0 0,0 %;1 0,3 %;2 0,6 %
91405;Briefwahl Sachsenhausen-Süd;0;547;191 34,9 %;219 40,0 %;46 8,4 %;35 6,4 %;4 0,7 %;3 0,5 %;8 1,5 %;35 6,4 %;0 0,0 %;6 1,1 %;0 0,0 %;0 0,0 %
91406;Briefwahl Sachsenhausen-Süd;0;603;232 38,7 %;236 39,4 %;59 9,8 %;32 5,3 %;6 1,0 %;6 1,0 %;0 0,0 %;24 4,0 %;1 0,2 %;3 0,5 %;0 0,0 %;0 0,0 %
91601;Briefwahl Oberrad;0;404;117 29,1 %;199 49,5 %;22 5,5 %;24 6,0 %;9 2,2 %;5 1,2 %;5 1,2 %;13 3,2 %;0 0,0 %;6 1,5 %;1 0,2 %;1 0,2 %
91602;Briefwahl Oberrad;0;361;108 30,1 %;158 44,0 %;35 9,7 %;18 5,0 %;1 0,3 %;6 1,7 %;0 0,0 %;26 7,2 %;3 0,8 %;3 0,8 %;0 0,0 %;1 0,3 %
91701;Briefwahl Niederrad;0;384;112 29,6 %;151 39,9 %;37 9,8 %;46 12,2 %;5 1,3 %;3 0,8 %;4 1,1 %;14 3,7 %;1 0,3 %;5 1,3 %;0 0,0 %;0 0,0 %
91702;Briefwahl Niederrad;0;269;77 28,9 %;127 47,7 %;12 4,5 %;14 5,3 %;3 1,1 %;3 1,1 %;8 3,0 %;19 7,1 %;0 0,0 %;1 0,4 %;1 0,4 %;1 0,4 %
91703;Briefwahl Niederrad;0;393;84 21,6 %;212 54,5 %;27 6,9 %;15 3,9 %;8 2,1 %;5 1,3 %;3 0,8 %;25 6,4 %;2 0,5 %;7 1,8 %;0 0,0 %;1 0,3 %
91704;Briefwahl Niederrad;0;430;127 29,6 %;175 40,8 %;39 9,1 %;28 6,5 %;7 1,6 %;9 2,1 %;3 0,7 %;37 8,6 %;0 0,0 %;2 0,5 %;2 0,5 %;0 0,0 %
91801;Briefwahl Schwanheim;0;562;228 40,7 %;235 42,0 %;27 4,8 %;20 3,6 %;1 0,2 %;11 2,0 %;9 1,6 %;22 3,9 %;2 0,4 %;3 0,5 %;2 0,4 %;0 0,0 %
91802;Briefwahl Schwanheim;0;578;201 35,0 %;284 49,5 %;19 3,3 %;25 4,4 %;4 0,7 %;4 0,7 %;2 0,3 %;29 5,1 %;0 0,0 %;4 0,7 %;1 0,2 %;1 0,2 %
91901;Briefwahl Griesheim;0;350;94 27,1 %;167 48,1 %;19 5,5 %;16 4,6 %;1 0,3 %;6 1,7 %;12 3,5 %;28 8,1 %;0 0,0 %;4 1,2 %;0 0,0 %;0 0,0 %
91902;Briefwahl Griesheim;0;437;114 26,4 %;176 40,7 %;36 8,3 %;28 6,5 %;8 1,9 %;23 5,3 %;19 4,4 %;20 4,6 %;1 0,2 %;2 0,5 %;2 0,5 %;3 0,7 %
92001;Briefwahl Rödelheim;0;489;101 20,7 %;214 43,9 %;51 10,5 %;66 13,6 %;10 2,1 %;12 2,5 %;5 1,0 %;23 4,7 %;1 0,2 %;3 0,6 %;0 0,0 %;1 0,2 %
92002;Briefwahl Rödelheim;0;571;155 27,3 %;259 45,7 %;47 8,3 %;46 8,1 %;6 1,1 %;10 1,8 %;4 0,7 %;34 6,0 %;0 0,0 %;6 1,1 %;0 0,0 %;0 0,0 %
92100;Briefwahl Hausen/Bockenheim;0;507;145 28,8 %;239 47,4 %;45 8,9 %;30 6,0 %;1 0,2 %;12 2,4 %;3 0,6 %;23 4,6 %;1 0,2 %;3 0,6 %;0 0,0 %;2 0,4 %
92201;Briefwahl Praunheim;0;489;139 28,8 %;220 45,5 %;36 7,5 %;36 7,5 %;2 0,4 %;14 2,9 %;2 0,4 %;30 6,2 %;0 0,0 %;2 0,4 %;2 0,4 %;0 0,0 %
92202;Briefwahl Praunheim;0;391;107 27,5 %;175 45,0 %;30 7,7 %;40 10,3 %;1 0,3 %;6 1,5 %;1 0,3 %;25 6,4 %;0 0,0 %;2 0,5 %;2 0,5 %;0 0,0 %
92203;Briefwahl Praunheim;0;222;85 38,5 %;99 44,8 %;10 4,5 %;7 3,2 %;0 0,0 %;7 3,2 %;0 0,0 %;10 4,5 %;0 0,0 %;2 0,9 %;1 0,5 %;0 0,0 %
92401;Briefwahl Heddernheim;0;508;119 23,6 %;218 43,2 %;52 10,3 %;46 9,1 %;14 2,8 %;11 2,2 %;3 0,6 %;42 8,3 %;0 0,0 %;0 0,0 %;0 0,0 %;0 0,0 %
92402;Briefwahl Heddernheim;0;438;107 24,6 %;238 54,7 %;12 2,8 %;23 5,3 %;3 0,7 %;8 1,8 %;2 0,5 %;40 9,2 %;0 0,0 %;2 0,5 %;0 0,0 %;0 0,0 %
92501;Briefwahl Niederursel;0;559;146 26,3 %;283 50,9 %;39 7,0 %;30 5,4 %;3 0,5 %;25 4,5 %;2 0,4 %;22 4,0 %;1 0,2 %;2 0,4 %;2 0,4 %;1 0,2 %
92502;Briefwahl Niederursel;0;281;76 27,1 %;138 49,3 %;17 6,1 %;12 4,3 %;6 2,1 %;6 2,1 %;2 0,7 %;22 7,9 %;1 0,4 %;0 0,0 %;0 0,0 %;0 0,0 %
92601;Briefwahl Ginnheim;0;512;172 33,8 %;193 37,9 %;42 8,3 %;49 9,6 %;7 1,4 %;13 2,6 %;4 0,8 %;23 4,5 %;0 0,0 %;4 0,8 %;2 0,4 %;0 0,0 %
92602;Briefwahl Ginnheim;0;483;138 28,6 %;222 46,1 %;41 8,5 %;35 7,3 %;8 1,7 %;12 2,5 %;4 0,8 %;18 3,7 %;0 0,0 %;4 0,8 %;0 0,0 %;0 0,0 %
92701;Briefwahl Dornbusch;0;291;138 47,4 %;94 32,3 %;21 7,2 %;18 6,2 %;1 0,3 %;4 1,4 %;1 0,3 %;12 4,1 %;0 0,0 %;2 0,7 %;0 0,0 %;0 0,0 %
92702;Briefwahl Dornbusch;0;380;161 42,4 %;139 36,6 %;28 7,4 %;17 4,5 %;4 1,1 %;5 1,3 %;2 0,5 %;17 4,5 %;1 0,3 %;6 1,6 %;0 0,0 %;0 0,0 %
92703;Briefwahl Dornbusch;0;451;141 31,3 %;182 40,4 %;51 11,3 %;31 6,9 %;5 1,1 %;11 2,4 %;3 0,7 %;24 5,3 %;0 0,0 %;0 0,0 %;1 0,2 %;1 0,2 %
92704;Briefwahl Dornbusch;0;382;110 28,8 %;164 42,9 %;32 8,4 %;31 8,1 %;2 0,5 %;8 2,1 %;7 1,8 %;23 6,0 %;0 0,0 %;3 0,8 %;2 0,5 %;0 0,0 %
92801;Briefwahl Eschersheim;0;505;159 31,5 %;202 40,1 %;47 9,3 %;41 8,1 %;8 1,6 %;10 2,0 %;1 0,2 %;27 5,4 %;0 0,0 %;4 0,8 %;3 0,6 %;2 0,4 %
92802;Briefwahl Eschersheim;0;413;157 38,3 %;146 35,6 %;43 10,5 %;41 10,0 %;0 0,0 %;8 2,0 %;0 0,0 %;11 2,7 %;1 0,2 %;3 0,7 %;0 0,0 %;0 0,0 %
92803;Briefwahl Eschersheim;0;370;120 32,5 %;141 38,2 %;43 11,7 %;20 5,4 %;7 1,9 %;5 1,4 %;3 0,8 %;26 7,0 %;2 0,5 %;0 0,0 %;1 0,3 %;1 0,3 %
92901;Briefwahl Eckenheim;0;381;91 24,2 %;173 46,0 %;32 8,5 %;29 7,7 %;1 0,3 %;14 3,7 %;4 1,1 %;24 6,4 %;3 0,8 %;5 1,3 %;0 0,0 %;0 0,0 %
92902;Briefwahl Eckenheim;0;339;76 22,6 %;149 44,3 %;31 9,2 %;30 8,9 %;3 0,9 %;12 3,6 %;1 0,3 %;30 8,9 %;2 0,6 %;2 0,6 %;0 0,0 %;0 0,0 %
93001;Briefwahl Preungesheim;0;355;112 31,6 %;151 42,7 %;21 5,9 %;28 7,9 %;1 0,3 %;5 1,4 %;7 2,0 %;27 7,6 %;0 0,0 %;1 0,3 %;1 0,3 %;0 0,0 %
93002;Briefwahl Preungesheim;0;444;111 25,1 %;202 45,6 %;40 9,0 %;26 5,9 %;4 0,9 %;8 1,8 %;5 1,1 %;38 8,6 %;1 0,2 %;3 0,7 %;1 0,2 %;4 0,9 %
93100;Briefwahl Bonames;0;286;68 23,9 %;148 51,9 %;16 5,6 %;22 7,7 %;2 0,7 %;7 2,5 %;5 1,8 %;14 4,9 %;0 0,0 %;2 0,7 %;0 0,0 %;1 0,4 %
93200;Briefwahl Berkersheim;0;297;111 37,6 %;100 33,9 %;21 7,1 %;28 9,5 %;2 0,7 %;10 3,4 %;1 0,3 %;18 6,1 %;0 0,0 %;3 1,0 %;1 0,3 %;0 0,0 %
93300;Briefwahl Riederwald;0;227;35 15,4 %;148 65,2 %;6 2,6 %;22 9,7 %;4 1,8 %;2 0,9 %;0 0,0 %;6 2,6 %;0 0,0 %;3 1,3 %;0 0,0 %;1 0,4 %
93401;Briefwahl Seckbach;0;399;132 33,2 %;166 41,7 %;27 6,8 %;33 8,3 %;3 0,8 %;9 2,3 %;0 0,0 %;26 6,5 %;0 0,0 %;1 0,3 %;1 0,3 %;0 0,0 %
93402;Briefwahl Seckbach;0;356;139 39,2 %;156 43,9 %;29 8,2 %;18 5,1 %;2 0,6 %;2 0,6 %;1 0,3 %;8 2,3 %;0 0,0 %;0 0,0 %;0 0,0 %;0 0,0 %
93501;Briefwahl Fechenheim;0;319;89 28,0 %;171 53,8 %;9 2,8 %;12 3,8 %;4 1,3 %;11 3,5 %;1 0,3 %;19 6,0 %;0 0,0 %;2 0,6 %;0 0,0 %;0 0,0 %
93502;Briefwahl Fechenheim;0;293;71 24,7 %;146 50,7 %;15 5,2 %;13 4,5 %;9 3,1 %;4 1,4 %;4 1,4 %;23 8,0 %;0 0,0 %;1 0,3 %;0 0,0 %;2 0,7 %
93600;Briefwahl Höchst;0;555;127 23,0 %;256 46,5 %;45 8,2 %;58 10,5 %;8 1,5 %;14 2,5 %;10 1,8 %;20 3,6 %;4 0,7 %;7 1,3 %;2 0,4 %;0 0,0 %
93701;Briefwahl Nied;0;307;87 28,5 %;144 47,2 %;20 6,6 %;17 5,6 %;5 1,6 %;8 2,6 %;10 3,3 %;10 3,3 %;0 0,0 %;1 0,3 %;2 0,7 %;1 0,3 %
93702;Briefwahl Nied;0;415;98 23,7 %;209 50,5 %;20 4,8 %;29 7,0 %;4 1,0 %;11 2,7 %;7 1,7 %;32 7,7 %;0 0,0 %;4 1,0 %;0 0,0 %;0 0,0 %
93800;Briefwahl Sindlingen;0;353;110 31,4 %;175 50,0 %;10 2,9 %;11 3,1 %;5 1,4 %;13 3,7 %;6 1,7 %;17 4,9 %;0 0,0 %;2 0,6 %;0 0,0 %;1 0,3 %
93900;Briefwahl Zeilsheim;0;535;186 35,1 %;238 44,9 %;22 4,2 %;22 4,2 %;5 0,9 %;11 2,1 %;4 0,8 %;36 6,8 %;1 0,2 %;4 0,8 %;1 0,2 %;0 0,0 %
94001;Briefwahl Unterliederbach;0;435;168 38,7 %;184 42,4 %;26 6,0 %;23 5,3 %;5 1,2 %;9 2,1 %;2 0,5 %;12 2,8 %;1 0,2 %;3 0,7 %;1 0,2 %;0 0,0 %
94002;Briefwahl Unterliederbach;0;202;53 26,6 %;101 50,8 %;12 6,0 %;13 6,5 %;3 1,5 %;4 2,0 %;2 1,0 %;7 3,5 %;0 0,0 %;3 1,5 %;0 0,0 %;1 0,5 %
94101;Briefwahl Sossenheim;0;358;140 39,7 %;146 41,4 %;14 4,0 %;13 3,7 %;3 0,8 %;8 2,3 %;3 0,8 %;24 6,8 %;0 0,0 %;1 0,3 %;1 0,3 %;0 0,0 %
94102;Briefwahl Sossenheim;0;229;81 35,8 %;107 47,3 %;8 3,5 %;10 4,4 %;1 0,4 %;5 2,2 %;3 1,3 %;10 4,4 %;0 0,0 %;1 0,4 %;0 0,0 %;0 0,0 %
94200;Briefwahl Nieder-Erlenbach;0;439;177 40,6 %;167 38,3 %;38 8,7 %;12 2,8 %;9 2,1 %;12 2,8 %;0 0,0 %;19 4,4 %;1 0,2 %;1 0,2 %;0 0,0 %;0 0,0 %
94301;Briefwahl Kalbach-Riedberg;0;385;145 37,7 %;185 48,1 %;20 5,2 %;18 4,7 %;2 0,5 %;3 0,8 %;2 0,5 %;7 1,8 %;0 0,0 %;2 0,5 %;1 0,3 %;0 0,0 %
94302;Briefwahl Kalbach-Riedberg;0;653;235 36,1 %;272 41,8 %;57 8,8 %;22 3,4 %;3 0,5 %;20 3,1 %;4 0,6 %;29 4,5 %;1 0,2 %;4 0,6 %;3 0,5 %;1 0,2 %
94400;Briefwahl Harheim;0;402;165 41,4 %;132 33,1 %;26 6,5 %;16 4,0 %;4 1,0 %;14 3,5 %;4 1,0 %;30 7,5 %;2 0,5 %;2 0,5 %;0 0,0 %;4 1,0 %
94501;Briefwahl Nieder-Eschbach;0;424;146 34,6 %;147 34,8 %;38 9,0 %;17 4,0 %;7 1,7 %;24 5,7 %;1 0,2 %;39 9,2 %;0 0,0 %;1 0,2 %;1 0,2 %;1 0,2 %
94502;Briefwahl Nieder-Eschbach;0;313;95 30,4 %;127 40,6 %;23 7,3 %;18 5,8 %;5 1,6 %;9 2,9 %;8 2,6 %;24 7,7 %;1 0,3 %;2 0,6 %;1 0,3 %;0 0,0 %
94601;Briefwahl Bergen-Enkheim;0;498;173 34,8 %;232 46,7 %;32 6,4 %;15 3,0 %;6 1,2 %;5 1,0 %;0 0,0 %;31 6,2 %;0 0,0 %;3 0,6 %;0 0,0 %;0 0,0 %
94602;Briefwahl Bergen-Enkheim;0;484;193 40,1 %;164 34,1 %;41 8,5 %;10 2,1 %;6 1,2 %;10 2,1 %;4 0,8 %;51 10,6 %;2 0,4 %;0 0,0 %;0 0,0 %;0 0,0 %
94603;Briefwahl Bergen-Enkheim;0;521;133 25,7 %;268 51,7 %;25 4,8 %;33 6,4 %;6 1,2 %;15 2,9 %;6 1,2 %;29 5,6 %;0 0,0 %;0 0,0 %;3 0,6 %;0 0,0 %
94700;Briefwahl Frankfurter Berg;0;407;120 29,9 %;166 41,4 %;28 7,0 %;32 8,0 %;9 2,2 %;4 1,0 %;3 0,7 %;29 7,2 %;0 0,0 %;4 1,0 %;5 1,2 %;1 0,2 %
;Vorläufiges Ergebnis 490 Wahlbezirke;505.275;189.916;48.032 25,4 %;86.823 46,0 %;17.648 9,3 %;16.669 8,8 %;2.097 1,1 %;2.832 1,5 %;938 0,5 %;11.218 5,9 %;340 0,2 %;1.585 0,8 %;409 0,2 %;169 0,1 %
490;;;;;;;;;;;;;;;