WkrNr;Wahlkreis;Wahlb. insges.;Wählerinnen /Wähler;Gültige Stimmen;Dr. Weyland,Bernadette;Feldmann,Peter;Dr. Eskandari-Grünberg,Nargess;Wißler,Janine;Wehnemann,Nico;Weingärtner,Michael;Yang,Ming;Stein,Volker;Dr. Herrschaft,Felicia;Schloberg,Karsten;Wünsch,Juli;Fischer,Hein;
;;;;;;;;;;;;;;;;;
;Stadtteil Altstadt;;;;;;;;;;;;;;;;
01001;Stadthaus;1.240;446;445;101;129;96;6;2;0;2;96;9;0;0;4;
 ; in %; ;48,8;99,8;22,7;29,0;21,6;1,3;0,4;0,0;0,4;21,6;2,0;0,0;0,0;0,9;
01002;Stadthaus;982;295;294;73;63;70;4;4;0;1;68;11;0;0;0;
 ; in %; ;40,3;99,7;24,8;21,4;23,8;1,4;1,4;0,0;0,3;23,1;3,7;0,0;0,0;0,0;
90100;Briefwahl Altstadt;0;336;332;67;99;50;3;2;6;4;88;12;0;0;1;
 ; in %; ;0,0;98,8;20,2;29,8;15,1;0,9;0,6;1,8;1,2;26,5;3,6;0,0;0,0;0,3;
;Stadtteil Altstadt ges.;2.222;1.077;1.071;241;291;216;13;8;6;7;252;32;0;0;5;
 ; in %; ;48,5;99,4;22,5;27,2;20,2;1,2;0,7;0,6;0,7;23,5;3,0;0,0;0,0;0,5;
;;;;;;;;;;;;;;;;;
;Stadtteil Bergen-Enkheim;;;;;;;;;;;;;;;;
68003;Saalbau Stadthalle Bergen;1.242;469;467;96;158;64;9;0;4;8;120;6;0;1;1;
 ; in %; ;48,7;99,6;20,6;33,8;13,7;1,9;0,0;0,9;1,7;25,7;1,3;0,0;0,2;0,2;
68004;Saalbau Stadthalle Bergen;1.219;412;408;90;116;61;11;3;1;2;118;6;0;0;0;
 ; in %; ;44,1;99,0;22,1;28,4;15,0;2,7;0,7;0,2;0,5;28,9;1,5;0,0;0,0;0,0;
68001;Schule am Landgraben;1.253;437;432;89;142;58;1;4;1;6;128;3;0;0;0;
 ; in %; ;45,9;98,9;20,6;32,9;13,4;0,2;0,9;0,2;1,4;29,6;0,7;0,0;0,0;0,0;
68002;Schule am Landgraben;1.187;399;395;105;99;63;6;1;1;3;108;7;0;0;2;
 ; in %; ;47,4;99,0;26,6;25,1;15,9;1,5;0,3;0,3;0,8;27,3;1,8;0,0;0,0;0,5;
68005;Ev. Kirche Bergen-Enkheim;1.257;417;411;105;98;42;5;2;1;5;144;7;0;0;2;
 ; in %; ;46,8;98,6;25,5;23,8;10,2;1,2;0,5;0,2;1,2;35,0;1,7;0,0;0,0;0,5;
68008;Saalbau Volkshaus Enkheim;1.303;468;457;48;201;99;12;5;4;9;62;9;1;2;5;
 ; in %; ;41,9;97,6;10,5;44,0;21,7;2,6;1,1;0,9;2,0;13,6;2,0;0,2;0,4;1,1;
68009;Saalbau Volkshaus Enkheim;1.033;305;299;58;92;60;6;3;2;2;64;10;0;1;1;
 ; in %; ;37,6;98,0;19,4;30,8;20,1;2,0;1,0;0,7;0,7;21,4;3,3;0,0;0,3;0,3;
68006;Schule am Ried;1.131;364;360;77;134;64;1;0;0;3;72;6;0;2;1;
 ; in %; ;42,6;98,9;21,4;37,2;17,8;0,3;0,0;0,0;0,8;20,0;1,7;0,0;0,6;0,3;
68007;Schule am Ried;1.163;366;359;60;144;63;6;0;2;8;68;7;0;0;1;
 ; in %; ;40,7;98,1;16,7;40,1;17,5;1,7;0,0;0,6;2,2;18,9;1,9;0,0;0,0;0,3;
68010;Frankfurter Volksbank;1.157;382;378;81;128;70;7;0;0;7;77;7;0;0;1;
 ; in %; ;43,9;99,0;21,4;33,9;18,5;1,9;0,0;0,0;1,9;20,4;1,9;0,0;0,0;0,3;
94601;Briefwahl Bergen-Enkheim;0;503;500;96;177;46;12;5;1;6;143;11;0;0;3;
 ; in %; ;0,0;99,4;19,2;35,4;9,2;2,4;1,0;0,2;1,2;28,6;2,2;0,0;0,0;0,6;
94602;Briefwahl Bergen-Enkheim;0;494;489;86;151;46;10;1;1;5;180;6;0;0;3;
 ; in %; ;0,0;99,0;17,6;30,9;9,4;2,0;0,2;0,2;1,0;36,8;1,2;0,0;0,0;0,6;
94603;Briefwahl Bergen-Enkheim;0;574;570;100;233;61;16;2;1;11;132;9;1;1;3;
 ; in %; ;0,0;99,3;17,5;40,9;10,7;2,8;0,4;0,2;1,9;23,2;1,6;0,2;0,2;0,5;
;Stadtteil Bergen-Enkheim ges.;11.945;5.590;5.525;1.091;1.873;797;102;26;19;75;1.416;94;2;7;23;
 ; in %; ;46,8;98,8;19,7;33,9;14,4;1,8;0,5;0,3;1,4;25,6;1,7;0,0;0,1;0,4;
;;;;;;;;;;;;;;;;;
;Stadtteil Berkersheim;;;;;;;;;;;;;;;;
50001;Berkersheimer Schule;1.080;369;363;80;127;53;4;8;2;3;80;6;0;0;0;
 ; in %; ;46,0;98,4;22,0;35,0;14,6;1,1;2,2;0,6;0,8;22,0;1,7;0,0;0,0;0,0;
50002;Berkersheimer Schule;1.248;435;427;71;149;105;4;2;1;1;84;7;0;1;2;
 ; in %; ;44,0;98,2;16,6;34,9;24,6;0,9;0,5;0,2;0,2;19,7;1,6;0,0;0,2;0,5;
93200;Briefwahl Berkersheim;0;309;307;73;92;39;2;1;2;4;86;7;0;0;1;
 ; in %; ;0,0;99,4;23,8;30,0;12,7;0,7;0,3;0,7;1,3;28,0;2,3;0,0;0,0;0,3;
;Stadtteil Berkersheim ges.;2.328;1.113;1.097;224;368;197;10;11;5;8;250;20;0;1;3;
 ; in %; ;47,8;98,6;20,4;33,5;18,0;0,9;1,0;0,5;0,7;22,8;1,8;0,0;0,1;0,3;
;;;;;;;;;;;;;;;;;
;Stadtteil Bockenheim;;;;;;;;;;;;;;;;
16301;Haus Kuhwald;1.418;464;452;82;205;79;10;7;1;8;50;7;1;2;0;
 ; in %; ;40,1;97,4;18,1;45,4;17,5;2,2;1,5;0,2;1,8;11,1;1,5;0,2;0,4;0,0;
16302;Residenz Rebstockpark;1.003;347;342;85;95;37;2;2;1;0;116;4;0;0;0;
 ; in %; ;43,5;98,6;24,9;27,8;10,8;0,6;0,6;0,3;0,0;33,9;1,2;0,0;0,0;0,0;
16303;Viktoria-Luise-Schule;915;321;319;71;83;37;1;2;0;1;118;6;0;0;0;
 ; in %; ;47,9;99,4;22,3;26,0;11,6;0,3;0,6;0,0;0,3;37,0;1,9;0,0;0,0;0,0;
34101;Bonifatiusschule;1.021;378;369;86;106;89;2;3;0;3;67;9;0;0;4;
 ; in %; ;50,5;97,6;23,3;28,7;24,1;0,5;0,8;0,0;0,8;18,2;2,4;0,0;0,0;1,1;
34102;Bonifatiusschule;1.125;475;474;124;125;133;2;1;0;0;80;7;0;1;1;
 ; in %; ;61,8;99,8;26,2;26,4;28,1;0,4;0,2;0,0;0,0;16,9;1,5;0,0;0,2;0,2;
34103;Bonifatiusschule;925;367;363;108;103;87;2;2;0;1;48;11;0;0;1;
 ; in %; ;55,5;98,9;29,8;28,4;24,0;0,6;0,6;0,0;0,3;13,2;3,0;0,0;0,0;0,3;
34201;Hessenkolleg;529;200;192;22;83;46;7;3;0;0;23;6;1;1;0;
 ; in %; ;42,1;96,0;11,5;43,2;24,0;3,6;1,6;0,0;0,0;12,0;3,1;0,5;0,5;0,0;
34202;Georg-Büchner-Schule;1.041;303;298;72;68;32;2;4;0;2;118;0;0;0;0;
 ; in %; ;47,0;98,3;24,2;22,8;10,7;0,7;1,3;0,0;0,7;39,6;0,0;0,0;0,0;0,0;
34203;Georg-Büchner-Schule;1.267;393;388;84;105;66;4;6;0;3;106;12;0;0;2;
 ; in %; ;43,7;98,7;21,6;27,1;17,0;1,0;1,5;0,0;0,8;27,3;3,1;0,0;0,0;0,5;
34301;Chemetall Kantine;1.320;456;452;95;133;128;7;8;0;4;56;17;1;0;3;
 ; in %; ;45,9;99,1;21,0;29,4;28,3;1,5;1,8;0,0;0,9;12,4;3,8;0,2;0,0;0,7;
35001;Saalbau Bürgerhaus Bockenheim;1.021;356;350;80;104;87;4;2;0;2;62;8;0;0;1;
 ; in %; ;48,1;98,3;22,9;29,7;24,9;1,1;0,6;0,0;0,6;17,7;2,3;0,0;0,0;0,3;
35002;Saalbau Bürgerhaus Bockenheim;1.109;454;444;97;157;98;5;2;1;4;70;6;0;1;3;
 ; in %; ;55,5;97,8;21,8;35,4;22,1;1,1;0,5;0,2;0,9;15,8;1,4;0,0;0,2;0,7;
35003;Pflegeheim Bockenheim;928;379;376;103;115;107;9;1;0;1;30;8;0;0;2;
 ; in %; ;52,9;99,2;27,4;30,6;28,5;2,4;0,3;0,0;0,3;8,0;2,1;0,0;0,0;0,5;
35004;Diakonie Hessen;1.117;408;406;106;123;89;8;7;0;2;61;8;0;0;2;
 ; in %; ;45,1;99,5;26,1;30,3;21,9;2,0;1,7;0,0;0,5;15,0;2,0;0,0;0,0;0,5;
36101;Titania;1.166;512;506;169;122;131;5;2;0;4;64;8;0;1;0;
 ; in %; ;62,2;98,8;33,4;24,1;25,9;1,0;0,4;0,0;0,8;12,6;1,6;0,0;0,2;0,0;
36102;Titania;1.262;592;586;204;152;141;3;5;0;0;60;16;0;2;3;
 ; in %; ;63,9;99,0;34,8;25,9;24,1;0,5;0,9;0,0;0,0;10,2;2,7;0,0;0,3;0,5;
36103;Max-Beckmann-Schule;1.407;583;581;185;144;121;2;9;0;4;105;9;0;0;2;
 ; in %; ;62,4;99,7;31,8;24,8;20,8;0,3;1,5;0,0;0,7;18,1;1,5;0,0;0,0;0,3;
36201;Max-Beckmann-Schule;1.077;339;336;77;59;74;3;1;0;0;114;8;0;0;0;
 ; in %; ;49,3;99,1;22,9;17,6;22,0;0,9;0,3;0,0;0,0;33,9;2,4;0,0;0,0;0,0;
36202;Max-Beckmann-Schule;1.218;498;494;140;117;84;2;2;0;3;136;8;0;0;2;
 ; in %; ;61,0;99,2;28,3;23,7;17,0;0,4;0,4;0,0;0,6;27,5;1,6;0,0;0,0;0,4;
36203;Max-Beckmann-Schule;886;362;357;97;123;66;0;2;0;0;55;10;0;0;4;
 ; in %; ;58,5;98,6;27,2;34,5;18,5;0,0;0,6;0,0;0,0;15,4;2,8;0,0;0,0;1,1;
36204;Ev. Gemeinde Bockenheim;931;377;369;102;90;109;5;3;2;2;46;9;1;0;0;
 ; in %; ;49,9;97,9;27,6;24,4;29,5;1,4;0,8;0,5;0,5;12,5;2,4;0,3;0,0;0,0;
91201;Briefwahl Bockenheim;0;416;410;93;116;45;4;6;2;4;133;6;0;0;1;
 ; in %; ;0,0;98,6;22,7;28,3;11,0;1,0;1,5;0,5;1,0;32,4;1,5;0,0;0,0;0,2;
91202;Briefwahl Bockenheim;0;629;623;214;120;133;5;1;0;5;119;23;0;0;3;
 ; in %; ;0,0;99,0;34,3;19,3;21,3;0,8;0,2;0,0;0,8;19,1;3,7;0,0;0,0;0,5;
91203;Briefwahl Bockenheim;0;506;505;125;97;48;5;3;1;4;206;13;0;1;2;
 ; in %; ;0,0;99,8;24,8;19,2;9,5;1,0;0,6;0,2;0,8;40,8;2,6;0,0;0,2;0,4;
91204;Briefwahl Bockenheim;0;707;706;214;187;135;11;3;1;3;138;11;0;0;3;
 ; in %; ;0,0;99,9;30,3;26,5;19,1;1,6;0,4;0,1;0,4;19,5;1,6;0,0;0,0;0,4;
91205;Briefwahl Bockenheim;0;833;827;276;191;145;4;6;0;3;173;20;0;1;8;
 ; in %; ;0,0;99,3;33,4;23,1;17,5;0,5;0,7;0,0;0,4;20,9;2,4;0,0;0,1;1,0;
91206;Briefwahl Bockenheim;0;490;486;123;91;56;5;1;0;2;200;4;0;4;0;
 ; in %; ;0,0;99,2;25,3;18,7;11,5;1,0;0,2;0,0;0,4;41,2;0,8;0,0;0,8;0,0;
91207;Briefwahl Bockenheim;0;297;296;91;79;54;3;0;0;0;64;5;0;0;0;
 ; in %; ;0,0;99,7;30,7;26,7;18,2;1,0;0,0;0,0;0,0;21,6;1,7;0,0;0,0;0,0;
;Stadtteil Bockenheim ges.;22.686;12.442;12.307;3.325;3.293;2.457;122;94;9;65;2.618;259;4;14;47;
 ; in %; ;54,8;98,9;27,0;26,8;20,0;1,0;0,8;0,1;0,5;21,3;2,1;0,0;0,1;0,4;
;;;;;;;;;;;;;;;;;
;Stadtteil Bonames;;;;;;;;;;;;;;;;
49101;August-Jaspert-Schule;1.301;460;451;98;157;81;11;3;2;5;85;7;0;2;0;
 ; in %; ;44,1;98,0;21,7;34,8;18,0;2,4;0,7;0,4;1,1;18,8;1,6;0,0;0,4;0,0;
49102;August-Jaspert-Schule;1.304;429;419;72;170;83;10;7;0;5;65;6;0;1;0;
 ; in %; ;40,4;97,7;17,2;40,6;19,8;2,4;1,7;0,0;1,2;15,5;1,4;0,0;0,2;0,0;
49103;August-Jaspert-Schule;1.184;300;286;43;120;76;4;3;1;3;31;2;0;2;1;
 ; in %; ;28,5;95,3;15,0;42,0;26,6;1,4;1,0;0,3;1,0;10,8;0,7;0,0;0,7;0,3;
93100;Briefwahl Bonames;0;359;356;92;133;53;8;1;1;3;55;8;0;0;2;
 ; in %; ;0,0;99,2;25,8;37,4;14,9;2,2;0,3;0,3;0,8;15,4;2,2;0,0;0,0;0,6;
;Stadtteil Bonames ges.;3.789;1.548;1.512;305;580;293;33;14;4;16;236;23;0;5;3;
 ; in %; ;40,9;97,7;20,2;38,4;19,4;2,2;0,9;0,3;1,1;15,6;1,5;0,0;0,3;0,2;
;;;;;;;;;;;;;;;;;
;Stadtteil Bornheim;;;;;;;;;;;;;;;;
24001;Altentagesstätte der AWO;946;401;397;120;89;96;8;2;0;2;68;10;0;0;2;
 ; in %; ;57,9;99,0;30,2;22,4;24,2;2,0;0,5;0,0;0,5;17,1;2,5;0,0;0,0;0,5;
24002;Altentagesstätte der AWO;1.017;421;415;106;105;113;2;1;0;6;67;11;1;0;3;
 ; in %; ;58,5;98,6;25,5;25,3;27,2;0,5;0,2;0,0;1,4;16,1;2,7;0,2;0,0;0,7;
28202;Stauffenbergschule;1.179;483;480;137;117;129;8;1;0;2;73;12;0;1;0;
 ; in %; ;58,9;99,4;28,5;24,4;26,9;1,7;0,2;0,0;0,4;15,2;2,5;0,0;0,2;0,0;
28203;Stauffenbergschule;1.209;494;487;153;123;127;6;2;0;1;57;13;0;2;3;
 ; in %; ;57,1;98,6;31,4;25,3;26,1;1,2;0,4;0,0;0,2;11,7;2,7;0,0;0,4;0,6;
28201;Brüder-Grimm-Schule;1.027;355;343;53;118;92;6;4;2;0;57;9;1;1;0;
 ; in %; ;43,5;96,6;15,5;34,4;26,8;1,7;1,2;0,6;0,0;16,6;2,6;0,3;0,3;0,0;
27101;Louise-von-Rothschild-Schule;1.456;630;621;175;179;161;11;2;0;2;84;5;0;0;2;
 ; in %; ;61,4;98,6;28,2;28,8;25,9;1,8;0,3;0,0;0,3;13,5;0,8;0,0;0,0;0,3;
27102;Louise-von-Rothschild-Schule;1.257;496;489;178;112;106;4;2;2;0;77;5;0;1;2;
 ; in %; ;58,7;98,6;36,4;22,9;21,7;0,8;0,4;0,4;0,0;15,7;1,0;0,0;0,2;0,4;
27204;Luisenhof Kantine der FES;1.471;518;501;127;169;112;9;7;1;5;56;14;0;0;1;
 ; in %; ;43,4;96,7;25,3;33,7;22,4;1,8;1,4;0,2;1,0;11,2;2,8;0,0;0,0;0,2;
27201;Ev. Kirchengemeinde Bornheim;1.262;439;436;82;157;126;11;2;1;1;47;9;0;0;0;
 ; in %; ;44,6;99,3;18,8;36,0;28,9;2,5;0,5;0,2;0,2;10,8;2,1;0,0;0,0;0,0;
27202;Ev. Kirchengemeinde Bornheim;1.329;532;525;128;161;137;6;2;2;4;73;9;0;0;3;
 ; in %; ;53,1;98,7;24,4;30,7;26,1;1,1;0,4;0,4;0,8;13,9;1,7;0,0;0,0;0,6;
27205;Valentin-Senger-Schule;843;383;378;85;139;79;6;2;1;5;57;3;0;1;0;
 ; in %; ;52,8;98,7;22,5;36,8;20,9;1,6;0,5;0,3;1,3;15,1;0,8;0,0;0,3;0,0;
27203;Kirchnerschule;1.088;424;421;126;125;87;5;1;2;0;60;13;0;0;2;
 ; in %; ;53,8;99,3;29,9;29,7;20,7;1,2;0,2;0,5;0,0;14,3;3,1;0,0;0,0;0,5;
29001;Kirchnerschule;901;290;288;68;87;66;3;1;0;2;54;6;0;1;0;
 ; in %; ;45,6;99,3;23,6;30,2;22,9;1,0;0,3;0,0;0,7;18,8;2,1;0,0;0,3;0,0;
28103;Theater Grüne Sosse;1.349;520;514;104;175;134;7;1;0;2;76;13;0;1;1;
 ; in %; ;50,7;98,8;20,2;34,0;26,1;1,4;0,2;0,0;0,4;14,8;2,5;0,0;0,2;0,2;
28101;Haus Saalburg;1.287;533;521;121;182;133;1;4;2;4;63;5;0;1;5;
 ; in %; ;53,6;97,7;23,2;34,9;25,5;0,2;0,8;0,4;0,8;12,1;1,0;0,0;0,2;1,0;
28102;St. Josef-Gemeinde;1.152;443;437;78;173;94;8;4;1;3;64;9;0;0;3;
 ; in %; ;46,4;98,6;17,8;39,6;21,5;1,8;0,9;0,2;0,7;14,6;2,1;0,0;0,0;0,7;
29002;AWO Altentagesstätte;734;233;222;37;91;51;1;3;1;3;30;3;0;0;2;
 ; in %; ;40,5;95,3;16,7;41,0;23,0;0,5;1,4;0,5;1,4;13,5;1,4;0,0;0,0;0,9;
90901;Briefwahl Bornheim;0;353;353;128;67;53;4;1;0;1;89;8;0;0;2;
 ; in %; ;0,0;100;36,3;19,0;15,0;1,1;0,3;0,0;0,3;25,2;2,3;0,0;0,0;0,6;
90902;Briefwahl Bornheim;0;595;593;174;165;102;8;3;0;2;123;11;0;1;4;
 ; in %; ;0,0;99,7;29,3;27,8;17,2;1,3;0,5;0,0;0,3;20,7;1,9;0,0;0,2;0,7;
90903;Briefwahl Bornheim;0;430;430;94;165;90;4;2;0;4;54;11;0;0;6;
 ; in %; ;0,0;100;21,9;38,4;20,9;0,9;0,5;0,0;0,9;12,6;2,6;0,0;0,0;1,4;
90904;Briefwahl Bornheim;0;718;716;188;223;132;9;3;0;6;131;19;1;0;4;
 ; in %; ;0,0;99,7;26,3;31,1;18,4;1,3;0,4;0,0;0,8;18,3;2,7;0,1;0,0;0,6;
90905;Briefwahl Bornheim;0;482;476;118;161;91;8;3;1;3;80;8;0;1;2;
 ; in %; ;0,0;98,8;24,8;33,8;19,1;1,7;0,6;0,2;0,6;16,8;1,7;0,0;0,2;0,4;
90906;Briefwahl Bornheim;0;604;597;182;147;119;13;5;0;4;101;18;0;1;7;
 ; in %; ;0,0;98,8;30,5;24,6;19,9;2,2;0,8;0,0;0,7;16,9;3,0;0,0;0,2;1,2;
;Stadtteil Bornheim ges.;19.507;10.777;10.640;2.762;3.230;2.430;148;58;16;62;1.641;224;3;12;54;
 ; in %; ;55,2;98,7;26,0;30,4;22,8;1,4;0,5;0,2;0,6;15,4;2,1;0,0;0,1;0,5;
;;;;;;;;;;;;;;;;;
;Stadtteil Dornbusch;;;;;;;;;;;;;;;;
46301;Heinrich-Kleyer-Schule;925;376;373;84;108;73;8;3;0;2;92;3;0;0;0;
 ; in %; ;57,1;99,2;22,5;29,0;19,6;2,1;0,8;0,0;0,5;24,7;0,8;0,0;0,0;0,0;
44201;Astrid-Lindgren-Schule;840;328;315;56;105;86;4;2;3;2;51;6;0;0;0;
 ; in %; ;46,6;96,0;17,8;33,3;27,3;1,3;0,6;1,0;0,6;16,2;1,9;0,0;0,0;0,0;
44202;Franz-Böhm-Schule;1.289;435;433;102;101;58;1;1;1;0;162;5;1;0;1;
 ; in %; ;49,2;99,5;23,6;23,3;13,4;0,2;0,2;0,2;0,0;37,4;1,2;0,2;0,0;0,2;
44203;Franz-Böhm-Schule;1.399;467;466;123;114;75;4;1;0;0;136;10;0;1;2;
 ; in %; ;50,7;99,8;26,4;24,5;16,1;0,9;0,2;0,0;0,0;29,2;2,1;0,0;0,2;0,4;
44204;Franz-Böhm-Schule;790;292;290;74;84;50;4;0;1;1;69;6;0;1;0;
 ; in %; ;54,0;99,3;25,5;29,0;17,2;1,4;0,0;0,3;0,3;23,8;2,1;0,0;0,3;0,0;
46201;Wöhlerschule;1.115;403;398;102;123;76;5;0;0;4;80;4;1;3;0;
 ; in %; ;50,4;98,8;25,6;30,9;19,1;1,3;0,0;0,0;1,0;20,1;1,0;0,3;0,8;0,0;
46202;Wöhlerschule;873;372;368;115;110;70;6;3;0;4;53;7;0;0;0;
 ; in %; ;53,8;98,9;31,3;29,9;19,0;1,6;0,8;0,0;1,1;14,4;1,9;0,0;0,0;0,0;
46302;Wöhlerschule;803;337;334;102;102;47;4;2;0;0;71;4;0;1;1;
 ; in %; ;56,8;99,1;30,5;30,5;14,1;1,2;0,6;0,0;0,0;21,3;1,2;0,0;0,3;0,3;
46203;Rudolf Steiner Haus;1.006;374;366;93;110;97;4;0;0;1;52;8;0;0;1;
 ; in %; ;47,9;97,9;25,4;30,1;26,5;1,1;0,0;0,0;0,3;14,2;2,2;0,0;0,0;0,3;
46206;Rudolf Steiner Haus;1.084;391;381;86;140;84;7;3;0;2;56;3;0;0;0;
 ; in %; ;44,4;97,4;22,6;36,7;22,0;1,8;0,8;0,0;0,5;14,7;0,8;0,0;0,0;0,0;
46204;Ev. Andreasgemeinde;917;305;302;62;107;69;6;0;0;7;43;4;0;0;4;
 ; in %; ;41,2;99,0;20,5;35,4;22,8;2,0;0,0;0,0;2,3;14,2;1,3;0,0;0,0;1,3;
46205;Ev. Andreasgemeinde;992;334;331;61;105;67;8;6;0;4;76;3;0;0;1;
 ; in %; ;42,0;99,1;18,4;31,7;20,2;2,4;1,8;0,0;1,2;23,0;0,9;0,0;0,0;0,3;
92701;Briefwahl Dornbusch;0;327;325;53;84;53;1;1;0;1;129;1;0;0;2;
 ; in %; ;0,0;99,4;16,3;25,8;16,3;0,3;0,3;0,0;0,3;39,7;0,3;0,0;0,0;0,6;
92702;Briefwahl Dornbusch;0;428;427;89;101;58;5;1;0;1;159;11;0;0;2;
 ; in %; ;0,0;99,8;20,8;23,7;13,6;1,2;0,2;0,0;0,2;37,2;2,6;0,0;0,0;0,5;
92703;Briefwahl Dornbusch;0;596;589;157;178;80;10;6;1;7;144;3;1;1;1;
 ; in %; ;0,0;98,8;26,7;30,2;13,6;1,7;1,0;0,2;1,2;24,4;0,5;0,2;0,2;0,2;
92704;Briefwahl Dornbusch;0;494;487;94;167;86;3;7;1;7;117;2;0;0;3;
 ; in %; ;0,0;98,6;19,3;34,3;17,7;0,6;1,4;0,2;1,4;24,0;0,4;0,0;0,0;0,6;
;Stadtteil Dornbusch ges.;12.033;6.259;6.185;1.453;1.839;1.129;80;36;7;43;1.490;80;3;7;18;
 ; in %; ;52,0;98,8;23,5;29,7;18,3;1,3;0,6;0,1;0,7;24,1;1,3;0,0;0,1;0,3;
;;;;;;;;;;;;;;;;;
;Stadtteil Eckenheim;;;;;;;;;;;;;;;;
46101;Münzenbergerschule;1.145;378;372;90;127;88;9;2;0;2;50;2;0;1;1;
 ; in %; ;42,0;98,4;24,2;34,1;23,7;2,4;0,5;0,0;0,5;13,4;0,5;0,0;0,3;0,3;
46103;Münzenbergerschule;1.012;340;333;77;114;66;11;2;2;4;49;8;0;0;0;
 ; in %; ;42,1;97,9;23,1;34,2;19,8;3,3;0,6;0,6;1,2;14,7;2,4;0,0;0,0;0,0;
46105;Münzenbergerschule;1.300;550;539;122;180;119;17;2;1;3;83;10;0;0;2;
 ; in %; ;55,0;98,0;22,6;33,4;22,1;3,2;0,4;0,2;0,6;15,4;1,9;0,0;0,0;0,4;
46102;KiZ 117;1.052;320;309;38;141;69;3;2;0;3;41;8;1;0;3;
 ; in %; ;34,3;96,6;12,3;45,6;22,3;1,0;0,6;0,0;1,0;13,3;2,6;0,3;0,0;1,0;
46104;Saalbau Haus Ronneburg;1.224;414;405;59;162;82;7;6;6;1;68;8;1;1;4;
 ; in %; ;42,0;97,8;14,6;40,0;20,2;1,7;1,5;1,5;0,2;16,8;2,0;0,2;0,2;1,0;
46107;KiZ 56;1.234;402;395;66;149;109;10;4;1;2;42;11;0;0;1;
 ; in %; ;40,8;98,3;16,7;37,7;27,6;2,5;1,0;0,3;0,5;10,6;2,8;0,0;0,0;0,3;
46106;Sozialzentrum Marbachweg;1.269;454;433;73;177;95;12;5;0;2;59;8;0;1;1;
 ; in %; ;41,8;95,4;16,9;40,9;21,9;2,8;1,2;0,0;0,5;13,6;1,8;0,0;0,2;0,2;
92901;Briefwahl Eckenheim;0;479;477;85;159;100;8;2;1;6;100;11;0;0;5;
 ; in %; ;0,0;99,6;17,8;33,3;21,0;1,7;0,4;0,2;1,3;21,0;2,3;0,0;0,0;1,0;
92902;Briefwahl Eckenheim;0;472;467;90;163;86;13;5;3;6;85;15;0;0;1;
 ; in %; ;0,0;98,9;19,3;34,9;18,4;2,8;1,1;0,6;1,3;18,2;3,2;0,0;0,0;0,2;
;Stadtteil Eckenheim ges.;8.236;3.809;3.730;700;1.372;814;90;30;14;29;577;81;2;3;18;
 ; in %; ;46,2;97,9;18,8;36,8;21,8;2,4;0,8;0,4;0,8;15,5;2,2;0,1;0,1;0,5;
;;;;;;;;;;;;;;;;;
;Stadtteil Eschersheim;;;;;;;;;;;;;;;;
45201;Ziehenschule;1.383;533;526;131;163;99;5;2;0;7;101;13;0;0;5;
 ; in %; ;50,0;98,7;24,9;31,0;18,8;1,0;0,4;0,0;1,3;19,2;2,5;0,0;0,0;1,0;
45204;Ziehenschule;1.380;471;465;113;141;108;8;4;2;1;79;7;0;0;2;
 ; in %; ;45,1;98,7;24,3;30,3;23,2;1,7;0,9;0,4;0,2;17,0;1,5;0,0;0,0;0,4;
45101;IGS-Eschersheim;1.310;494;490;156;122;85;6;3;1;2;111;4;0;0;0;
 ; in %; ;51,4;99,2;31,8;24,9;17,3;1,2;0,6;0,2;0,4;22,7;0,8;0,0;0,0;0,0;
45102;Johann-Hinrich-Wichern-Schule;1.227;427;421;109;138;65;13;3;1;1;78;6;1;1;5;
 ; in %; ;46,2;98,6;25,9;32,8;15,4;3,1;0,7;0,2;0,2;18,5;1,4;0,2;0,2;1,2;
45103;Fried-Lübbecke-Schule;967;354;348;79;101;51;3;0;0;2;103;7;0;1;1;
 ; in %; ;48,1;98,3;22,7;29,0;14,7;0,9;0,0;0,0;0,6;29,6;2,0;0,0;0,3;0,3;
45104;Fried-Lübbecke-Schule;1.032;352;344;47;136;77;8;1;3;3;59;5;2;1;2;
 ; in %; ;39,7;97,7;13,7;39,5;22,4;2,3;0,3;0,9;0,9;17,2;1,5;0,6;0,3;0,6;
45202;Ludwig-Richter-Schule;1.281;417;414;107;131;60;4;4;1;3;98;6;0;0;0;
 ; in %; ;49,0;99,3;25,8;31,6;14,5;1,0;1,0;0,2;0,7;23,7;1,4;0,0;0,0;0,0;
45203;Ludwig-Richter-Schule;1.358;501;496;121;168;80;6;1;1;2;106;10;1;0;0;
 ; in %; ;51,6;99,0;24,4;33,9;16,1;1,2;0,2;0,2;0,4;21,4;2,0;0,2;0,0;0,0;
92801;Briefwahl Eschersheim;0;620;618;157;179;110;12;2;1;8;135;10;0;0;4;
 ; in %; ;0,0;99,7;25,4;29,0;17,8;1,9;0,3;0,2;1,3;21,8;1,6;0,0;0,0;0,6;
92802;Briefwahl Eschersheim;0;409;402;99;103;54;5;2;1;5;126;5;1;0;1;
 ; in %; ;0,0;98,3;24,6;25,6;13,4;1,2;0,5;0,2;1,2;31,3;1,2;0,2;0,0;0,2;
92803;Briefwahl Eschersheim;0;446;443;93;118;98;5;7;0;3;111;5;0;0;3;
 ; in %; ;0,0;99,3;21,0;26,6;22,1;1,1;1,6;0,0;0,7;25,1;1,1;0,0;0,0;0,7;
;Stadtteil Eschersheim ges.;9.938;5.024;4.967;1.212;1.500;887;75;29;11;37;1.107;78;5;3;23;
 ; in %; ;50,6;98,9;24,4;30,2;17,9;1,5;0,6;0,2;0,7;22,3;1,6;0,1;0,1;0,5;
;;;;;;;;;;;;;;;;;
;Stadtteil Fechenheim;;;;;;;;;;;;;;;;
51001;Freie Christliche Schule;860;229;217;36;97;49;4;1;1;1;25;3;0;0;0;
 ; in %; ;30,9;94,8;16,6;44,7;22,6;1,8;0,5;0,5;0,5;11,5;1,4;0,0;0,0;0,0;
51002;Freie Christliche Schule;1.092;353;351;72;135;55;12;2;1;5;54;12;0;0;3;
 ; in %; ;38,2;99,4;20,5;38,5;15,7;3,4;0,6;0,3;1,4;15,4;3,4;0,0;0,0;0,9;
51003;Konrad-Haenisch-Schule;978;282;270;27;146;55;7;5;2;0;23;3;0;0;2;
 ; in %; ;31,7;95,7;10,0;54,1;20,4;2,6;1,9;0,7;0,0;8,5;1,1;0,0;0,0;0,7;
51004;Konrad-Haenisch-Schule;1.182;337;327;53;132;65;4;3;2;7;49;9;1;1;1;
 ; in %; ;38,0;97,0;16,2;40,4;19,9;1,2;0,9;0,6;2,1;15,0;2,8;0,3;0,3;0,3;
52001;Schule am Mainbogen;1.237;347;336;51;147;78;7;1;5;1;39;4;0;0;3;
 ; in %; ;31,9;96,8;15,2;43,8;23,2;2,1;0,3;1,5;0,3;11,6;1,2;0,0;0,0;0,9;
52002;Schule am Mainbogen;1.156;375;366;65;142;78;6;3;0;4;60;3;1;0;4;
 ; in %; ;39,6;97,6;17,8;38,8;21,3;1,6;0,8;0,0;1,1;16,4;0,8;0,3;0,0;1,1;
52003;Schule am Mainbogen;1.142;328;321;50;104;82;8;6;1;3;56;10;0;0;1;
 ; in %; ;35,1;97,9;15,6;32,4;25,5;2,5;1,9;0,3;0,9;17,4;3,1;0,0;0,0;0,3;
93501;Briefwahl Fechenheim;0;398;394;70;145;74;11;7;0;8;65;10;0;0;4;
 ; in %; ;0,0;99,0;17,8;36,8;18,8;2,8;1,8;0,0;2,0;16,5;2,5;0,0;0,0;1,0;
93502;Briefwahl Fechenheim;0;324;318;59;131;46;9;10;4;3;42;12;0;1;1;
 ; in %; ;0,0;98,1;18,6;41,2;14,5;2,8;3,1;1,3;0,9;13,2;3,8;0,0;0,3;0,3;
;Stadtteil Fechenheim ges.;7.647;2.973;2.900;483;1.179;582;68;38;16;32;413;66;2;2;19;
 ; in %; ;38,9;97,5;16,7;40,7;20,1;2,3;1,3;0,6;1,1;14,2;2,3;0,1;0,1;0,7;
;;;;;;;;;;;;;;;;;
;Stadtteil Frankfurter Berg;;;;;;;;;;;;;;;;
49202;Albert-Schweitzer-Schule;1.103;353;347;61;133;59;7;3;1;4;73;5;0;0;1;
 ; in %; ;41,9;98,3;17,6;38,3;17,0;2,0;0,9;0,3;1,2;21,0;1,4;0,0;0,0;0,3;
49203;Albert-Schweitzer-Schule;969;231;220;18;116;48;3;3;3;7;17;2;0;0;3;
 ; in %; ;26,7;95,2;8,2;52,7;21,8;1,4;1,4;1,4;3,2;7,7;0,9;0,0;0,0;1,4;
49204;Albert-Schweitzer-Schule;1.385;518;509;141;167;75;4;1;2;3;105;11;0;0;0;
 ; in %; ;48,8;98,3;27,7;32,8;14,7;0,8;0,2;0,4;0,6;20,6;2,2;0,0;0,0;0,0;
49201;Kita Eddy´s Burg;1.224;470;459;96;167;109;2;7;1;6;59;8;0;3;1;
 ; in %; ;45,3;97,7;20,9;36,4;23,7;0,4;1,5;0,2;1,3;12,9;1,7;0,0;0,7;0,2;
94700;Briefwahl Frankfurter Berg;0;482;475;86;160;75;12;6;3;8;107;16;1;0;1;
 ; in %; ;0,0;98,5;18,1;33,7;15,8;2,5;1,3;0,6;1,7;22,5;3,4;0,2;0,0;0,2;
;Stadtteil Frankfurter Berg ges.;4.681;2.054;2.010;402;743;366;28;20;10;28;361;42;1;3;6;
 ; in %; ;43,9;97,9;20,0;37,0;18,2;1,4;1,0;0,5;1,4;18,0;2,1;0,0;0,1;0,3;
;;;;;;;;;;;;;;;;;
;Stadtteil Gallus;;;;;;;;;;;;;;;;
16101;Falkschule;933;265;265;67;52;71;2;3;1;1;56;8;0;3;1;
 ; in %; ;39,5;100;25,3;19,6;26,8;0,8;1,1;0,4;0,4;21,1;3,0;0,0;1,1;0,4;
15301;Pfarramt St. Gallus;829;248;248;58;52;64;4;4;1;2;48;9;0;1;5;
 ; in %; ;40,1;100;23,4;21,0;25,8;1,6;1,6;0,4;0,8;19,4;3,6;0,0;0,4;2,0;
15302;AWO Kita Lahnische Höfe;1.489;470;456;89;131;89;6;1;0;2;130;7;0;1;0;
 ; in %; ;42,6;97,0;19,5;28,7;19,5;1,3;0,2;0,0;0,4;28,5;1,5;0,0;0,2;0,0;
15401;Internationale Kita Ackermannstraße;973;277;267;34;120;67;7;2;2;2;26;6;0;0;1;
 ; in %; ;33,0;96,4;12,7;44,9;25,1;2,6;0,7;0,7;0,7;9,7;2,2;0,0;0,0;0,4;
15402;Internationale Kita Ackermannstraße;753;194;186;18;98;37;5;2;0;3;21;2;0;0;0;
 ; in %; ;28,3;95,9;9,7;52,7;19,9;2,7;1,1;0,0;1,6;11,3;1,1;0,0;0,0;0,0;
16103;Saalbau Haus Gallus;880;242;241;62;43;24;2;1;1;0;105;3;0;0;0;
 ; in %; ;47,5;99,6;25,7;17,8;10,0;0,8;0,4;0,4;0,0;43,6;1,2;0,0;0,0;0,0;
16104;Saalbau Haus Gallus;921;284;282;58;75;45;1;3;0;0;79;17;0;2;2;
 ; in %; ;43,3;99,3;20,6;26,6;16,0;0,4;1,1;0,0;0,0;28,0;6,0;0,0;0,7;0,7;
16102;Saalbau Haus Gallus;998;286;279;71;70;87;4;3;0;1;41;2;0;0;0;
 ; in %; ;37,3;97,6;25,4;25,1;31,2;1,4;1,1;0,0;0,4;14,7;0,7;0,0;0,0;0,0;
16201;Begegnungszentrum;1.049;381;373;80;108;91;5;1;1;0;72;10;0;4;1;
 ; in %; ;48,1;97,9;21,4;29,0;24,4;1,3;0,3;0,3;0,0;19,3;2,7;0,0;1,1;0,3;
16203;Begegnungszentrum;992;345;338;97;70;73;6;2;0;4;69;13;0;2;2;
 ; in %; ;47,6;98,0;28,7;20,7;21,6;1,8;0,6;0,0;1,2;20,4;3,8;0,0;0,6;0,6;
16202;Paul-Hindemith-Schule;1.168;427;423;93;124;121;7;3;1;3;53;8;0;6;4;
 ; in %; ;47,8;99,1;22,0;29,3;28,6;1,7;0,7;0,2;0,7;12,5;1,9;0,0;1,4;0,9;
16204;Paul-Hindemith-Schule;1.138;406;404;76;102;47;0;4;0;2;165;7;0;0;1;
 ; in %; ;50,7;99,5;18,8;25,2;11,6;0,0;1,0;0,0;0,5;40,8;1,7;0,0;0,0;0,2;
16205;Ökumenisches Zentrum Europaviertel;908;229;229;52;46;24;2;3;0;2;95;5;0;0;0;
 ; in %; ;38,1;100;22,7;20,1;10,5;0,9;1,3;0,0;0,9;41,5;2,2;0,0;0,0;0,0;
16401;Bürgermeister-Grimm-Schule;777;193;191;28;73;49;2;2;3;1;29;3;0;0;1;
 ; in %; ;32,2;99,0;14,7;38,2;25,7;1,0;1,0;1,6;0,5;15,2;1,6;0,0;0,0;0,5;
16501;Begegnungsstätte Frankenallee;954;285;276;36;106;88;2;0;0;1;27;10;0;4;2;
 ; in %; ;34,4;96,8;13,0;38,4;31,9;0,7;0,0;0,0;0,4;9,8;3,6;0,0;1,4;0,7;
16503;Begegnungsstätte Frankenallee;1.020;307;295;41;114;84;8;3;3;0;31;8;0;3;0;
 ; in %; ;35,0;96,1;13,9;38,6;28,5;2,7;1,0;1,0;0,0;10,5;2,7;0,0;1,0;0,0;
16502;Ev. Gemeinde Frieden und Versöhnung;935;273;258;33;117;60;11;3;1;3;19;7;0;4;0;
 ; in %; ;32,7;94,5;12,8;45,3;23,3;4,3;1,2;0,4;1,2;7,4;2,7;0,0;1,6;0,0;
16504;Ev. Gemeinde Frieden und Versöhnung;1.396;374;371;76;96;54;0;3;0;0;137;4;0;1;0;
 ; in %; ;38,1;99,2;20,5;25,9;14,6;0,0;0,8;0,0;0,0;36,9;1,1;0,0;0,3;0,0;
91101;Briefwahl Gallus;0;1.089;1.079;213;300;151;11;8;2;11;350;23;0;1;9;
 ; in %; ;0,0;99,1;19,7;27,8;14,0;1,0;0,7;0,2;1,0;32,4;2,1;0,0;0,1;0,8;
91102;Briefwahl Gallus;0;725;720;165;147;104;5;5;2;3;271;15;0;0;3;
 ; in %; ;0,0;99,3;22,9;20,4;14,4;0,7;0,7;0,3;0,4;37,6;2,1;0,0;0,0;0,4;
91103;Briefwahl Gallus;0;903;896;207;194;136;8;8;3;5;317;16;0;1;1;
 ; in %; ;0,0;99,2;23,1;21,7;15,2;0,9;0,9;0,3;0,6;35,4;1,8;0,0;0,1;0,1;
;Stadtteil Gallus ges.;18.113;8.203;8.077;1.654;2.238;1.566;98;64;21;46;2.141;183;0;33;33;
 ; in %; ;45,3;98,5;20,5;27,7;19,4;1,2;0,8;0,3;0,6;26,5;2,3;0,0;0,4;0,4;
;;;;;;;;;;;;;;;;;
;Stadtteil Ginnheim;;;;;;;;;;;;;;;;
44101;Bethlehemgemeinde;1.236;461;459;98;152;65;6;2;1;2;127;6;0;0;0;
 ; in %; ;51,8;99,6;21,4;33,1;14,2;1,3;0,4;0,2;0,4;27,7;1,3;0,0;0,0;0,0;
44107;Bethlehemgemeinde;1.105;436;433;120;110;87;4;1;2;4;95;10;0;0;0;
 ; in %; ;57,4;99,3;27,7;25,4;20,1;0,9;0,2;0,5;0,9;21,9;2,3;0,0;0,0;0,0;
44102;Kita Zauberwürfel;1.247;505;492;90;178;144;5;5;1;1;58;8;0;0;2;
 ; in %; ;47,9;97,4;18,3;36,2;29,3;1,0;1,0;0,2;0,2;11,8;1,6;0,0;0,0;0,4;
44103;Jugendclub Stefan Zweig;1.219;463;456;96;133;120;6;5;1;1;80;14;0;0;0;
 ; in %; ;46,2;98,5;21,1;29,2;26,3;1,3;1,1;0,2;0,2;17,5;3,1;0,0;0,0;0,0;
44104;Diesterwegschule;1.224;357;340;68;124;71;10;1;1;3;51;8;1;1;1;
 ; in %; ;36,9;95,2;20,0;36,5;20,9;2,9;0,3;0,3;0,9;15,0;2,4;0,3;0,3;0,3;
44105;Altenwohnanlage Ginnheim;1.299;428;425;106;129;82;6;3;1;4;91;3;0;0;0;
 ; in %; ;45,8;99,3;24,9;30,4;19,3;1,4;0,7;0,2;0,9;21,4;0,7;0,0;0,0;0,0;
44106;Altenwohnanlage Ginnheim;1.368;516;498;79;216;115;6;3;6;7;51;10;1;2;2;
 ; in %; ;45,0;96,5;15,9;43,4;23,1;1,2;0,6;1,2;1,4;10,2;2,0;0,2;0,4;0,4;
44108;Astrid-Lindgren-Schule;1.126;419;405;56;175;111;13;6;0;2;34;8;0;0;0;
 ; in %; ;39,2;96,7;13,8;43,2;27,4;3,2;1,5;0,0;0,5;8,4;2,0;0,0;0,0;0,0;
92601;Briefwahl Ginnheim;0;598;593;137;170;96;7;1;0;9;152;13;0;2;6;
 ; in %; ;0,0;99,2;23,1;28,7;16,2;1,2;0,2;0,0;1,5;25,6;2,2;0,0;0,3;1,0;
92602;Briefwahl Ginnheim;0;603;599;134;204;99;6;1;3;7;127;15;0;0;3;
 ; in %; ;0,0;99,3;22,4;34,1;16,5;1,0;0,2;0,5;1,2;21,2;2,5;0,0;0,0;0,5;
;Stadtteil Ginnheim ges.;9.824;4.786;4.700;984;1.591;990;69;28;16;40;866;95;2;5;14;
 ; in %; ;48,7;98,2;20,9;33,9;21,1;1,5;0,6;0,3;0,9;18,4;2,0;0,0;0,1;0,3;
;;;;;;;;;;;;;;;;;
;Stadtteil Griesheim;;;;;;;;;;;;;;;;
54101;Griechische Schule;1.373;291;270;40;130;50;2;3;5;1;31;6;0;0;2;
 ; in %; ;23,0;92,8;14,8;48,1;18,5;0,7;1,1;1,9;0,4;11,5;2,2;0,0;0,0;0,7;
54102;Griechische Schule;1.187;432;423;82;150;76;7;5;4;11;74;14;0;0;0;
 ; in %; ;44,9;97,9;19,4;35,5;18,0;1,7;1,2;0,9;2,6;17,5;3,3;0,0;0,0;0,0;
54201;Eichendorffschule;779;279;269;31;123;47;10;2;4;1;38;8;0;5;0;
 ; in %; ;42,8;96,4;11,5;45,7;17,5;3,7;0,7;1,5;0,4;14,1;3,0;0,0;1,9;0,0;
54202;Eichendorffschule;1.079;289;287;33;134;50;12;2;6;1;39;6;0;0;4;
 ; in %; ;28,9;99,3;11,5;46,7;17,4;4,2;0,7;2,1;0,3;13,6;2,1;0,0;0,0;1,4;
54203;Georg-August-Zinn-Schule;1.201;330;313;28;162;57;6;3;9;2;34;6;0;2;4;
 ; in %; ;31,0;94,8;8,9;51,8;18,2;1,9;1,0;2,9;0,6;10,9;1,9;0,0;0,6;1,3;
55201;Georg-August-Zinn-Schule;1.171;358;349;48;141;81;6;3;1;5;58;3;0;0;3;
 ; in %; ;38,7;97,5;13,8;40,4;23,2;1,7;0,9;0,3;1,4;16,6;0,9;0,0;0,0;0,9;
55101;Boehleschule;1.002;318;312;58;111;55;4;0;3;6;64;10;0;1;0;
 ; in %; ;40,6;98,1;18,6;35,6;17,6;1,3;0,0;1,0;1,9;20,5;3,2;0,0;0,3;0,0;
55102;Sporthalle Athletikverein;784;274;269;53;124;35;2;3;1;3;37;11;0;0;0;
 ; in %; ;39,8;98,2;19,7;46,1;13,0;0,7;1,1;0,4;1,1;13,8;4,1;0,0;0,0;0,0;
55202;Gemeindezentrum St. Hedwig;1.131;294;293;33;131;62;10;2;4;6;36;4;0;2;3;
 ; in %; ;30,3;99,7;11,3;44,7;21,2;3,4;0,7;1,4;2,0;12,3;1,4;0,0;0,7;1,0;
55203;KiZ 120;1.155;401;381;59;153;72;12;5;4;6;57;5;1;5;2;
 ; in %; ;40,9;95,0;15,5;40,2;18,9;3,1;1,3;1,0;1,6;15,0;1,3;0,3;1,3;0,5;
91901;Briefwahl Griesheim;0;393;387;79;153;61;11;6;4;8;57;5;1;2;0;
 ; in %; ;0,0;98,5;20,4;39,5;15,8;2,8;1,6;1,0;2,1;14,7;1,3;0,3;0,5;0,0;
91902;Briefwahl Griesheim;0;512;506;86;167;92;17;4;2;12;105;16;1;2;2;
 ; in %; ;0,0;98,8;17,0;33,0;18,2;3,4;0,8;0,4;2,4;20,8;3,2;0,2;0,4;0,4;
;Stadtteil Griesheim ges.;10.862;4.171;4.059;630;1.679;738;99;38;47;62;630;94;3;19;20;
 ; in %; ;38,4;97,3;15,5;41,4;18,2;2,4;0,9;1,2;1,5;15,5;2,3;0,1;0,5;0,5;
;;;;;;;;;;;;;;;;;
;Stadtteil Gutleut-/Bahnhofsviertel;;;;;;;;;;;;;;;;
09001;Weißfrauenschule;1.442;481;476;120;81;134;3;4;0;2;112;15;0;4;1;
 ; in %; ;46,5;99,0;25,2;17,0;28,2;0,6;0,8;0,0;0,4;23,5;3,2;0,0;0,8;0,2;
15101;Johanna-Kirchner-Altenhilfezentrum;482;156;147;22;85;21;1;2;2;0;11;3;0;0;0;
 ; in %; ;36,8;94,2;15,0;57,8;14,3;0,7;1,4;1,4;0,0;7,5;2,0;0,0;0,0;0,0;
15102;Berufsbildungszentrum;959;377;365;87;83;133;4;3;0;0;38;16;0;0;1;
 ; in %; ;47,2;96,8;23,8;22,7;36,4;1,1;0,8;0,0;0,0;10,4;4,4;0,0;0,0;0,3;
15103;Saalbau Haus Gutleut;1.268;483;470;133;112;114;2;3;2;2;91;7;1;1;2;
 ; in %; ;53,1;97,3;28,3;23,8;24,3;0,4;0,6;0,4;0,4;19,4;1,5;0,2;0,2;0,4;
15104;Cronstetten-Haus;770;197;197;44;41;22;1;0;0;0;87;1;0;0;1;
 ; in %; ;41,8;100;22,3;20,8;11,2;0,5;0,0;0,0;0,0;44,2;0,5;0,0;0,0;0,5;
91000;Briefwahl Gutleut-/Bahnhofsviertel;0;905;902;256;159;172;9;3;0;4;268;27;0;0;4;
 ; in %; ;0,0;99,7;28,4;17,6;19,1;1,0;0,3;0,0;0,4;29,7;3,0;0,0;0,0;0,4;
;Stadtteil Gutleut-/Bahnhofsviertel ges.;4.921;2.599;2.557;662;561;596;20;15;4;8;607;69;1;5;9;
 ; in %; ;52,8;98,4;25,9;21,9;23,3;0,8;0,6;0,2;0,3;23,7;2,7;0,0;0,2;0,4;
;;;;;;;;;;;;;;;;;
;Stadtteil Harheim;;;;;;;;;;;;;;;;
66001;Bürgerhaus Harheim;1.240;433;429;90;169;53;8;0;2;7;89;11;0;0;0;
 ; in %; ;45,4;99,1;21,0;39,4;12,4;1,9;0,0;0,5;1,6;20,7;2,6;0,0;0,0;0,0;
66002;Bürgerhaus Harheim;994;338;329;79;124;59;8;0;1;6;44;8;0;0;0;
 ; in %; ;43,4;97,3;24,0;37,7;17,9;2,4;0,0;0,3;1,8;13,4;2,4;0,0;0,0;0,0;
66003;Bürgerhaus Harheim;1.045;367;356;78;91;49;13;1;0;6;109;8;0;0;1;
 ; in %; ;46,0;97,0;21,9;25,6;13,8;3,7;0,3;0,0;1,7;30,6;2,2;0,0;0,0;0,3;
94400;Briefwahl Harheim;0;395;391;76;136;42;8;2;2;4;115;5;0;0;1;
 ; in %; ;0,0;99,0;19,4;34,8;10,7;2,0;0,5;0,5;1,0;29,4;1,3;0,0;0,0;0,3;
;Stadtteil Harheim ges.;3.279;1.533;1.505;323;520;203;37;3;5;23;357;32;0;0;2;
 ; in %; ;46,8;98,2;21,5;34,6;13,5;2,5;0,2;0,3;1,5;23,7;2,1;0,0;0,0;0,1;
;;;;;;;;;;;;;;;;;
;Stadtteil Hausen;;;;;;;;;;;;;;;;
41001;Kerschensteinerschule;1.430;505;496;103;191;76;5;2;1;1;111;5;0;0;1;
 ; in %; ;46,7;98,2;20,8;38,5;15,3;1,0;0,4;0,2;0,2;22,4;1,0;0,0;0,0;0,2;
41002;Kerschensteinerschule;1.220;384;364;55;167;85;3;1;1;2;42;5;0;0;3;
 ; in %; ;38,5;94,8;15,1;45,9;23,4;0,8;0,3;0,3;0,5;11,5;1,4;0,0;0,0;0,8;
41003;Kerschensteinerschule;1.309;461;450;95;154;114;2;0;1;3;71;7;1;0;2;
 ; in %; ;45,0;97,6;21,1;34,2;25,3;0,4;0,0;0,2;0,7;15,8;1,6;0,2;0,0;0,4;
92100;Briefwahl Hausen/Bockenheim;0;694;685;160;200;116;10;3;1;8;166;16;0;0;5;
 ; in %; ;0,0;98,7;23,4;29,2;16,9;1,5;0,4;0,1;1,2;24,2;2,3;0,0;0,0;0,7;
;Stadtteil Hausen ges.;3.959;2.044;1.995;413;712;391;20;6;4;14;390;33;1;0;11;
 ; in %; ;51,6;97,6;20,7;35,7;19,6;1,0;0,3;0,2;0,7;19,5;1,7;0,1;0,0;0,6;
;;;;;;;;;;;;;;;;;
;Stadtteil Heddernheim;;;;;;;;;;;;;;;;
43202;Römerstadtschule;1.307;372;354;42;183;79;7;3;3;6;23;7;0;1;0;
 ; in %; ;32,6;95,2;11,9;51,7;22,3;2,0;0,8;0,8;1,7;6,5;2,0;0,0;0,3;0,0;
43204;Römerstadtschule;1.328;436;427;47;202;98;8;4;4;5;51;5;0;1;2;
 ; in %; ;39,4;97,9;11,0;47,3;23,0;1,9;0,9;0,9;1,2;11,9;1,2;0,0;0,2;0,5;
43104;Begegnungsstätte Aßlarer Straße;984;338;331;54;142;63;10;5;0;1;50;4;0;0;2;
 ; in %; ;39,5;97,9;16,3;42,9;19,0;3,0;1,5;0,0;0,3;15,1;1,2;0,0;0,0;0,6;
43101;Ökumenische Kita Kaleidoskop;978;367;364;82;123;69;2;2;1;2;76;5;1;0;1;
 ; in %; ;46,7;99,2;22,5;33,8;19,0;0,5;0,5;0,3;0,5;20,9;1,4;0,3;0,0;0,3;
43102;KiZ 129;1.162;483;481;133;143;113;5;2;2;4;67;10;0;1;1;
 ; in %; ;54,8;99,6;27,7;29,7;23,5;1,0;0,4;0,4;0,8;13,9;2,1;0,0;0,2;0,2;
43201;St. Thomas Gemeinde;1.230;390;380;80;142;80;3;6;1;4;59;4;0;0;1;
 ; in %; ;38,7;97,4;21,1;37,4;21,1;0,8;1,6;0,3;1,1;15,5;1,1;0,0;0,0;0,3;
43103;Gemeinde St. Peter und Paul;1.293;530;523;143;151;111;11;5;0;11;78;11;1;0;1;
 ; in %; ;54,2;98,7;27,3;28,9;21,2;2,1;1,0;0,0;2,1;14,9;2,1;0,2;0,0;0,2;
43105;Sozialwerk Main Taunus;714;244;242;66;82;33;9;1;1;1;44;4;0;0;1;
 ; in %; ;46,2;99,2;27,3;33,9;13,6;3,7;0,4;0,4;0,4;18,2;1,7;0,0;0,0;0,4;
43203;Geschwister-Scholl-Schule;1.395;539;528;79;244;100;8;4;3;4;73;9;0;0;4;
 ; in %; ;47,4;98,0;15,0;46,2;18,9;1,5;0,8;0,6;0,8;13,8;1,7;0,0;0,0;0,8;
92401;Briefwahl Heddernheim;0;715;715;189;228;122;14;5;3;6;129;12;0;1;6;
 ; in %; ;0,0;100;26,4;31,9;17,1;2,0;0,7;0,4;0,8;18,0;1,7;0,0;0,1;0,8;
92402;Briefwahl Heddernheim;0;472;465;73;194;95;8;5;1;5;75;7;1;0;1;
 ; in %; ;0,0;98,5;15,7;41,7;20,4;1,7;1,1;0,2;1,1;16,1;1,5;0,2;0,0;0,2;
;Stadtteil Heddernheim ges.;10.391;4.886;4.810;988;1.834;963;85;42;19;49;725;78;3;4;20;
 ; in %; ;47,0;98,4;20,5;38,1;20,0;1,8;0,9;0,4;1,0;15,1;1,6;0,1;0,1;0,4;
;;;;;;;;;;;;;;;;;
;Stadtteil Höchst;;;;;;;;;;;;;;;;
57001;Leibnizschule;1.031;360;354;79;99;92;5;5;4;2;60;7;0;0;1;
 ; in %; ;43,6;98,3;22,3;28,0;26,0;1,4;1,4;1,1;0,6;16,9;2,0;0,0;0,0;0,3;
57002;Robert-Blum-Schule;1.068;338;325;58;141;56;9;1;1;3;45;8;0;3;0;
 ; in %; ;36,6;96,2;17,8;43,4;17,2;2,8;0,3;0,3;0,9;13,8;2,5;0,0;0,9;0,0;
57003;Robert-Blum-Schule;1.052;338;327;59;159;53;2;8;0;3;32;8;0;0;3;
 ; in %; ;35,7;96,7;18,0;48,6;16,2;0,6;2,4;0,0;0,9;9,8;2,4;0,0;0,0;0,9;
58001;Helene-Lange-Schule;955;275;264;53;107;48;8;3;2;1;33;4;0;2;3;
 ; in %; ;36,3;96,0;20,1;40,5;18,2;3,0;1,1;0,8;0,4;12,5;1,5;0,0;0,8;1,1;
58002;Kasinoschule;1.093;381;373;79;127;87;5;4;0;0;61;8;0;0;2;
 ; in %; ;43,5;97,9;21,2;34,0;23,3;1,3;1,1;0,0;0,0;16,4;2,1;0,0;0,0;0,5;
59101;Paul-Ehrlich-Schule;893;317;309;54;121;81;7;1;1;2;26;14;1;0;1;
 ; in %; ;42,2;97,5;17,5;39,2;26,2;2,3;0,3;0,3;0,6;8,4;4,5;0,3;0,0;0,3;
59102;Paul-Ehrlich-Schule;982;385;381;85;117;102;4;5;0;5;46;14;0;1;2;
 ; in %; ;49,9;99,0;22,3;30,7;26,8;1,0;1,3;0,0;1,3;12,1;3,7;0,0;0,3;0,5;
93600;Briefwahl Höchst;0;749;743;169;228;157;12;11;2;6;118;34;0;2;4;
 ; in %; ;0,0;99,2;22,7;30,7;21,1;1,6;1,5;0,3;0,8;15,9;4,6;0,0;0,3;0,5;
;Stadtteil Höchst ges.;7.074;3.143;3.076;636;1.099;676;52;38;10;22;421;97;1;8;16;
 ; in %; ;44,4;97,9;20,7;35,7;22,0;1,7;1,2;0,3;0,7;13,7;3,2;0,0;0,3;0,5;
;;;;;;;;;;;;;;;;;
;Stadtteil Innenstadt;;;;;;;;;;;;;;;;
04001;Liebfrauenschule;1.248;354;347;77;86;69;2;3;3;0;97;10;0;0;0;
 ; in %; ;40,3;98,0;22,2;24,8;19,9;0,6;0,9;0,9;0,0;28,0;2,9;0,0;0,0;0,0;
07001;Julius-Leber-Schule;735;184;182;47;39;50;3;2;1;1;31;7;0;0;1;
 ; in %; ;33,3;98,9;25,8;21,4;27,5;1,6;1,1;0,5;0,5;17,0;3,8;0,0;0,0;0,5;
08001;Ludwig-Börne-Schule;1.179;347;343;65;89;87;5;6;0;3;75;11;1;0;1;
 ; in %; ;41,1;98,8;19,0;25,9;25,4;1,5;1,7;0,0;0,9;21,9;3,2;0,3;0,0;0,3;
90200;Briefwahl Innenstadt;0;514;509;129;110;85;4;4;2;1;156;15;0;2;1;
 ; in %; ;0,0;99,0;25,3;21,6;16,7;0,8;0,8;0,4;0,2;30,6;2,9;0,0;0,4;0,2;
;Stadtteil Innenstadt ges.;3.162;1.399;1.381;318;324;291;14;15;6;5;359;43;1;2;3;
 ; in %; ;44,2;98,7;23,0;23,5;21,1;1,0;1,1;0,4;0,4;26,0;3,1;0,1;0,1;0,2;
;;;;;;;;;;;;;;;;;
;Stadtteil Kalbach-Riedberg;;;;;;;;;;;;;;;;
65001;Grundschule Kalbach;1.435;484;476;100;159;83;12;3;0;6;104;7;0;0;2;
 ; in %; ;43,3;98,3;21,0;33,4;17,4;2,5;0,6;0,0;1,3;21,8;1,5;0,0;0,0;0,4;
65002;Grundschule Kalbach;1.154;365;358;77;107;46;12;1;4;4;96;5;0;0;6;
 ; in %; ;39,8;98,1;21,5;29,9;12,8;3,4;0,3;1,1;1,1;26,8;1,4;0,0;0,0;1,7;
65003;Ev. Kita Krambambuli;1.165;421;416;73;144;65;5;3;1;2;114;5;0;2;2;
 ; in %; ;46,5;98,8;17,5;34,6;15,6;1,2;0,7;0,2;0,5;27,4;1,2;0,0;0,5;0,5;
65101;Grundschule Riedberg;1.346;483;479;146;122;57;5;1;2;2;130;13;0;0;1;
 ; in %; ;46,9;99,2;30,5;25,5;11,9;1,0;0,2;0,4;0,4;27,1;2,7;0,0;0,0;0,2;
65102;Grundschule Riedberg;1.597;654;651;169;159;64;12;6;0;1;229;10;0;0;1;
 ; in %; ;52,5;99,5;26,0;24,4;9,8;1,8;0,9;0,0;0,2;35,2;1,5;0,0;0,0;0,2;
65103;Gymnasium Riedberg;1.307;461;456;96;134;48;7;2;0;5;160;3;0;0;1;
 ; in %; ;45,2;98,9;21,1;29,4;10,5;1,5;0,4;0,0;1,1;35,1;0,7;0,0;0,0;0,2;
65104;Gymnasium Riedberg;1.406;530;524;94;151;84;2;5;2;3;177;3;1;0;2;
 ; in %; ;47,0;98,9;17,9;28,8;16,0;0,4;1,0;0,4;0,6;33,8;0,6;0,2;0,0;0,4;
65105;Marie-Curie-Schule;922;368;364;80;105;45;6;3;1;2;119;3;0;0;0;
 ; in %; ;48,0;98,9;22,0;28,8;12,4;1,6;0,8;0,3;0,5;32,7;0,8;0,0;0,0;0,0;
65106;Marie-Curie-Schule;614;230;230;47;68;33;4;2;0;1;68;6;0;0;1;
 ; in %; ;44,8;100;20,4;29,6;14,3;1,7;0,9;0,0;0,4;29,6;2,6;0,0;0,0;0,4;
94301;Briefwahl Kalbach-Riedberg;0;440;437;82;148;58;11;5;0;3;121;8;0;0;1;
 ; in %; ;0,0;99,3;18,8;33,9;13,3;2,5;1,1;0,0;0,7;27,7;1,8;0,0;0,0;0,2;
94302;Briefwahl Kalbach-Riedberg;0;849;844;187;220;64;14;3;2;9;325;16;1;0;3;
 ; in %; ;0,0;99,4;22,2;26,1;7,6;1,7;0,4;0,2;1,1;38,5;1,9;0,1;0,0;0,4;
;Stadtteil Kalbach-Riedberg ges.;10.946;5.285;5.235;1.151;1.517;647;90;34;12;38;1.643;79;2;2;20;
 ; in %; ;48,3;99,1;22,0;29,0;12,4;1,7;0,6;0,2;0,7;31,4;1,5;0,0;0,0;0,4;
;;;;;;;;;;;;;;;;;
;Stadtteil Nied;;;;;;;;;;;;;;;;
56101;Fridtjof-Nansen-Schule;1.087;325;303;25;163;53;8;2;3;7;39;2;0;1;0;
 ; in %; ;33,9;93,2;8,3;53,8;17,5;2,6;0,7;1,0;2,3;12,9;0,7;0,0;0,3;0,0;
56102;Fridtjof-Nansen-Schule;958;293;283;28;131;53;15;3;1;6;42;2;0;2;0;
 ; in %; ;36,9;96,6;9,9;46,3;18,7;5,3;1,1;0,4;2,1;14,8;0,7;0,0;0,7;0,0;
56103;Saalbau Haus Nied;1.066;304;294;42;112;79;4;1;1;5;43;5;0;2;0;
 ; in %; ;33,9;96,7;14,3;38,1;26,9;1,4;0,3;0,3;1,7;14,6;1,7;0,0;0,7;0,0;
56104;Ev. Kirchengemeinde Nied;785;247;240;43;99;41;8;3;2;0;38;3;0;2;1;
 ; in %; ;38,5;97,2;17,9;41,3;17,1;3,3;1,3;0,8;0,0;15,8;1,3;0,0;0,8;0,4;
56105;Ev. Kirchengemeinde Nied;780;234;224;39;96;44;7;4;2;3;27;2;0;0;0;
 ; in %; ;35,2;95,7;17,4;42,9;19,6;3,1;1,8;0,9;1,3;12,1;0,9;0,0;0,0;0,0;
56201;Friedrich-List-Schule;1.356;508;491;75;201;99;14;6;4;10;74;7;0;0;1;
 ; in %; ;45,5;96,7;15,3;40,9;20,2;2,9;1,2;0,8;2,0;15,1;1,4;0,0;0,0;0,2;
56204;Friedrich-List-Schule;1.548;526;519;87;189;103;7;3;3;6;115;6;0;0;0;
 ; in %; ;43,3;98,7;16,8;36,4;19,8;1,3;0,6;0,6;1,2;22,2;1,2;0,0;0,0;0,0;
56202;Altenwohnanlage Begegnungsstätte;1.064;328;315;45;137;43;8;3;3;1;69;5;0;0;1;
 ; in %; ;36,4;96,0;14,3;43,5;13,7;2,5;1,0;1,0;0,3;21,9;1,6;0,0;0,0;0,3;
56203;Altenwohnanlage Begegnungsstätte;1.113;330;319;42;154;54;3;3;1;3;58;0;0;0;1;
 ; in %; ;33,7;96,7;13,2;48,3;16,9;0,9;0,9;0,3;0,9;18,2;0,0;0,0;0,0;0,3;
93701;Briefwahl Nied;0;386;378;74;139;53;10;3;1;6;76;13;0;0;3;
 ; in %; ;0,0;97,9;19,6;36,8;14,0;2,6;0,8;0,3;1,6;20,1;3,4;0,0;0,0;0,8;
93702;Briefwahl Nied;0;472;462;77;192;68;12;7;1;8;87;9;0;1;0;
 ; in %; ;0,0;97,9;16,7;41,6;14,7;2,6;1,5;0,2;1,7;18,8;1,9;0,0;0,2;0,0;
;Stadtteil Nied ges.;9.757;3.953;3.828;577;1.613;690;96;38;22;55;668;54;0;8;7;
 ; in %; ;40,5;96,8;15,1;42,1;18,0;2,5;1,0;0,6;1,4;17,5;1,4;0,0;0,2;0,2;
;;;;;;;;;;;;;;;;;
;Stadtteil Nieder-Erlenbach;;;;;;;;;;;;;;;;
64001;Schule am Erlenbach;1.067;329;324;79;88;45;5;1;3;1;98;3;0;1;0;
 ; in %; ;43,3;98,5;24,4;27,2;13,9;1,5;0,3;0,9;0,3;30,2;0,9;0,0;0,3;0,0;
64002;Schule am Erlenbach;1.062;381;377;88;129;59;13;2;0;1;81;3;0;1;0;
 ; in %; ;45,4;99,0;23,3;34,2;15,6;3,4;0,5;0,0;0,3;21,5;0,8;0,0;0,3;0,0;
64003;Schule am Erlenbach;1.128;372;365;87;124;49;7;5;0;2;86;5;0;0;0;
 ; in %; ;43,0;98,1;23,8;34,0;13,4;1,9;1,4;0,0;0,5;23,6;1,4;0,0;0,0;0,0;
94200;Briefwahl Nieder-Erlenbach;0;430;422;98;125;52;7;1;1;7;125;6;0;0;0;
 ; in %; ;0,0;98,1;23,2;29,6;12,3;1,7;0,2;0,2;1,7;29,6;1,4;0,0;0,0;0,0;
;Stadtteil Nieder-Erlenbach ges.;3.257;1.512;1.488;352;466;205;32;9;4;11;390;17;0;2;0;
 ; in %; ;46,4;98,4;23,7;31,3;13,8;2,2;0,6;0,3;0,7;26,2;1,1;0,0;0,1;0,0;
;;;;;;;;;;;;;;;;;
;Stadtteil Nieder-Eschbach;;;;;;;;;;;;;;;;
67001;Otto-Hahn-Schule;1.202;412;409;95;133;56;4;3;1;8;103;5;0;1;0;
 ; in %; ;45,6;99,3;23,2;32,5;13,7;1,0;0,7;0,2;2,0;25,2;1,2;0,0;0,2;0,0;
67002;Otto-Hahn-Schule;1.109;335;325;63;128;55;13;5;2;4;51;3;0;0;1;
 ; in %; ;35,3;97,0;19,4;39,4;16,9;4,0;1,5;0,6;1,2;15,7;0,9;0,0;0,0;0,3;
67003;Michael-Grzimek-Schule;1.089;367;356;80;104;56;7;5;2;4;83;12;0;1;2;
 ; in %; ;42,7;97,0;22,5;29,2;15,7;2,0;1,4;0,6;1,1;23,3;3,4;0,0;0,3;0,6;
67004;Michael-Grzimek-Schule;1.164;379;369;81;122;60;5;2;1;4;85;7;0;0;2;
 ; in %; ;42,1;97,4;22,0;33,1;16,3;1,4;0,5;0,3;1,1;23,0;1,9;0,0;0,0;0,5;
67006;Altentagesstätte;1.283;392;375;47;184;85;2;2;3;2;37;7;0;1;5;
 ; in %; ;33,8;95,7;12,5;49,1;22,7;0,5;0,5;0,8;0,5;9,9;1,9;0,0;0,3;1,3;
67005;Kinderhaus am Bügel;1.271;331;317;48;144;63;5;5;3;3;36;8;0;2;0;
 ; in %; ;31,0;95,8;15,1;45,4;19,9;1,6;1,6;0,9;0,9;11,4;2,5;0,0;0,6;0,0;
94501;Briefwahl Nieder-Eschbach;0;371;368;82;128;43;9;3;1;12;80;9;0;1;0;
 ; in %; ;0,0;99,2;22,3;34,8;11,7;2,4;0,8;0,3;3,3;21,7;2,4;0,0;0,3;0,0;
94502;Briefwahl Nieder-Eschbach;0;313;309;62;114;55;7;1;0;7;53;7;0;0;3;
 ; in %; ;0,0;98,7;20,1;36,9;17,8;2,3;0,3;0,0;2,3;17,2;2,3;0,0;0,0;1,0;
;Stadtteil Nieder-Eschbach ges.;7.118;2.900;2.828;558;1.057;473;52;26;13;44;528;58;0;6;13;
 ; in %; ;40,7;97,5;19,7;37,4;16,7;1,8;0,9;0,5;1,6;18,7;2,1;0,0;0,2;0,5;
;;;;;;;;;;;;;;;;;
;Stadtteil Niederrad;;;;;;;;;;;;;;;;
37101;Frauenhofschule;1.080;318;316;73;91;65;4;4;0;1;72;6;0;0;0;
 ; in %; ;38,4;99,4;23,1;28,8;20,6;1,3;1,3;0,0;0,3;22,8;1,9;0,0;0,0;0,0;
37102;Salzmannschule;1.440;505;496;108;155;93;9;6;1;8;100;13;1;0;2;
 ; in %; ;49,7;98,2;21,8;31,3;18,8;1,8;1,2;0,2;1,6;20,2;2,6;0,2;0,0;0,4;
37103;Salzmannschule;1.107;366;350;47;147;66;5;3;3;2;62;15;0;0;0;
 ; in %; ;42,3;95,6;13,4;42,0;18,9;1,4;0,9;0,9;0,6;17,7;4,3;0,0;0,0;0,0;
37104;Salzmannschule;910;262;256;55;106;38;2;3;2;1;42;7;0;0;0;
 ; in %; ;36,5;97,7;21,5;41,4;14,8;0,8;1,2;0,8;0,4;16,4;2,7;0,0;0,0;0,0;
37105;Raum für Kultur;914;262;246;30;105;55;2;2;3;1;40;7;0;1;0;
 ; in %; ;34,2;93,9;12,2;42,7;22,4;0,8;0,8;1,2;0,4;16,3;2,8;0,0;0,4;0,0;
37106;Raum für Kultur;988;318;311;57;127;58;4;11;0;0;42;11;0;1;0;
 ; in %; ;39,3;97,8;18,3;40,8;18,6;1,3;3,5;0,0;0,0;13,5;3,5;0,0;0,3;0,0;
37202;Friedrich-Fröbel-Schule;969;311;295;34;151;55;4;7;2;5;27;10;0;0;0;
 ; in %; ;37,8;94,9;11,5;51,2;18,6;1,4;2,4;0,7;1,7;9,2;3,4;0,0;0,0;0,0;
37203;Friedrich-Fröbel-Schule;1.054;346;345;84;100;56;3;1;0;0;93;5;0;0;3;
 ; in %; ;48,9;99,7;24,3;29,0;16,2;0,9;0,3;0,0;0,0;27,0;1,4;0,0;0,0;0,9;
37204;Friedrich-Fröbel-Schule;1.256;389;384;74;127;73;3;1;1;2;86;14;0;1;2;
 ; in %; ;42,3;98,7;19,3;33,1;19,0;0,8;0,3;0,3;0,5;22,4;3,6;0,0;0,3;0,5;
37206;Friedrich-Fröbel-Schule;1.128;328;319;37;105;49;2;1;1;4;110;8;0;1;1;
 ; in %; ;39,3;97,3;11,6;32,9;15,4;0,6;0,3;0,3;1,3;34,5;2,5;0,0;0,3;0,3;
37201;Saalbau Turnhalle NTG;1.163;367;354;36;175;76;9;1;4;2;46;4;0;1;0;
 ; in %; ;37,1;96,5;10,2;49,4;21,5;2,5;0,3;1,1;0,6;13,0;1,1;0,0;0,3;0,0;
37205;Saalbau Turnhalle NTG;1.294;418;411;96;144;70;7;7;3;1;72;11;0;0;0;
 ; in %; ;43,0;98,3;23,4;35,0;17,0;1,7;1,7;0,7;0,2;17,5;2,7;0,0;0,0;0,0;
91701;Briefwahl Niederrad;0;543;539;130;155;87;7;2;0;5;145;6;0;0;2;
 ; in %; ;0,0;99,3;24,1;28,8;16,1;1,3;0,4;0,0;0,9;26,9;1,1;0,0;0,0;0,4;
91702;Briefwahl Niederrad;0;299;289;58;90;40;6;6;1;5;77;5;0;0;1;
 ; in %; ;0,0;96,7;20,1;31,1;13,8;2,1;2,1;0,3;1,7;26,6;1,7;0,0;0,0;0,3;
91703;Briefwahl Niederrad;0;456;452;92;138;79;10;1;1;1;112;16;1;0;1;
 ; in %; ;0,0;99,1;20,4;30,5;17,5;2,2;0,2;0,2;0,2;24,8;3,5;0,2;0,0;0,2;
91704;Briefwahl Niederrad;0;475;472;94;163;49;9;2;0;7;139;8;0;0;1;
 ; in %; ;0,0;99,4;19,9;34,5;10,4;1,9;0,4;0,0;1,5;29,4;1,7;0,0;0,0;0,2;
;Stadtteil Niederrad ges.;13.303;5.963;5.835;1.105;2.079;1.009;86;58;22;45;1.265;146;2;5;13;
 ; in %; ;44,8;97,9;18,9;35,6;17,3;1,5;1,0;0,4;0,8;21,7;2,5;0,0;0,1;0,2;
;;;;;;;;;;;;;;;;;
;Stadtteil Niederursel;;;;;;;;;;;;;;;;
48203;Europäische Schule;1.273;390;379;61;155;79;5;5;10;2;55;7;0;0;0;
 ; in %; ;36,4;97,2;16,1;40,9;20,8;1,3;1,3;2,6;0,5;14,5;1,8;0,0;0,0;0,0;
48101;Gustav-Adolf-Gemeinde;1.405;486;469;134;136;75;17;8;2;3;86;6;0;1;1;
 ; in %; ;44,3;96,5;28,6;29,0;16,0;3,6;1,7;0,4;0,6;18,3;1,3;0,0;0,2;0,2;
48102;Heinrich-Kromer-Schule;1.362;459;453;104;169;70;6;3;0;3;86;8;0;0;4;
 ; in %; ;42,3;98,7;23,0;37,3;15,5;1,3;0,7;0,0;0,7;19,0;1,8;0,0;0,0;0,9;
48103;Erich-Kästner-Schule;1.339;403;389;46;184;86;7;2;1;3;56;3;0;0;1;
 ; in %; ;36,8;96,5;11,8;47,3;22,1;1,8;0,5;0,3;0,8;14,4;0,8;0,0;0,0;0,3;
48201;Gemeinde St. Matthias;1.250;393;377;63;180;68;4;1;2;2;53;2;0;1;1;
 ; in %; ;36,6;95,9;16,7;47,7;18,0;1,1;0,3;0,5;0,5;14,1;0,5;0,0;0,3;0,3;
48202;Mosaikschule;1.321;413;401;60;187;83;9;3;2;1;52;2;0;1;1;
 ; in %; ;35,8;97,1;15,0;46,6;20,7;2,2;0,7;0,5;0,2;13,0;0,5;0,0;0,2;0,2;
48301;relexa hotel;1.219;497;491;122;146;76;4;4;1;4;119;13;0;0;2;
 ; in %; ;52,9;98,8;24,8;29,7;15,5;0,8;0,8;0,2;0,8;24,2;2,6;0,0;0,0;0,4;
92501;Briefwahl Niederursel;0;672;667;144;232;106;12;6;3;6;145;13;0;0;0;
 ; in %; ;0,0;99,3;21,6;34,8;15,9;1,8;0,9;0,4;0,9;21,7;1,9;0,0;0,0;0,0;
92502;Briefwahl Niederursel;0;303;296;58;135;35;6;0;2;3;49;4;1;0;3;
 ; in %; ;0,0;97,7;19,6;45,6;11,8;2,0;0,0;0,7;1,0;16,6;1,4;0,3;0,0;1,0;
;Stadtteil Niederursel ges.;9.169;4.016;3.922;792;1.524;678;70;32;23;27;701;58;1;3;13;
 ; in %; ;43,8;97,7;20,2;38,9;17,3;1,8;0,8;0,6;0,7;17,9;1,5;0,0;0,1;0,3;
;;;;;;;;;;;;;;;;;
;Stadtteil Nordend-Ost;;;;;;;;;;;;;;;;
13001;Klingerschule;1.286;520;516;155;133;105;3;5;1;2;94;15;1;0;2;
 ; in %; ;58,3;99,2;30,0;25,8;20,3;0,6;1,0;0,2;0,4;18,2;2,9;0,2;0,0;0,4;
13002;Klingerschule;1.161;454;452;123;105;116;6;3;1;3;79;11;0;3;2;
 ; in %; ;55,1;99,6;27,2;23,2;25,7;1,3;0,7;0,2;0,7;17,5;2,4;0,0;0,7;0,4;
13003;Klingerschule;1.345;472;470;125;129;102;5;3;0;1;91;12;0;2;0;
 ; in %; ;52,4;99,6;26,6;27,4;21,7;1,1;0,6;0,0;0,2;19,4;2,6;0,0;0,4;0,0;
23003;Klingerschule;850;302;296;99;65;65;1;2;0;1;52;8;0;0;3;
 ; in %; ;52,6;98,0;33,4;22,0;22,0;0,3;0,7;0,0;0,3;17,6;2,7;0,0;0,0;1,0;
22101;Hans-Böckler-Schule;998;412;408;125;94;107;1;0;0;2;70;8;0;0;1;
 ; in %; ;58,7;99,0;30,6;23,0;26,2;0,2;0,0;0,0;0,5;17,2;2,0;0,0;0,0;0,2;
22203;Hans-Böckler-Schule;1.110;465;454;138;120;119;4;4;2;0;58;6;0;0;3;
 ; in %; ;54,7;97,6;30,4;26,4;26,2;0,9;0,9;0,4;0,0;12,8;1,3;0,0;0,0;0,7;
22204;Hans-Böckler-Schule;1.193;492;488;112;156;126;6;4;0;1;77;6;0;0;0;
 ; in %; ;53,3;99,2;23,0;32,0;25,8;1,2;0,8;0,0;0,2;15,8;1,2;0,0;0,0;0,0;
22102;Merianschule;1.277;583;579;202;134;136;6;3;0;1;90;6;0;0;1;
 ; in %; ;66,2;99,3;34,9;23,1;23,5;1,0;0,5;0,0;0,2;15,5;1,0;0,0;0,0;0,2;
22103;Merianschule;1.247;619;616;209;131;136;2;3;1;1;114;17;0;1;1;
 ; in %; ;70,0;99,5;33,9;21,3;22,1;0,3;0,5;0,2;0,2;18,5;2,8;0,0;0,2;0,2;
22201;IGS-Nordend;1.152;490;486;139;143;117;3;4;1;1;59;16;0;0;3;
 ; in %; ;57,9;99,2;28,6;29,4;24,1;0,6;0,8;0,2;0,2;12,1;3,3;0,0;0,0;0,6;
22202;IGS-Nordend;1.120;521;517;192;114;129;3;2;0;3;62;11;0;0;1;
 ; in %; ;67,8;99,2;37,1;22,1;25,0;0,6;0,4;0,0;0,6;12,0;2,1;0,0;0,0;0,2;
23001;Jugendhaus Heideplatz;1.327;529;526;138;119;151;9;1;0;0;88;15;0;2;3;
 ; in %; ;55,4;99,4;26,2;22,6;28,7;1,7;0,2;0,0;0,0;16,7;2,9;0,0;0,4;0,6;
23002;Christuskirche;1.249;516;512;181;119;108;10;2;0;1;75;11;0;2;3;
 ; in %; ;60,2;99,2;35,4;23,2;21,1;2,0;0,4;0,0;0,2;14,6;2,1;0,0;0,4;0,6;
90701;Briefwahl Nordend-Ost;0;804;799;280;175;141;10;2;0;3;163;21;1;1;2;
 ; in %; ;0,0;99,4;35,0;21,9;17,6;1,3;0,3;0,0;0,4;20,4;2,6;0,1;0,1;0,3;
90702;Briefwahl Nordend-Ost;0;729;724;239;162;137;5;5;0;1;159;12;0;0;4;
 ; in %; ;0,0;99,3;33,0;22,4;18,9;0,7;0,7;0,0;0,1;22,0;1,7;0,0;0,0;0,6;
90703;Briefwahl Nordend-Ost;0;804;800;274;169;175;9;2;0;3;145;20;0;0;3;
 ; in %; ;0,0;99,5;34,3;21,1;21,9;1,1;0,3;0,0;0,4;18,1;2,5;0,0;0,0;0,4;
90704;Briefwahl Nordend-Ost;0;735;727;250;148;128;5;0;0;2;174;12;1;2;5;
 ; in %; ;0,0;98,9;34,4;20,4;17,6;0,7;0,0;0,0;0,3;23,9;1,7;0,1;0,3;0,7;
;Stadtteil Nordend-Ost ges.;15.315;9.447;9.370;2.981;2.216;2.098;88;45;6;26;1.650;207;3;13;37;
 ; in %; ;61,7;99,2;31,8;23,6;22,4;0,9;0,5;0,1;0,3;17,6;2,2;0,0;0,1;0,4;
;;;;;;;;;;;;;;;;;
;Stadtteil Nordend-West;;;;;;;;;;;;;;;;
12001;Musterschule;1.123;461;460;155;110;85;2;1;0;1;96;8;0;0;2;
 ; in %; ;59,7;99,8;33,7;23,9;18,5;0,4;0,2;0,0;0,2;20,9;1,7;0,0;0,0;0,4;
12002;Musterschule;1.256;499;491;169;88;102;6;4;1;1;105;12;0;1;2;
 ; in %; ;58,3;98,4;34,4;17,9;20,8;1,2;0,8;0,2;0,2;21,4;2,4;0,0;0,2;0,4;
12004;Musterschule;985;371;369;115;84;76;1;1;0;1;89;2;0;0;0;
 ; in %; ;58,1;99,5;31,2;22,8;20,6;0,3;0,3;0,0;0,3;24,1;0,5;0,0;0,0;0,0;
12003;Haus der Volksarbeit;1.146;434;430;129;117;79;5;2;1;1;93;3;0;0;0;
 ; in %; ;52,8;99,1;30,0;27,2;18,4;1,2;0,5;0,2;0,2;21,6;0,7;0,0;0,0;0,0;
20101;Berufl. Schulen-Berta-Jourdan;1.326;499;495;159;113;90;4;2;0;0;116;8;1;0;2;
 ; in %; ;53,5;99,2;32,1;22,8;18,2;0,8;0,4;0,0;0,0;23,4;1,6;0,2;0,0;0,4;
20102;Berufl. Schulen-Berta-Jourdan;1.435;505;501;162;103;92;1;3;1;1;128;6;1;0;3;
 ; in %; ;56,7;99,2;32,3;20,6;18,4;0,2;0,6;0,2;0,2;25,5;1,2;0,2;0,0;0,6;
20301;Berufl. Schulen-Berta-Jourdan;1.143;491;489;140;138;100;6;1;0;2;92;9;0;0;1;
 ; in %; ;62,0;99,6;28,6;28,2;20,4;1,2;0,2;0,0;0,4;18,8;1,8;0,0;0,0;0,2;
20201;Heinrich-Kleyer-Schule;1.420;521;513;99;180;109;6;4;0;4;99;10;0;0;2;
 ; in %; ;49,7;98,5;19,3;35,1;21,2;1,2;0,8;0,0;0,8;19,3;1,9;0,0;0,0;0,4;
20302;Elisabethenschule Cafeteria;1.093;385;384;96;78;54;0;3;0;1;147;3;0;1;1;
 ; in %; ;55,6;99,7;25,0;20,3;14,1;0,0;0,8;0,0;0,3;38,3;0,8;0,0;0,3;0,3;
20304;Elisabethenschule Cafeteria;1.080;326;325;84;56;46;3;0;2;0;128;6;0;0;0;
 ; in %; ;47,2;99,7;25,8;17,2;14,2;0,9;0,0;0,6;0,0;39,4;1,8;0,0;0,0;0,0;
20303;Amt für Wohnungswesen;958;307;304;71;60;32;3;1;0;5;131;0;0;0;1;
 ; in %; ;50,8;99,0;23,4;19,7;10,5;1,0;0,3;0,0;1,6;43,1;0,0;0,0;0,0;0,3;
21101;AWO Nordendzentrum;1.077;395;391;113;93;93;3;5;1;2;75;6;0;0;0;
 ; in %; ;54,3;99,0;28,9;23,8;23,8;0,8;1,3;0,3;0,5;19,2;1,5;0,0;0,0;0,0;
21102;B. Schulen-Berta-Jourdan Außenst.;980;425;423;132;98;110;4;2;0;0;67;6;0;0;4;
 ; in %; ;60,8;99,5;31,2;23,2;26,0;0,9;0,5;0,0;0,0;15,8;1,4;0,0;0,0;0,9;
21103;B. Schulen-Berta-Jourdan Außenst.;969;419;415;123;108;97;5;12;0;2;59;9;0;0;0;
 ; in %; ;61,0;99,0;29,6;26,0;23,4;1,2;2,9;0,0;0,5;14,2;2,2;0,0;0,0;0,0;
21203;B. Schulen-Berta-Jourdan Außenst.;1.206;544;541;183;124;133;4;2;0;0;83;10;0;0;2;
 ; in %; ;64,5;99,4;33,8;22,9;24,6;0,7;0,4;0,0;0,0;15,3;1,8;0,0;0,0;0,4;
21201;Frankfurt Univ. of Applied Sciences;1.025;450;448;134;115;111;4;3;2;4;57;15;0;0;3;
 ; in %; ;59,1;99,6;29,9;25,7;24,8;0,9;0,7;0,4;0,9;12,7;3,3;0,0;0,0;0,7;
21202;Bürgerhospital Kapelle;1.140;465;460;133;106;102;3;3;0;2;94;13;1;1;2;
 ; in %; ;58,0;98,9;28,9;23,0;22,2;0,7;0,7;0,0;0,4;20,4;2,8;0,2;0,2;0,4;
21301;Valentin-Senger-Schule;727;207;202;62;37;31;2;1;0;0;63;6;0;0;0;
 ; in %; ;44,6;97,6;30,7;18,3;15,3;1,0;0,5;0,0;0,0;31,2;3,0;0,0;0,0;0,0;
90601;Briefwahl Nordend-West;0;492;486;146;105;79;2;2;0;1;143;7;0;0;1;
 ; in %; ;0,0;98,8;30,0;21,6;16,3;0,4;0,4;0,0;0,2;29,4;1,4;0,0;0,0;0,2;
90602;Briefwahl Nordend-West;0;427;426;114;88;60;2;3;0;3;147;6;0;0;3;
 ; in %; ;0,0;99,8;26,8;20,7;14,1;0,5;0,7;0,0;0,7;34,5;1,4;0,0;0,0;0,7;
90603;Briefwahl Nordend-West;0;578;574;182;107;78;2;4;0;1;190;5;0;0;5;
 ; in %; ;0,0;99,3;31,7;18,6;13,6;0,3;0,7;0,0;0,2;33,1;0,9;0,0;0,0;0,9;
90604;Briefwahl Nordend-West;0;669;667;145;144;102;9;1;0;4;241;20;0;0;1;
 ; in %; ;0,0;99,7;21,7;21,6;15,3;1,3;0,1;0,0;0,6;36,1;3,0;0,0;0,0;0,1;
90605;Briefwahl Nordend-West;0;438;437;108;70;41;2;3;0;0;208;4;0;0;1;
 ; in %; ;0,0;99,8;24,7;16,0;9,4;0,5;0,7;0,0;0,0;47,6;0,9;0,0;0,0;0,2;
90606;Briefwahl Nordend-West;0;666;663;206;145;138;2;18;0;1;146;2;0;1;4;
 ; in %; ;0,0;99,5;31,1;21,9;20,8;0,3;2,7;0,0;0,2;22,0;0,3;0,0;0,2;0,6;
90607;Briefwahl Nordend-West;0;828;823;254;182;128;14;2;1;2;214;20;1;0;5;
 ; in %; ;0,0;99,4;30,9;22,1;15,6;1,7;0,2;0,1;0,2;26,0;2,4;0,1;0,0;0,6;
;Stadtteil Nordend-West ges.;20.089;11.802;11.717;3.414;2.649;2.168;95;83;9;39;3.011;196;4;4;45;
 ; in %; ;58,7;99,3;29,1;22,6;18,5;0,8;0,7;0,1;0,3;25,7;1,7;0,0;0,0;0,4;
;;;;;;;;;;;;;;;;;
;Stadtteil Oberrad;;;;;;;;;;;;;;;;
38001;Saalbau Bürgertreff Depot;911;287;280;59;81;58;8;6;1;2;56;6;2;0;1;
 ; in %; ;38,6;97,6;21,1;28,9;20,7;2,9;2,1;0,4;0,7;20,0;2,1;0,7;0,0;0,4;
38003;Saalbau Bürgertreff Depot;1.195;416;406;68;168;90;6;3;3;2;54;7;0;3;2;
 ; in %; ;43,9;97,6;16,7;41,4;22,2;1,5;0,7;0,7;0,5;13,3;1,7;0,0;0,7;0,5;
38007;Saalbau Bürgertreff Depot;1.078;337;329;56;135;61;3;3;0;0;63;6;0;1;1;
 ; in %; ;39,4;97,6;17,0;41,0;18,5;0,9;0,9;0,0;0,0;19,1;1,8;0,0;0,3;0,3;
38002;PTH Sankt Georgen;975;331;319;49;115;64;8;4;1;1;71;4;0;2;0;
 ; in %; ;44,6;96,4;15,4;36,1;20,1;2,5;1,3;0,3;0,3;22,3;1,3;0,0;0,6;0,0;
38004;Gruneliusschule;1.159;393;381;73;123;65;9;3;1;1;89;13;0;3;1;
 ; in %; ;43,3;96,9;19,2;32,3;17,1;2,4;0,8;0,3;0,3;23,4;3,4;0,0;0,8;0,3;
38005;Gruneliusschule;988;272;267;43;115;45;8;4;1;2;43;4;0;0;2;
 ; in %; ;34,9;98,2;16,1;43,1;16,9;3,0;1,5;0,4;0,7;16,1;1,5;0,0;0,0;0,7;
38006;Gruneliusschule;1.193;400;388;73;145;78;5;3;0;0;77;6;0;0;1;
 ; in %; ;42,5;97,0;18,8;37,4;20,1;1,3;0,8;0,0;0,0;19,8;1,5;0,0;0,0;0,3;
91601;Briefwahl Oberrad;0;499;492;93;183;79;9;4;1;6;102;11;0;0;4;
 ; in %; ;0,0;98,6;18,9;37,2;16,1;1,8;0,8;0,2;1,2;20,7;2,2;0,0;0,0;0,8;
91602;Briefwahl Oberrad;0;392;390;97;125;52;6;3;2;3;93;4;0;0;5;
 ; in %; ;0,0;99,5;24,9;32,1;13,3;1,5;0,8;0,5;0,8;23,8;1,0;0,0;0,0;1,3;
;Stadtteil Oberrad ges.;7.499;3.327;3.252;611;1.190;592;62;33;10;17;648;61;2;9;17;
 ; in %; ;44,4;97,7;18,8;36,6;18,2;1,9;1,0;0,3;0,5;19,9;1,9;0,1;0,3;0,5;
;;;;;;;;;;;;;;;;;
;Stadtteil Ostend;;;;;;;;;;;;;;;;
14001;Volkshochschule;916;316;309;103;75;55;1;3;0;3;57;9;0;2;1;
 ; in %; ;47,9;97,8;33,3;24,3;17,8;0,3;1,0;0,0;1,0;18,4;2,9;0,0;0,6;0,3;
14002;Volkshochschule;1.021;411;404;94;116;107;3;8;0;2;66;5;0;1;2;
 ; in %; ;49,9;98,3;23,3;28,7;26,5;0,7;2,0;0,0;0,5;16,3;1,2;0,0;0,2;0,5;
14005;Volkshochschule;600;240;239;72;44;20;0;2;0;0;98;3;0;0;0;
 ; in %; ;59,6;99,6;30,1;18,4;8,4;0,0;0,8;0,0;0,0;41,0;1,3;0,0;0,0;0,0;
26102;Volkshochschule;1.093;386;380;93;100;74;3;1;2;3;90;11;0;1;2;
 ; in %; ;46,8;98,4;24,5;26,3;19,5;0,8;0,3;0,5;0,8;23,7;2,9;0,0;0,3;0,5;
14003;Heinrich-von-Gagern-Gymnasium;918;289;287;68;81;66;3;2;0;1;54;8;0;1;3;
 ; in %; ;42,4;99,3;23,7;28,2;23,0;1,0;0,7;0,0;0,3;18,8;2,8;0,0;0,3;1,0;
14004;IGS-Herder;1.141;333;326;98;105;54;6;3;0;3;52;4;0;0;1;
 ; in %; ;42,4;97,9;30,1;32,2;16,6;1,8;0,9;0,0;0,9;16,0;1,2;0,0;0,0;0,3;
25102;IGS-Herder;1.063;375;371;79;117;97;2;2;0;2;67;3;0;0;2;
 ; in %; ;47,4;98,9;21,3;31,5;26,1;0,5;0,5;0,0;0,5;18,1;0,8;0,0;0,0;0,5;
25104;IGS-Herder;786;303;301;79;86;67;0;3;0;1;59;3;0;0;3;
 ; in %; ;51,2;99,3;26,2;28,6;22,3;0,0;1,0;0,0;0,3;19,6;1,0;0,0;0,0;1,0;
25101;Kirchengemeinde Nord-Ost;877;342;339;89;74;86;6;4;0;1;66;9;0;0;4;
 ; in %; ;57,3;99,1;26,3;21,8;25,4;1,8;1,2;0,0;0,3;19,5;2,7;0,0;0,0;1,2;
25103;August-Stunz-Zentrum;1.272;413;408;66;155;110;3;1;0;1;65;6;0;1;0;
 ; in %; ;41,8;98,8;16,2;38,0;27,0;0,7;0,2;0,0;0,2;15,9;1,5;0,0;0,2;0,0;
26101;August-Stunz-Zentrum;1.141;340;332;69;94;75;4;6;1;0;77;6;0;0;0;
 ; in %; ;41,2;97,6;20,8;28,3;22,6;1,2;1,8;0,3;0,0;23,2;1,8;0,0;0,0;0,0;
25201;Helmholtzschule;1.476;548;543;142;147;124;8;6;2;3;94;15;0;1;1;
 ; in %; ;52,5;99,1;26,2;27,1;22,8;1,5;1,1;0,4;0,6;17,3;2,8;0,0;0,2;0,2;
25202;Helmholtzschule;1.255;527;520;156;145;113;4;5;0;1;80;11;0;1;4;
 ; in %; ;60,4;98,7;30,0;27,9;21,7;0,8;1,0;0,0;0,2;15,4;2,1;0,0;0,2;0,8;
25203;Stauffenbergschule;1.233;487;483;123;137;120;10;4;2;2;71;13;0;0;1;
 ; in %; ;54,6;99,2;25,5;28,4;24,8;2,1;0,8;0,4;0,4;14,7;2,7;0,0;0,0;0,2;
25204;Dahlmannschule;1.298;551;546;171;186;111;6;2;1;0;64;2;0;0;3;
 ; in %; ;57,8;99,1;31,3;34,1;20,3;1,1;0,4;0,2;0,0;11,7;0,4;0,0;0,0;0,5;
25205;Dahlmannschule;1.300;537;534;147;170;110;9;2;2;3;80;7;1;2;1;
 ; in %; ;57,0;99,4;27,5;31,8;20,6;1,7;0,4;0,4;0,6;15,0;1,3;0,2;0,4;0,2;
90801;Briefwahl Ostend;0;535;531;135;168;77;7;3;0;2;129;10;0;0;0;
 ; in %; ;0,0;99,3;25,4;31,6;14,5;1,3;0,6;0,0;0,4;24,3;1,9;0,0;0,0;0,0;
90802;Briefwahl Ostend;0;592;588;156;130;89;5;3;1;5;178;18;0;0;3;
 ; in %; ;0,0;99,3;26,5;22,1;15,1;0,9;0,5;0,2;0,9;30,3;3,1;0,0;0,0;0,5;
90803;Briefwahl Ostend;0;714;700;214;171;128;9;2;0;5;147;21;0;0;3;
 ; in %; ;0,0;98,0;30,6;24,4;18,3;1,3;0,3;0,0;0,7;21,0;3,0;0,0;0,0;0,4;
90804;Briefwahl Ostend;0;749;747;229;186;140;13;6;0;2;146;24;0;1;0;
 ; in %; ;0,0;99,7;30,7;24,9;18,7;1,7;0,8;0,0;0,3;19,5;3,2;0,0;0,1;0,0;
90805;Briefwahl Ostend;0;453;449;125;123;83;3;2;3;4;94;10;1;0;1;
 ; in %; ;0,0;99,1;27,8;27,4;18,5;0,7;0,4;0,7;0,9;20,9;2,2;0,2;0,0;0,2;
;Stadtteil Ostend ges.;17.390;9.441;9.337;2.508;2.610;1.906;105;70;14;44;1.834;198;2;11;35;
 ; in %; ;54,3;98,9;26,9;28,0;20,4;1,1;0,7;0,1;0,5;19,6;2,1;0,0;0,1;0,4;
;;;;;;;;;;;;;;;;;
;Stadtteil Praunheim;;;;;;;;;;;;;;;;
42201;Ebelfeldschule;1.275;489;483;126;176;90;5;3;4;3;67;6;0;1;2;
 ; in %; ;52,6;98,8;26,1;36,4;18,6;1,0;0,6;0,8;0,6;13,9;1,2;0,0;0,2;0,4;
42202;Ebelfeldschule;1.462;525;503;101;235;98;8;4;2;2;45;5;0;0;3;
 ; in %; ;41,7;95,8;20,1;46,7;19,5;1,6;0,8;0,4;0,4;8,9;1,0;0,0;0,0;0,6;
42203;Ebelfeldschule;1.250;414;407;73;154;80;8;2;3;4;75;8;0;0;0;
 ; in %; ;42,1;98,3;17,9;37,8;19,7;2,0;0,5;0,7;1,0;18,4;2,0;0,0;0,0;0,0;
42301;Liebigschule;753;259;255;31;113;58;8;2;1;0;36;6;0;0;0;
 ; in %; ;41,6;98,5;12,2;44,3;22,7;3,1;0,8;0,4;0,0;14,1;2,4;0,0;0,0;0,0;
42302;Liebigschule;784;284;280;39;125;60;7;2;4;3;34;5;0;1;0;
 ; in %; ;42,1;98,6;13,9;44,6;21,4;2,5;0,7;1,4;1,1;12,1;1,8;0,0;0,4;0,0;
42401;Pflegeheim Praunheim;903;320;315;66;104;59;7;3;0;2;69;5;0;0;0;
 ; in %; ;50,3;98,4;21,0;33,0;18,7;2,2;1,0;0,0;0,6;21,9;1,6;0,0;0,0;0,0;
42501;Pflegeheim Praunheim;1.265;435;425;98;152;84;13;1;1;4;65;6;1;0;0;
 ; in %; ;41,1;97,7;23,1;35,8;19,8;3,1;0,2;0,2;0,9;15,3;1,4;0,2;0,0;0,0;
42601;Römerstadtschule;1.034;308;295;33;136;68;2;2;2;2;46;3;0;0;1;
 ; in %; ;35,8;95,8;11,2;46,1;23,1;0,7;0,7;0,7;0,7;15,6;1,0;0,0;0,0;0,3;
42602;Europäische Schule;971;354;349;66;123;70;3;3;0;4;73;7;0;0;0;
 ; in %; ;48,2;98,6;18,9;35,2;20,1;0,9;0,9;0,0;1,1;20,9;2,0;0,0;0,0;0,0;
92201;Briefwahl Praunheim;0;496;492;107;163;109;10;2;1;4;87;5;0;0;4;
 ; in %; ;0,0;99,2;21,7;33,1;22,2;2,0;0,4;0,2;0,8;17,7;1,0;0,0;0,0;0,8;
92202;Briefwahl Praunheim;0;441;438;107;134;81;12;1;0;7;88;7;0;0;1;
 ; in %; ;0,0;99,3;24,4;30,6;18,5;2,7;0,2;0,0;1,6;20,1;1,6;0,0;0,0;0,2;
92203;Briefwahl Praunheim;0;239;234;49;88;28;5;2;3;3;51;5;0;0;0;
 ; in %; ;0,0;97,9;20,9;37,6;12,0;2,1;0,9;1,3;1,3;21,8;2,1;0,0;0,0;0,0;
;Stadtteil Praunheim ges.;9.697;4.564;4.476;896;1.703;885;88;27;21;38;736;68;1;2;11;
 ; in %; ;47,1;98,1;20,0;38,0;19,8;2,0;0,6;0,5;0,8;16,4;1,5;0,0;0,0;0,2;
;;;;;;;;;;;;;;;;;
;Stadtteil Preungesheim;;;;;;;;;;;;;;;;
47001;Kita New Betts;1.244;472;463;100;169;75;4;0;1;3;95;12;0;2;2;
 ; in %; ;46,9;98,1;21,6;36,5;16,2;0,9;0,0;0,2;0,6;20,5;2,6;0,0;0,4;0,4;
47002;Festeburggemeinde;1.182;466;458;128;123;77;10;2;1;3;103;8;0;0;3;
 ; in %; ;53,4;98,3;27,9;26,9;16,8;2,2;0,4;0,2;0,7;22,5;1,7;0,0;0,0;0,7;
47004;Carlo-Mierendorff-Schule;1.193;373;365;47;170;72;4;5;1;2;53;10;0;0;1;
 ; in %; ;35,5;97,9;12,9;46,6;19,7;1,1;1,4;0,3;0,5;14,5;2,7;0,0;0,0;0,3;
47003;Carlo-Mierendorff-Schule;1.214;385;374;55;149;91;8;3;3;2;53;6;0;2;2;
 ; in %; ;37,4;97,1;14,7;39,8;24,3;2,1;0,8;0,8;0,5;14,2;1,6;0,0;0,5;0,5;
47005;Ev. Kreuzgemeinde;1.250;443;439;91;134;90;9;6;4;2;93;6;0;0;4;
 ; in %; ;45,2;99,1;20,7;30,5;20,5;2,1;1,4;0,9;0,5;21,2;1,4;0,0;0,0;0,9;
47006;Liesel-Oestreicher-Schule;1.030;435;431;105;155;71;7;2;0;3;83;3;0;0;2;
 ; in %; ;52,2;99,1;24,4;36,0;16,5;1,6;0,5;0,0;0,7;19,3;0,7;0,0;0,0;0,5;
47007;Liesel-Oestreicher-Schule;1.298;595;591;159;188;111;7;4;0;6;105;9;0;0;2;
 ; in %; ;56,4;99,3;26,9;31,8;18,8;1,2;0,7;0,0;1,0;17,8;1,5;0,0;0,0;0,3;
93001;Briefwahl Preungesheim;0;421;414;90;122;86;8;2;1;2;88;11;0;0;4;
 ; in %; ;0,0;98,3;21,7;29,5;20,8;1,9;0,5;0,2;0,5;21,3;2,7;0,0;0,0;1,0;
93002;Briefwahl Preungesheim;0;503;495;114;152;74;9;6;0;3;119;11;0;1;6;
 ; in %; ;0,0;98,4;23,0;30,7;14,9;1,8;1,2;0,0;0,6;24,0;2,2;0,0;0,2;1,2;
;Stadtteil Preungesheim ges.;8.411;4.093;4.030;889;1.362;747;66;30;11;26;792;76;0;5;26;
 ; in %; ;48,7;98,5;22,1;33,8;18,5;1,6;0,7;0,3;0,6;19,7;1,9;0,0;0,1;0,6;
;;;;;;;;;;;;;;;;;
;Stadtteil Riederwald;;;;;;;;;;;;;;;;
26201;Heilig-Geist-Gemeinde;1.443;559;545;92;212;153;14;5;2;2;50;15;0;0;0;
 ; in %; ;46,6;97,5;16,9;38,9;28,1;2,6;0,9;0,4;0,4;9,2;2,8;0,0;0,0;0,0;
26202;Heilig-Geist-Gemeinde;1.317;472;456;49;215;125;15;5;3;4;32;6;0;1;1;
 ; in %; ;40,8;96,6;10,7;47,1;27,4;3,3;1,1;0,7;0,9;7,0;1,3;0,0;0,2;0,2;
93300;Briefwahl Riederwald;0;265;261;37;116;68;8;2;0;4;19;5;0;0;2;
 ; in %; ;0,0;98,5;14,2;44,4;26,1;3,1;0,8;0,0;1,5;7,3;1,9;0,0;0,0;0,8;
;Stadtteil Riederwald ges.;2.760;1.296;1.262;178;543;346;37;12;5;10;101;26;0;1;3;
 ; in %; ;47,0;97,4;14,1;43,0;27,4;2,9;1,0;0,4;0,8;8,0;2,1;0,0;0,1;0,2;
;;;;;;;;;;;;;;;;;
;Stadtteil Rödelheim;;;;;;;;;;;;;;;;
40105;DRK Ov. City-West;1.071;386;375;75;129;108;7;7;3;0;39;6;0;0;1;
 ; in %; ;42,7;97,2;20,0;34,4;28,8;1,9;1,9;0,8;0,0;10,4;1,6;0,0;0,0;0,3;
40101;Sozial- und Rehazentrum West;1.037;359;352;43;126;92;7;3;2;3;67;7;0;0;2;
 ; in %; ;43,1;98,1;12,2;35,8;26,1;2,0;0,9;0,6;0,9;19,0;2,0;0,0;0,0;0,6;
40102;Sozial- und Rehazentrum West;1.074;408;397;70;150;98;5;5;3;2;52;10;0;0;2;
 ; in %; ;46,3;97,3;17,6;37,8;24,7;1,3;1,3;0,8;0,5;13,1;2,5;0,0;0,0;0,5;
40104;Michael-Ende-Schule;895;370;364;89;111;80;5;3;0;4;53;17;0;0;2;
 ; in %; ;53,2;98,4;24,5;30,5;22,0;1,4;0,8;0,0;1,1;14,6;4,7;0,0;0,0;0,5;
40201;Auguste-Oberwinter-Haus;1.504;536;529;128;149;128;9;3;1;5;85;16;0;0;5;
 ; in %; ;45,0;98,7;24,2;28,2;24,2;1,7;0,6;0,2;0,9;16,1;3,0;0,0;0,0;0,9;
40202;Brentanoschule;1.149;445;441;100;141;105;8;5;0;2;70;7;0;2;1;
 ; in %; ;50,5;99,1;22,7;32,0;23,8;1,8;1,1;0,0;0,5;15,9;1,6;0,0;0,5;0,2;
40203;Brentanoschule;1.083;347;341;48;147;71;4;5;0;4;59;3;0;0;0;
 ; in %; ;38,9;98,3;14,1;43,1;20,8;1,2;1,5;0,0;1,2;17,3;0,9;0,0;0,0;0,0;
40204;Brentanoschule;1.144;354;350;60;122;88;2;3;1;3;62;9;0;0;0;
 ; in %; ;41,0;98,9;17,1;34,9;25,1;0,6;0,9;0,3;0,9;17,7;2,6;0,0;0,0;0,0;
40103;Ev. Cyriakus Gemeinde;1.146;438;430;113;108;141;4;5;1;3;45;8;0;1;1;
 ; in %; ;50,3;98,2;26,3;25,1;32,8;0,9;1,2;0,2;0,7;10,5;1,9;0,0;0,2;0,2;
92001;Briefwahl Rödelheim;0;668;661;159;179;160;12;6;1;5;104;30;0;1;4;
 ; in %; ;0,0;99,0;24,1;27,1;24,2;1,8;0,9;0,2;0,8;15,7;4,5;0,0;0,2;0,6;
92002;Briefwahl Rödelheim;0;625;617;133;189;111;11;6;3;7;145;9;0;0;3;
 ; in %; ;0,0;98,7;21,6;30,6;18,0;1,8;1,0;0,5;1,1;23,5;1,5;0,0;0,0;0,5;
;Stadtteil Rödelheim ges.;10.103;4.936;4.857;1.018;1.551;1.182;74;51;15;38;781;122;0;4;21;
 ; in %; ;48,9;98,4;21,0;31,9;24,3;1,5;1,1;0,3;0,8;16,1;2,5;0,0;0,1;0,4;
;;;;;;;;;;;;;;;;;
;Stadtteil Sachsenhausen-Nord;;;;;;;;;;;;;;;;
30001;Bergiusschule;1.096;388;385;111;93;80;6;5;0;0;72;16;0;0;2;
 ; in %; ;49,9;99,2;28,8;24,2;20,8;1,6;1,3;0,0;0,0;18,7;4,2;0,0;0,0;0,5;
30002;Bergiusschule;1.115;374;369;107;97;69;5;0;0;2;76;10;0;0;3;
 ; in %; ;49,8;98,7;29,0;26,3;18,7;1,4;0,0;0,0;0,5;20,6;2,7;0,0;0,0;0,8;
32101;Schillerschule;1.113;398;394;109;107;57;0;1;1;2;114;2;0;0;1;
 ; in %; ;53,6;99,0;27,7;27,2;14,5;0,0;0,3;0,3;0,5;28,9;0,5;0,0;0,0;0,3;
32102;Schillerschule;991;398;398;116;84;55;3;1;0;3;131;5;0;0;0;
 ; in %; ;60,9;100;29,1;21,1;13,8;0,8;0,3;0,0;0,8;32,9;1,3;0,0;0,0;0,0;
32401;Freiherr-vom-Stein-Schule;1.263;422;418;131;104;81;3;3;1;0;87;5;0;1;2;
 ; in %; ;50,1;99,1;31,3;24,9;19,4;0,7;0,7;0,2;0,0;20,8;1,2;0,0;0,2;0,5;
32201;Riedhofschule;1.148;343;327;48;137;83;6;4;2;3;32;4;0;1;7;
 ; in %; ;33,8;95,3;14,7;41,9;25,4;1,8;1,2;0,6;0,9;9,8;1,2;0,0;0,3;2,1;
32202;Riedhofschule;1.389;457;448;101;128;75;4;2;3;7;118;6;0;0;4;
 ; in %; ;43,0;98,0;22,5;28,6;16,7;0,9;0,4;0,7;1,6;26,3;1,3;0,0;0,0;0,9;
32103;Carl-Schurz-Schule;1.330;443;440;148;113;50;6;3;0;0;109;9;0;0;2;
 ; in %; ;51,9;99,3;33,6;25,7;11,4;1,4;0,7;0,0;0,0;24,8;2,0;0,0;0,0;0,5;
32203;Carl-Schurz-Schule;1.302;464;458;130;92;60;2;1;0;1;164;8;0;0;0;
 ; in %; ;55,4;98,7;28,4;20,1;13,1;0,4;0,2;0,0;0,2;35,8;1,7;0,0;0,0;0,0;
32204;Carl-Schurz-Schule;992;331;331;87;65;46;0;0;1;1;126;5;0;0;0;
 ; in %; ;53,0;100;26,3;19,6;13,9;0,0;0,0;0,3;0,3;38,1;1,5;0,0;0,0;0,0;
32205;Carl-Schurz-Schule;1.014;386;385;141;70;41;2;1;0;0;128;1;0;0;1;
 ; in %; ;59,5;99,7;36,6;18,2;10,6;0,5;0,3;0,0;0,0;33,2;0,3;0,0;0,0;0,3;
32403;Textorschule;1.261;484;481;152;118;89;4;4;0;1;101;9;1;0;2;
 ; in %; ;57,9;99,4;31,6;24,5;18,5;0,8;0,8;0,0;0,2;21,0;1,9;0,2;0,0;0,4;
32404;Textorschule;1.310;434;426;102;126;79;5;1;1;1;98;11;0;1;1;
 ; in %; ;47,8;98,2;23,9;29,6;18,5;1,2;0,2;0,2;0,2;23,0;2,6;0,0;0,2;0,2;
32402;Konferenzsaal im Park;1.228;445;443;133;101;67;2;0;0;1;130;8;0;0;1;
 ; in %; ;52,7;99,6;30,0;22,8;15,1;0,5;0,0;0,0;0,2;29,3;1,8;0,0;0,0;0,2;
33102;KiZ 84;1.211;445;441;120;110;119;3;4;2;2;69;10;0;0;2;
 ; in %; ;50,9;99,1;27,2;24,9;27,0;0,7;0,9;0,5;0,5;15,6;2,3;0,0;0,0;0,5;
33101;Kita Krachmacherstraße;1.538;576;573;157;159;76;3;4;0;1;165;6;0;0;2;
 ; in %; ;51,2;99,5;27,4;27,7;13,3;0,5;0,7;0,0;0,2;28,8;1,0;0,0;0,0;0,3;
33103;KiZ 123;800;275;271;80;76;51;3;5;0;2;42;12;0;0;0;
 ; in %; ;45,7;98,5;29,5;28,0;18,8;1,1;1,8;0,0;0,7;15,5;4,4;0,0;0,0;0,0;
91301;Briefwahl Sachsenhausen-Nord;0;438;436;127;80;54;2;2;1;2;160;6;0;0;2;
 ; in %; ;0,0;99,5;29,1;18,3;12,4;0,5;0,5;0,2;0,5;36,7;1,4;0,0;0,0;0,5;
91302;Briefwahl Sachsenhausen-Nord;0;749;747;195;176;96;4;2;0;2;257;11;0;0;4;
 ; in %; ;0,0;99,7;26,1;23,6;12,9;0,5;0,3;0,0;0,3;34,4;1,5;0,0;0,0;0,5;
91303;Briefwahl Sachsenhausen-Nord;0;565;560;123;133;78;4;3;1;4;208;3;0;1;2;
 ; in %; ;0,0;99,1;22,0;23,8;13,9;0,7;0,5;0,2;0,7;37,1;0,5;0,0;0,2;0,4;
91304;Briefwahl Sachsenhausen-Nord;0;428;426;111;89;41;2;2;0;3;177;1;0;0;0;
 ; in %; ;0,0;99,5;26,1;20,9;9,6;0,5;0,5;0,0;0,7;41,5;0,2;0,0;0,0;0,0;
91305;Briefwahl Sachsenhausen-Nord;0;528;524;157;110;64;3;8;1;2;176;1;0;0;2;
 ; in %; ;0,0;99,2;30,0;21,0;12,2;0,6;1,5;0,2;0,4;33,6;0,2;0,0;0,0;0,4;
91306;Briefwahl Sachsenhausen-Nord;0;546;544;174;120;79;0;1;0;2;160;7;0;0;1;
 ; in %; ;0,0;99,6;32,0;22,1;14,5;0,0;0,2;0,0;0,4;29,4;1,3;0,0;0,0;0,2;
91307;Briefwahl Sachsenhausen-Nord;0;582;580;162;97;84;1;2;1;2;209;19;0;1;2;
 ; in %; ;0,0;99,7;27,9;16,7;14,5;0,2;0,3;0,2;0,3;36,0;3,3;0,0;0,2;0,3;
;Stadtteil Sachsenhausen-Nord ges.;20.101;10.899;10.805;3.022;2.585;1.674;73;59;15;44;3.109;175;1;5;43;
 ; in %; ;54,2;99,1;28,0;23,9;15,5;0,7;0,5;0,1;0,4;28,8;1,6;0,0;0,0;0,4;
;;;;;;;;;;;;;;;;;
;Stadtteil Sachsenhausen-Süd;;;;;;;;;;;;;;;;
32301;Freiherr-vom-Stein-Schule;1.436;515;510;145;145;82;5;4;0;1;117;9;0;0;2;
 ; in %; ;53,0;99,0;28,4;28,4;16,1;1,0;0,8;0,0;0,2;22,9;1,8;0,0;0,0;0,4;
32302;Freiherr-vom-Stein-Schule;1.291;366;362;79;91;45;5;2;0;4;134;2;0;0;0;
 ; in %; ;46,2;98,9;21,8;25,1;12,4;1,4;0,6;0,0;1,1;37,0;0,6;0,0;0,0;0,0;
32306;Freiherr-vom-Stein-Schule;1.358;399;393;91;123;55;8;4;2;3;103;2;0;0;2;
 ; in %; ;44,2;98,5;23,2;31,3;14,0;2,0;1,0;0,5;0,8;26,2;0,5;0,0;0,0;0,5;
32303;Riedhofschule;1.399;479;475;128;122;76;8;3;1;1;126;4;0;3;3;
 ; in %; ;51,9;99,2;26,9;25,7;16,0;1,7;0,6;0,2;0,2;26,5;0,8;0,0;0,6;0,6;
32603;Riedhofschule;878;252;245;43;88;69;4;1;3;4;23;6;0;2;2;
 ; in %; ;35,2;97,2;17,6;35,9;28,2;1,6;0,4;1,2;1,6;9,4;2,4;0,0;0,8;0,8;
32304;Martin-Buber-Schule;1.525;469;466;116;92;56;7;2;1;0;182;7;0;3;0;
 ; in %; ;46,8;99,4;24,9;19,7;12,0;1,5;0,4;0,2;0,0;39,1;1,5;0,0;0,6;0,0;
32305;Martin-Buber-Schule;1.234;344;338;61;117;49;1;0;0;0;104;5;0;0;1;
 ; in %; ;40,0;98,3;18,0;34,6;14,5;0,3;0,0;0,0;0,0;30,8;1,5;0,0;0,0;0,3;
32601;Konrad-von-Preysing-Haus;1.061;369;361;62;119;91;7;0;2;5;70;5;0;0;0;
 ; in %; ;43,3;97,8;17,2;33,0;25,2;1,9;0,0;0,6;1,4;19,4;1,4;0,0;0,0;0,0;
32602;Konrad-von-Preysing-Haus;1.163;354;344;41;144;59;8;3;0;0;82;2;0;1;4;
 ; in %; ;41,3;97,2;11,9;41,9;17,2;2,3;0,9;0,0;0,0;23,8;0,6;0,0;0,3;1,2;
33201;Oberin-Martha-Keller-Haus;1.228;366;362;90;94;51;5;1;0;1;113;7;0;0;0;
 ; in %; ;46,5;98,9;24,9;26,0;14,1;1,4;0,3;0,0;0,3;31,2;1,9;0,0;0,0;0,0;
33202;Oberin-Martha-Keller-Haus;1.318;407;401;83;98;45;5;2;1;1;160;4;0;0;2;
 ; in %; ;47,6;98,5;20,7;24,4;11,2;1,2;0,5;0,2;0,2;39,9;1,0;0,0;0,0;0,5;
33203;Bürgermeister-Gräf-Haus;556;182;180;51;44;37;1;3;0;2;38;3;0;0;1;
 ; in %; ;47,6;98,9;28,3;24,4;20,6;0,6;1,7;0,0;1,1;21,1;1,7;0,0;0,0;0,6;
33204;Bürgermeister-Gräf-Haus;1.253;360;353;79;105;62;3;4;1;2;86;9;0;2;0;
 ; in %; ;39,7;98,1;22,4;29,7;17,6;0,8;1,1;0,3;0,6;24,4;2,5;0,0;0,6;0,0;
33206;Bürgermeister-Gräf-Haus;877;280;280;76;80;44;2;2;0;1;74;1;0;0;0;
 ; in %; ;49,4;100;27,1;28,6;15,7;0,7;0,7;0,0;0,4;26,4;0,4;0,0;0,0;0,0;
33205;Mühlbergschule Pavillonanlage;1.355;448;438;108;136;85;6;3;0;3;84;11;0;1;1;
 ; in %; ;45,3;97,8;24,7;31,1;19,4;1,4;0,7;0,0;0,7;19,2;2,5;0,0;0,2;0,2;
91401;Briefwahl Sachsenhausen-Süd;0;552;550;120;136;62;4;2;1;1;217;6;0;0;1;
 ; in %; ;0,0;99,6;21,8;24,7;11,3;0,7;0,4;0,2;0,2;39,5;1,1;0,0;0,0;0,2;
91402;Briefwahl Sachsenhausen-Süd;0;536;533;104;123;56;10;3;2;1;225;8;0;0;1;
 ; in %; ;0,0;99,4;19,5;23,1;10,5;1,9;0,6;0,4;0,2;42,2;1,5;0,0;0,0;0,2;
91403;Briefwahl Sachsenhausen-Süd;0;489;487;100;128;50;11;2;2;2;187;3;0;0;2;
 ; in %; ;0,0;99,6;20,5;26,3;10,3;2,3;0,4;0,4;0,4;38,4;0,6;0,0;0,0;0,4;
91404;Briefwahl Sachsenhausen-Süd;0;380;376;61;129;51;8;0;1;3;118;3;1;0;1;
 ; in %; ;0,0;98,9;16,2;34,3;13,6;2,1;0,0;0,3;0,8;31,4;0,8;0,3;0,0;0,3;
91405;Briefwahl Sachsenhausen-Süd;0;500;491;97;133;60;9;1;1;0;186;3;0;0;1;
 ; in %; ;0,0;98,2;19,8;27,1;12,2;1,8;0,2;0,2;0,0;37,9;0,6;0,0;0,0;0,2;
91406;Briefwahl Sachsenhausen-Süd;0;721;718;168;195;92;7;3;1;7;224;15;0;1;5;
 ; in %; ;0,0;99,6;23,4;27,2;12,8;1,0;0,4;0,1;1,0;31,2;2,1;0,0;0,1;0,7;
;Stadtteil Sachsenhausen-Süd ges.;17.932;8.768;8.663;1.903;2.442;1.277;124;45;19;42;2.653;115;1;13;29;
 ; in %; ;48,9;98,8;22,0;28,2;14,7;1,4;0,5;0,2;0,5;30,6;1,3;0,0;0,2;0,3;
;;;;;;;;;;;;;;;;;
;Stadtteil Schwanheim;;;;;;;;;;;;;;;;
53101;August-Gräser-Schule;1.166;356;341;49;141;57;2;5;0;6;72;5;1;1;2;
 ; in %; ;35,4;95,8;14,4;41,3;16,7;0,6;1,5;0,0;1,8;21,1;1,5;0,3;0,3;0,6;
53102;August-Gräser-Schule;1.178;363;350;76;127;54;6;1;3;3;71;8;0;0;1;
 ; in %; ;42,1;96,4;21,7;36,3;15,4;1,7;0,3;0,9;0,9;20,3;2,3;0,0;0,0;0,3;
53103;August-Gräser-Schule;1.108;415;408;77;141;66;10;3;1;7;98;5;0;0;0;
 ; in %; ;46,4;98,3;18,9;34,6;16,2;2,5;0,7;0,2;1,7;24,0;1,2;0,0;0,0;0,0;
53104;Minna-Specht-Schule;1.134;372;365;77;126;54;8;4;1;5;81;8;0;0;1;
 ; in %; ;42,0;98,1;21,1;34,5;14,8;2,2;1,1;0,3;1,4;22,2;2,2;0,0;0,0;0,3;
53105;Minna-Specht-Schule;1.145;331;317;63;129;59;7;0;1;1;51;6;0;0;0;
 ; in %; ;34,2;95,8;19,9;40,7;18,6;2,2;0,0;0,3;0,3;16,1;1,9;0,0;0,0;0,0;
53201;Minna-Specht-Schule;1.139;352;340;42;156;63;10;3;3;5;46;7;0;0;5;
 ; in %; ;37,1;96,6;12,4;45,9;18,5;2,9;0,9;0,9;1,5;13,5;2,1;0,0;0,0;1,5;
53202;Goldsteinschule;1.020;301;291;58;115;38;4;1;4;3;64;3;0;1;0;
 ; in %; ;35,5;96,7;19,9;39,5;13,1;1,4;0,3;1,4;1,0;22,0;1,0;0,0;0,3;0,0;
53203;Goldsteinschule;1.125;325;312;43;151;53;4;2;0;7;52;0;0;0;0;
 ; in %; ;33,4;96,0;13,8;48,4;17,0;1,3;0,6;0,0;2,2;16,7;0,0;0,0;0,0;0,0;
53206;Goldsteinschule;1.093;294;272;33;131;56;3;4;0;3;38;4;0;0;0;
 ; in %; ;30,0;92,5;12,1;48,2;20,6;1,1;1,5;0,0;1,1;14,0;1,5;0,0;0,0;0,0;
53204;Saalbau Haus Goldstein;1.212;398;388;59;184;37;11;3;3;5;77;9;0;0;0;
 ; in %; ;43,4;97,5;15,2;47,4;9,5;2,8;0,8;0,8;1,3;19,8;2,3;0,0;0,0;0,0;
53205;Saalbau Haus Goldstein;1.054;299;285;28;137;62;4;3;2;2;40;5;0;0;2;
 ; in %; ;32,6;95,3;9,8;48,1;21,8;1,4;1,1;0,7;0,7;14,0;1,8;0,0;0,0;0,7;
91801;Briefwahl Schwanheim;0;574;562;110;185;85;25;5;7;4;125;10;0;1;5;
 ; in %; ;0,0;97,9;19,6;32,9;15,1;4,4;0,9;1,2;0,7;22,2;1,8;0,0;0,2;0,9;
91802;Briefwahl Schwanheim;0;555;539;89;241;55;9;4;2;8;123;7;0;1;0;
 ; in %; ;0,0;97,1;16,5;44,7;10,2;1,7;0,7;0,4;1,5;22,8;1,3;0,0;0,2;0,0;
;Stadtteil Schwanheim ges.;12.374;4.935;4.770;804;1.964;739;103;38;27;59;938;77;1;4;16;
 ; in %; ;39,9;96,7;16,9;41,2;15,5;2,2;0,8;0,6;1,2;19,7;1,6;0,0;0,1;0,3;
;;;;;;;;;;;;;;;;;
;Stadtteil Seckbach;;;;;;;;;;;;;;;;
39001;Henry und Emma Budge-Stiftung;778;272;261;55;96;39;4;1;0;1;56;7;0;0;2;
 ; in %; ;43,8;96,0;21,1;36,8;14,9;1,5;0,4;0,0;0,4;21,5;2,7;0,0;0,0;0,8;
39007;Berufsgenossenschaft der Bauwirtschaft;239;90;89;22;26;20;5;3;0;0;13;0;0;0;0;
 ; in %; ;44,6;98,9;24,7;29,2;22,5;5,6;3,4;0,0;0,0;14,6;0,0;0,0;0,0;0,0;
39004;Hufelandhaus Schulraum;1.112;360;348;73;124;76;4;4;4;5;49;8;1;0;0;
 ; in %; ;42,2;96,7;21,0;35,6;21,8;1,1;1,1;1,1;1,4;14,1;2,3;0,3;0,0;0,0;
39006;Friedrich-Ebert-Schule;943;344;334;60;130;66;5;5;3;1;59;3;0;1;1;
 ; in %; ;45,2;97,1;18,0;38,9;19,8;1,5;1,5;0,9;0,3;17,7;0,9;0,0;0,3;0,3;
39002;Zentgrafenschule;1.096;430;420;111;142;62;9;3;0;1;77;13;0;0;2;
 ; in %; ;50,9;97,7;26,4;33,8;14,8;2,1;0,7;0,0;0,2;18,3;3,1;0,0;0,0;0,5;
39005;Zentgrafenschule;1.339;492;485;131;168;66;6;1;0;3;102;8;0;0;0;
 ; in %; ;51,7;98,6;27,0;34,6;13,6;1,2;0,2;0,0;0,6;21,0;1,6;0,0;0,0;0,0;
39003;Pestalozzischule;528;153;148;22;58;44;6;1;1;1;13;0;1;0;1;
 ; in %; ;31,0;96,7;14,9;39,2;29,7;4,1;0,7;0,7;0,7;8,8;0,0;0,7;0,0;0,7;
93401;Briefwahl Seckbach;0;383;378;108;124;57;4;0;1;2;73;6;0;0;3;
 ; in %; ;0,0;98,7;28,6;32,8;15,1;1,1;0,0;0,3;0,5;19,3;1,6;0,0;0,0;0,8;
93402;Briefwahl Seckbach;0;336;331;67;98;66;5;2;0;4;81;7;0;0;1;
 ; in %; ;0,0;98,5;20,2;29,6;19,9;1,5;0,6;0,0;1,2;24,5;2,1;0,0;0,0;0,3;
;Stadtteil Seckbach ges.;6.035;2.860;2.794;649;966;496;48;20;9;18;523;52;2;1;10;
 ; in %; ;47,4;97,7;23,2;34,6;17,8;1,7;0,7;0,3;0,6;18,7;1,9;0,1;0,0;0,4;
;;;;;;;;;;;;;;;;;
;Stadtteil Sindlingen;;;;;;;;;;;;;;;;
60101;Ev. Gemeindehaus Sindlingen;924;242;229;27;105;42;2;6;4;6;26;6;0;1;4;
 ; in %; ;29,2;94,6;11,8;45,9;18,3;0,9;2,6;1,7;2,6;11,4;2,6;0,0;0,4;1,7;
60102;Meisterschule;965;324;314;59;124;38;6;6;4;8;63;6;0;0;0;
 ; in %; ;40,4;96,9;18,8;39,5;12,1;1,9;1,9;1,3;2,5;20,1;1,9;0,0;0,0;0,0;
60103;Gemeindehaus St. Dionysius;855;272;268;58;105;46;5;2;4;4;41;3;0;0;0;
 ; in %; ;39,0;98,5;21,6;39,2;17,2;1,9;0,7;1,5;1,5;15,3;1,1;0,0;0,0;0,0;
60201;Ludwig-Weber-Schule;1.185;394;383;40;188;69;21;5;3;1;51;4;0;1;0;
 ; in %; ;38,6;97,2;10,4;49,1;18,0;5,5;1,3;0,8;0,3;13,3;1,0;0,0;0,3;0,0;
60202;Ludwig-Weber-Schule;1.002;305;288;31;162;50;6;1;4;2;23;7;0;2;0;
 ; in %; ;33,5;94,4;10,8;56,3;17,4;2,1;0,3;1,4;0,7;8,0;2,4;0,0;0,7;0,0;
93800;Briefwahl Sindlingen;0;342;332;46;151;45;10;3;1;6;59;6;1;1;3;
 ; in %; ;0,0;97,1;13,9;45,5;13,6;3,0;0,9;0,3;1,8;17,8;1,8;0,3;0,3;0,9;
;Stadtteil Sindlingen ges.;4.931;1.879;1.814;261;835;290;50;23;20;27;263;32;1;5;7;
 ; in %; ;38,1;96,5;14,4;46,0;16,0;2,8;1,3;1,1;1,5;14,5;1,8;0,1;0,3;0,4;
;;;;;;;;;;;;;;;;;
;Stadtteil Sossenheim;;;;;;;;;;;;;;;;
63101;Saalbau Volkshaus Sossenheim;1.243;397;393;62;128;89;10;3;1;4;82;13;0;1;0;
 ; in %; ;38,9;99,0;15,8;32,6;22,6;2,5;0,8;0,3;1,0;20,9;3,3;0,0;0,3;0,0;
63201;Saalbau Volkshaus Sossenheim;1.190;278;272;31;144;42;8;4;2;2;34;4;0;0;1;
 ; in %; ;27,7;97,8;11,4;52,9;15,4;2,9;1,5;0,7;0,7;12,5;1,5;0,0;0,0;0,4;
63203;Saalbau Volkshaus Sossenheim;1.127;306;298;27;149;58;4;5;1;7;43;3;0;1;0;
 ; in %; ;30,3;97,4;9,1;50,0;19,5;1,3;1,7;0,3;2,3;14,4;1,0;0,0;0,3;0,0;
63102;Eduard-Spranger-Schule;1.225;380;370;65;143;56;17;1;2;4;67;14;0;1;0;
 ; in %; ;37,2;97,4;17,6;38,6;15,1;4,6;0,3;0,5;1,1;18,1;3,8;0,0;0,3;0,0;
63103;Eduard-Spranger-Schule;1.147;341;327;34;161;51;12;5;2;3;47;10;0;0;2;
 ; in %; ;34,2;95,9;10,4;49,2;15,6;3,7;1,5;0,6;0,9;14,4;3,1;0,0;0,0;0,6;
63104;Victor-Gollancz-Haus;1.111;333;316;51;121;77;4;3;3;8;42;5;0;0;2;
 ; in %; ;34,2;94,9;16,1;38,3;24,4;1,3;0,9;0,9;2,5;13,3;1,6;0,0;0,0;0,6;
63202;Albrecht-Dürer-Schule;1.172;311;305;43;122;41;5;3;0;7;72;9;0;0;3;
 ; in %; ;32,3;98,1;14,1;40,0;13,4;1,6;1,0;0,0;2,3;23,6;3,0;0,0;0,0;1,0;
94101;Briefwahl Sossenheim;0;315;306;56;105;42;12;4;2;4;76;2;0;0;3;
 ; in %; ;0,0;97,1;18,3;34,3;13,7;3,9;1,3;0,7;1,3;24,8;0,7;0,0;0,0;1,0;
94102;Briefwahl Sossenheim;0;256;250;47;88;42;8;2;2;5;53;3;0;0;0;
 ; in %; ;0,0;97,7;18,8;35,2;16,8;3,2;0,8;0,8;2,0;21,2;1,2;0,0;0,0;0,0;
;Stadtteil Sossenheim ges.;8.215;2.917;2.837;416;1.161;498;80;30;15;44;516;63;0;3;11;
 ; in %; ;35,5;97,3;14,7;40,9;17,6;2,8;1,1;0,5;1,6;18,2;2,2;0,0;0,1;0,4;
;;;;;;;;;;;;;;;;;
;Stadtteil Unterliederbach;;;;;;;;;;;;;;;;
62101;Ludwig-Erhard-Schule;1.247;442;431;86;160;74;13;3;1;4;75;15;0;0;0;
 ; in %; ;42,1;97,5;20,0;37,1;17,2;3,0;0,7;0,2;0,9;17,4;3,5;0,0;0,0;0,0;
62102;Ludwig-Erhard-Schule;1.269;403;401;83;139;74;10;1;2;2;75;11;0;0;4;
 ; in %; ;39,2;99,5;20,7;34,7;18,5;2,5;0,2;0,5;0,5;18,7;2,7;0,0;0,0;1,0;
62103;Frankf. Schule für Bekleidung und Mode;1.211;454;444;101;153;62;6;3;1;5;101;10;0;1;1;
 ; in %; ;46,8;97,8;22,7;34,5;14,0;1,4;0,7;0,2;1,1;22,7;2,3;0,0;0,2;0,2;
62104;Karl-von-Ibell-Schule;1.420;544;531;84;217;98;14;5;5;11;90;6;0;0;1;
 ; in %; ;45,2;97,6;15,8;40,9;18,5;2,6;0,9;0,9;2,1;16,9;1,1;0,0;0,0;0,2;
62201;Karl-Oppermann-Schule;1.005;287;278;26;132;57;10;2;0;3;39;7;0;0;2;
 ; in %; ;31,4;96,9;9,4;47,5;20,5;3,6;0,7;0,0;1,1;14,0;2,5;0,0;0,0;0,7;
62202;Walter-Kolb-Schule;1.207;392;386;53;177;72;5;1;5;5;52;13;0;1;2;
 ; in %; ;37,3;98,5;13,7;45,9;18,7;1,3;0,3;1,3;1,3;13,5;3,4;0,0;0,3;0,5;
62203;Walter-Kolb-Schule;1.335;400;381;44;198;75;6;8;2;5;32;8;0;2;1;
 ; in %; ;33,6;95,3;11,5;52,0;19,7;1,6;2,1;0,5;1,3;8,4;2,1;0,0;0,5;0,3;
94001;Briefwahl Unterliederbach;0;477;466;88;165;63;6;0;1;9;119;11;0;0;4;
 ; in %; ;0,0;97,7;18,9;35,4;13,5;1,3;0,0;0,2;1,9;25,5;2,4;0,0;0,0;0,9;
94002;Briefwahl Unterliederbach;0;206;202;33;90;33;1;1;1;5;37;1;0;0;0;
 ; in %; ;0,0;98,1;16,3;44,6;16,3;0,5;0,5;0,5;2,5;18,3;0,5;0,0;0,0;0,0;
;Stadtteil Unterliederbach ges.;8.694;3.605;3.520;598;1.431;608;71;24;18;49;620;82;0;4;15;
 ; in %; ;41,5;97,6;17,0;40,7;17,3;2,0;0,7;0,5;1,4;17,6;2,3;0,0;0,1;0,4;
;;;;;;;;;;;;;;;;;
;Stadtteil Westend-Nord;;;;;;;;;;;;;;;;
19101;Lessing-Gymnasium;1.091;393;393;117;85;53;0;5;0;0;132;0;0;0;1;
 ; in %; ;55,0;100;29,8;21,6;13,5;0,0;1,3;0,0;0,0;33,6;0,0;0,0;0,0;0,3;
19102;Lessing-Gymnasium;1.122;390;385;96;76;69;1;2;0;1;136;3;0;0;1;
 ; in %; ;51,9;98,7;24,9;19,7;17,9;0,3;0,5;0,0;0,3;35,3;0,8;0,0;0,0;0,3;
19103;Lessing-Gymnasium;1.281;371;368;97;77;38;0;4;1;1;147;2;0;0;1;
 ; in %; ;46,3;99,2;26,4;20,9;10,3;0,0;1,1;0,3;0,3;39,9;0,5;0,0;0,0;0,3;
19201;Jugend- und Sozialamt;1.166;429;424;102;137;83;5;3;0;2;87;5;0;0;0;
 ; in %; ;46,8;98,8;24,1;32,3;19,6;1,2;0,7;0,0;0,5;20,5;1,2;0,0;0,0;0,0;
19202;Jugend- und Sozialamt;1.208;379;371;78;149;52;2;0;1;1;79;6;1;1;1;
 ; in %; ;40,5;97,9;21,0;40,2;14,0;0,5;0,0;0,3;0,3;21,3;1,6;0,3;0,3;0,3;
90501;Briefwahl Westend-Nord;0;462;457;111;82;51;3;0;0;0;203;7;0;0;0;
 ; in %; ;0,0;98,9;24,3;17,9;11,2;0,7;0,0;0,0;0,0;44,4;1,5;0,0;0,0;0,0;
90502;Briefwahl Westend-Nord;0;611;609;143;123;86;6;3;1;1;236;10;0;0;0;
 ; in %; ;0,0;99,7;23,5;20,2;14,1;1,0;0,5;0,2;0,2;38,8;1,6;0,0;0,0;0,0;
;Stadtteil Westend-Nord ges.;5.868;3.035;3.007;744;729;432;17;17;3;6;1.020;33;1;1;4;
 ; in %; ;51,7;99,1;24,7;24,2;14,4;0,6;0,6;0,1;0,2;33,9;1,1;0,0;0,0;0,1;
;;;;;;;;;;;;;;;;;
;Stadtteil Westend-Süd;;;;;;;;;;;;;;;;
10001;Goethe-Gymnasium;1.293;404;400;88;78;34;2;0;0;2;190;5;0;0;1;
 ; in %; ;48,8;99,0;22,0;19,5;8,5;0,5;0,0;0,0;0,5;47,5;1,3;0,0;0,0;0,3;
17002;Goethe-Gymnasium;955;274;273;49;66;34;1;2;0;0;115;4;0;0;2;
 ; in %; ;44,9;99,6;17,9;24,2;12,5;0,4;0,7;0,0;0,0;42,1;1,5;0,0;0,0;0,7;
17003;Goethe-Gymnasium;856;269;267;80;57;35;0;1;0;0;87;6;1;0;0;
 ; in %; ;47,8;99,3;30,0;21,3;13,1;0,0;0,4;0,0;0,0;32,6;2,2;0,4;0,0;0,0;
17001;Elsa-Brändström-Schule;1.223;373;370;74;82;37;1;2;0;2;168;3;0;1;0;
 ; in %; ;47,6;99,2;20,0;22,2;10,0;0,3;0,5;0,0;0,5;45,4;0,8;0,0;0,3;0,0;
10002;Bettinaschule;1.252;386;385;84;74;42;3;0;1;2;177;2;0;0;0;
 ; in %; ;46,0;99,7;21,8;19,2;10,9;0,8;0,0;0,3;0,5;46,0;0,5;0,0;0,0;0,0;
18002;Bettinaschule;1.234;415;414;101;90;45;4;0;0;0;172;2;0;0;0;
 ; in %; ;52,2;99,8;24,4;21,7;10,9;1,0;0,0;0,0;0,0;41,5;0,5;0,0;0,0;0,0;
18003;Bettinaschule;1.289;379;372;75;49;42;2;1;0;0;197;3;0;0;3;
 ; in %; ;48,3;98,2;20,2;13,2;11,3;0,5;0,3;0,0;0,0;53,0;0,8;0,0;0,0;0,8;
11001;Anna-Schmidt-Schule;1.027;320;318;75;67;56;2;0;1;0;113;3;0;0;1;
 ; in %; ;50,4;99,4;23,6;21,1;17,6;0,6;0,0;0,3;0,0;35,5;0,9;0,0;0,0;0,3;
11002;Anna-Schmidt-Schule;982;328;325;87;86;37;1;3;0;1;106;3;0;0;1;
 ; in %; ;51,5;99,1;26,8;26,5;11,4;0,3;0,9;0,0;0,3;32,6;0,9;0,0;0,0;0,3;
18001;Lessing-Gymnasium;1.255;428;423;101;102;68;3;0;0;1;142;5;0;0;1;
 ; in %; ;53,8;98,8;23,9;24,1;16,1;0,7;0,0;0,0;0,2;33,6;1,2;0,0;0,0;0,2;
90401;Briefwahl Westend-Süd;0;518;517;107;91;36;5;1;0;1;268;7;0;0;1;
 ; in %; ;0,0;99,8;20,7;17,6;7,0;1,0;0,2;0,0;0,2;51,8;1,4;0,0;0,0;0,2;
90402;Briefwahl Westend-Süd;0;407;407;78;65;37;3;2;0;1;213;7;0;0;1;
 ; in %; ;0,0;100;19,2;16,0;9,1;0,7;0,5;0,0;0,2;52,3;1,7;0,0;0,0;0,2;
90403;Briefwahl Westend-Süd;0;463;460;93;85;52;4;1;0;2;220;2;0;1;0;
 ; in %; ;0,0;99,4;20,2;18,5;11,3;0,9;0,2;0,0;0,4;47,8;0,4;0,0;0,2;0,0;
90404;Briefwahl Westend-Süd;0;458;451;90;58;40;4;1;2;0;251;2;0;0;3;
 ; in %; ;0,0;98,5;20,0;12,9;8,9;0,9;0,2;0,4;0,0;55,7;0,4;0,0;0,0;0,7;
90405;Briefwahl Westend-Süd;0;542;540;124;96;52;1;0;0;2;261;2;1;0;1;
 ; in %; ;0,0;99,6;23,0;17,8;9,6;0,2;0,0;0,0;0,4;48,3;0,4;0,2;0,0;0,2;
;Stadtteil Westend-Süd ges.;11.366;5.964;5.922;1.306;1.146;647;36;14;4;14;2.680;56;2;2;15;
 ; in %; ;52,5;99,3;22,1;19,4;10,9;0,6;0,2;0,1;0,2;45,3;0,9;0,0;0,0;0,3;
;;;;;;;;;;;;;;;;;
;Stadtteil Zeilsheim;;;;;;;;;;;;;;;;
60401;Adolf-Reichwein-Schule;1.282;358;348;54;167;52;8;6;1;3;50;7;0;0;0;
 ; in %; ;33,5;97,2;15,5;48,0;14,9;2,3;1,7;0,3;0,9;14,4;2,0;0,0;0,0;0,0;
61201;Adolf-Reichwein-Schule;1.304;325;309;46;127;67;10;4;5;5;38;7;0;0;0;
 ; in %; ;29,2;95,1;14,9;41,1;21,7;3,2;1,3;1,6;1,6;12,3;2,3;0,0;0,0;0,0;
61202;Adolf-Reichwein-Schule;1.248;343;327;31;169;56;9;3;1;6;45;5;0;1;1;
 ; in %; ;30,0;95,3;9,5;51,7;17,1;2,8;0,9;0,3;1,8;13,8;1,5;0,0;0,3;0,3;
61101;Käthe-Kollwitz-Schule;1.039;302;294;53;125;38;9;3;1;0;55;8;0;0;2;
 ; in %; ;36,0;97,4;18,0;42,5;12,9;3,1;1,0;0,3;0,0;18,7;2,7;0,0;0,0;0,7;
61102;Käthe-Kollwitz-Schule;962;357;351;54;157;55;8;3;2;3;59;9;1;0;0;
 ; in %; ;43,9;98,3;15,4;44,7;15,7;2,3;0,9;0,6;0,9;16,8;2,6;0,3;0,0;0,0;
61103;Käthe-Kollwitz-Schule;955;305;293;37;151;41;9;1;1;5;43;5;0;0;0;
 ; in %; ;38,8;96,1;12,6;51,5;14,0;3,1;0,3;0,3;1,7;14,7;1,7;0,0;0,0;0,0;
93900;Briefwahl Zeilsheim;0;490;478;76;193;60;17;3;3;7;108;5;0;1;5;
 ; in %; ;0,0;97,6;15,9;40,4;12,6;3,6;0,6;0,6;1,5;22,6;1,0;0,0;0,2;1,0;
;Stadtteil Zeilsheim ges.;6.790;2.480;2.400;351;1.089;369;70;23;14;29;398;46;1;2;8;
 ; in %; ;36,5;96,8;14,6;45,4;15,4;2,9;1,0;0,6;1,2;16,6;1,9;0,0;0,1;0,3;
;;;;;;;;;;;;;;;;;
;Summe;;;;;;;;;;;;;;;;
00000;Gesamt;423.717;205.307;202.073;45.890;63.254;37.238;2.976;1.454;580;1.461;44.325;3.820;61;248;766;
 ; in %; ;48,5;98,4;22,7;31,3;18,4;1,5;0,7;0,3;0,7;21,9;1,9;0,0;0,1;0,4;
